2026-08-29T20:03:50.5726699Z Current runner version: '2.336.0'
2026-08-29T20:03:50.5733100Z Runner name: 'linux-aarch64-a3-0-dnlzn-runner-8p62r'
2026-08-29T20:03:50.5733960Z Runner group name: 'Default'
2026-08-29T20:03:50.5734884Z Machine name: 'linux-aarch64-a3-0-dnlzn-runner-8p62r'
2026-08-29T20:03:50.5737903Z ##[group]GITHUB_TOKEN Permissions
2026-08-29T20:03:50.5740142Z Contents: read
2026-08-29T20:03:50.5740809Z Issues: read
2026-08-29T20:03:50.5741434Z Metadata: read
2026-08-29T20:03:50.5741987Z PullRequests: read
2026-08-29T20:03:50.5742714Z ##[endgroup]
2026-08-29T20:03:50.5744975Z Secret source: Actions
2026-08-29T20:03:50.5745988Z Prepare workflow directory
2026-08-29T20:03:50.6433844Z Prepare all required actions
2026-08-29T20:03:50.6479445Z Getting action download info
2026-08-29T20:03:51.5883981Z Download action repository 'actions/checkout@v7' (SHA:3d3c42e5aac5ba805825da76410c181273ba90b1)
2026-08-29T20:03:54.9423421Z Download action repository 'ascend-gha-runners/artifact@v0.3' (SHA:1b30485187fb8bbbdd297375647fdecf73b9e0f9)
2026-08-29T20:03:55.7180783Z Download action repository 'actions/upload-artifact@v7' (SHA:043fb46d1a93c77aae656e7c1c64a875d1fc6a0a)
2026-08-29T20:03:58.7053222Z Uses: vllm-project/vllm-ascend/.github/workflows/_e2e_nightly_multi_node.yaml@refs/heads/main (e6a133f710c54e84cefcd29be46678c50008e8ea)
2026-08-29T20:03:58.7058402Z ##[group] Inputs
2026-08-29T20:03:58.7058947Z   soc_version: a3
2026-08-29T20:03:58.7059326Z   runner: linux-aarch64-a3-0
2026-08-29T20:03:58.7059993Z   image: swr.cn-southwest-2.myhuaweicloud.com/base_image/ascend-ci/vllm-ascend:nightly-ci-main-a3
2026-08-29T20:03:58.7060614Z   config_file_path: DeepSeek_V3.2T_MTP2_PD.yaml
2026-08-29T20:03:58.7061142Z   config_base_path: tests/e2e/weekly/multi_node/external_dp/config
2026-08-29T20:03:58.7061767Z   test_frequency: weekly
2026-08-29T20:03:58.7062282Z   replicas: 1
2026-08-29T20:03:58.7062664Z   size: 4
2026-08-29T20:03:58.7063118Z   vllm_ascend_remote_url: https://github.com/vllm-project/vllm-ascend.git
2026-08-29T20:03:58.7063833Z   vllm_ascend_ref: e6a133f710c54e84cefcd29be46678c50008e8ea
2026-08-29T20:03:58.7064805Z   should_run: true
2026-08-29T20:03:58.7065229Z   ascend_log_prefix: /root/.cache/ascend-logs/main
2026-08-29T20:03:58.7065703Z   name: DeepSeek_V3.2T_MTP2_PD
2026-08-29T20:03:58.7066086Z   vllm_ascend_branch: main
2026-08-29T20:03:58.7066421Z   request_id: 
2026-08-29T20:03:58.7066767Z   testcase_timeout: 600
2026-08-29T20:03:58.7067122Z   aop_multi_enabled: false
2026-08-29T20:03:58.7067484Z   bisect_good_commit: 
2026-08-29T20:03:58.7067846Z   bisect_bad_commit: HEAD
2026-08-29T20:03:58.7068275Z   bisect_fail_confirm_retries: 
2026-08-29T20:03:58.7068682Z   bisect_trial_timeout: 
2026-08-29T20:03:58.7069026Z   bisect_barrier_timeout: 
2026-08-29T20:03:58.7069415Z   bisect_no_verify_good: false
2026-08-29T20:03:58.7069784Z   bisect_no_verify_bad: false
2026-08-29T20:03:58.7070175Z   bisect_force_initial_build: false
2026-08-29T20:03:58.7070741Z   bisect_config_base_path: tests/e2e/weekly/multi_node/external_dp/config
2026-08-29T20:03:58.7071331Z   test_cases: all
2026-08-29T20:03:58.7072001Z   skip_build_image: true
2026-08-29T20:03:58.7072636Z   aop_enabled: false
2026-08-29T20:03:58.7072958Z   build_type: release
2026-08-29T20:03:58.7073433Z   base_image_tag: {"cann_version":"2026.08.03","base_image_date":"auto"}
2026-08-29T20:03:58.7073938Z   bisect_args_json: {}
2026-08-29T20:03:58.7074324Z ##[endgroup]
2026-08-29T20:03:58.7075019Z Complete job name: multi-node (main, DeepSeek_V3.2T_MTP2_PD, DeepSeek_V3.2T_MTP2_PD.yaml, tests/e2e/weekly/multi_nod... / DeepSeek_V3.2T_MTP2_PD.yaml
2026-08-29T20:03:58.7920315Z ##[group]Run '/home/runner/k8s/index.js'
2026-08-29T20:03:58.7923883Z shell: /home/runner/externals/node20/bin/node {0}
2026-08-29T20:03:58.7924632Z ##[endgroup]
2026-08-29T20:04:06.3606515Z (node:125) [DEP0005] DeprecationWarning: Buffer() is deprecated due to security and usability issues. Please use the Buffer.alloc(), Buffer.allocUnsafe(), or Buffer.from() methods instead.
2026-08-29T20:04:06.3607612Z (Use `node --trace-deprecation ...` to show where the warning was created)
2026-08-29T20:04:07.3571085Z ##[group]Run echo "***" | base64 -d > "$KUBECONFIG"
2026-08-29T20:04:07.3624671Z [36;1mecho "***" | base64 -d > "$KUBECONFIG"[0m
2026-08-29T20:04:07.3625370Z shell: bash -el {0}
2026-08-29T20:04:07.3625623Z ##[endgroup]
2026-08-29T20:04:07.3758545Z ##[group]Run '/home/runner/k8s/index.js'
2026-08-29T20:04:07.3759572Z shell: /home/runner/externals/node20/bin/node {0}
2026-08-29T20:04:07.3759924Z ##[endgroup]
2026-08-29T20:04:07.8176650Z (node:306) [DEP0005] DeprecationWarning: Buffer() is deprecated due to security and usability issues. Please use the Buffer.alloc(), Buffer.allocUnsafe(), or Buffer.from() methods instead.
2026-08-29T20:04:07.8177739Z (Use `node --trace-deprecation ...` to show where the warning was created)
2026-08-29T20:04:08.2095616Z ##[group]Run actions/checkout@v7
2026-08-29T20:04:08.2096027Z with:
2026-08-29T20:04:08.2096311Z   repository: vllm-project/vllm-ascend
2026-08-29T20:04:08.2099582Z   token: ***
2026-08-29T20:04:08.2099890Z   ssh-strict: true
2026-08-29T20:04:08.2100117Z   ssh-user: git
2026-08-29T20:04:08.2100352Z   persist-credentials: true
2026-08-29T20:04:08.2100636Z   clean: true
2026-08-29T20:04:08.2100896Z   sparse-checkout-cone-mode: true
2026-08-29T20:04:08.2101189Z   fetch-depth: 1
2026-08-29T20:04:08.2101434Z   fetch-tags: false
2026-08-29T20:04:08.2101768Z   show-progress: true
2026-08-29T20:04:08.2102014Z   lfs: false
2026-08-29T20:04:08.2102488Z   submodules: false
2026-08-29T20:04:08.2102732Z   set-safe-directory: true
2026-08-29T20:04:08.2103021Z   allow-unsafe-pr-checkout: false
2026-08-29T20:04:08.2103312Z ##[endgroup]
2026-08-29T20:04:08.2162010Z ##[group]Run '/home/runner/k8s/index.js'
2026-08-29T20:04:08.2163229Z shell: /home/runner/externals/node20/bin/node {0}
2026-08-29T20:04:08.2163659Z ##[endgroup]
2026-08-29T20:04:08.6549887Z (node:340) [DEP0005] DeprecationWarning: Buffer() is deprecated due to security and usability issues. Please use the Buffer.alloc(), Buffer.allocUnsafe(), or Buffer.from() methods instead.
2026-08-29T20:04:08.6551034Z (Use `node --trace-deprecation ...` to show where the warning was created)
2026-08-29T20:04:08.9521275Z Syncing repository: vllm-project/vllm-ascend
2026-08-29T20:04:08.9523019Z ##[group]Getting Git version info
2026-08-29T20:04:08.9523445Z Working directory is '/__w/vllm-ascend/vllm-ascend'
2026-08-29T20:04:08.9524024Z [command]/usr/bin/git version
2026-08-29T20:04:08.9524295Z git version 2.34.1
2026-08-29T20:04:08.9525989Z ##[endgroup]
2026-08-29T20:04:08.9529609Z Copying '/root/.gitconfig' to '/__w/_temp/66b0bbb9-c351-45d5-9886-e50ea58af463/.gitconfig'
2026-08-29T20:04:08.9531417Z Temporarily overriding HOME='/__w/_temp/66b0bbb9-c351-45d5-9886-e50ea58af463' before making global git config changes
2026-08-29T20:04:08.9532456Z Adding repository directory to the temporary git global config as a safe directory
2026-08-29T20:04:08.9543472Z [command]/usr/bin/git config --global --add safe.directory /__w/vllm-ascend/vllm-ascend
2026-08-29T20:04:08.9571971Z Deleting the contents of '/__w/vllm-ascend/vllm-ascend'
2026-08-29T20:04:08.9575312Z ##[group]Determining repository object format
2026-08-29T20:04:08.9576724Z ##[endgroup]
2026-08-29T20:04:08.9577141Z ##[group]Initializing the repository
2026-08-29T20:04:08.9581038Z [command]/usr/bin/git init /__w/vllm-ascend/vllm-ascend
2026-08-29T20:04:08.9607074Z hint: Using 'master' as the name for the initial branch. This default branch name
2026-08-29T20:04:08.9607692Z hint: is subject to change. To configure the initial branch name to use in all
2026-08-29T20:04:08.9608264Z hint: of your new repositories, which will suppress this warning, call:
2026-08-29T20:04:08.9608670Z hint: 
2026-08-29T20:04:08.9613640Z hint: 	git config --global init.defaultBranch <name>
2026-08-29T20:04:08.9613973Z hint: 
2026-08-29T20:04:08.9614323Z hint: Names commonly chosen instead of 'master' are 'main', 'trunk' and
2026-08-29T20:04:08.9614857Z hint: 'development'. The just-created branch can be renamed via this command:
2026-08-29T20:04:08.9615562Z hint: 
2026-08-29T20:04:08.9615790Z hint: 	git branch -m <name>
2026-08-29T20:04:08.9616174Z Initialized empty Git repository in /__w/vllm-ascend/vllm-ascend/.git/
2026-08-29T20:04:08.9623058Z [command]/usr/bin/git remote add origin https://github.com/vllm-project/vllm-ascend
2026-08-29T20:04:08.9653844Z ##[endgroup]
2026-08-29T20:04:08.9654264Z ##[group]Disabling automatic garbage collection
2026-08-29T20:04:08.9658276Z [command]/usr/bin/git config --local gc.auto 0
2026-08-29T20:04:08.9684133Z ##[endgroup]
2026-08-29T20:04:08.9684506Z ##[group]Setting up auth
2026-08-29T20:04:08.9684820Z Removing SSH command configuration
2026-08-29T20:04:08.9690604Z [command]/usr/bin/git config --local --name-only --get-regexp core\.sshCommand
2026-08-29T20:04:08.9719067Z [command]/usr/bin/git submodule foreach --recursive sh -c "git config --local --name-only --get-regexp 'core\.sshCommand' && git config --local --unset-all 'core.sshCommand' || :"
2026-08-29T20:04:08.9888093Z Removing HTTP extra header
2026-08-29T20:04:08.9892923Z [command]/usr/bin/git config --local --name-only --get-regexp http\.https\:\/\/github\.com\/\.extraheader
2026-08-29T20:04:08.9921039Z [command]/usr/bin/git submodule foreach --recursive sh -c "git config --local --name-only --get-regexp 'http\.https\:\/\/github\.com\/\.extraheader' && git config --local --unset-all 'http.https://github.com/.extraheader' || :"
2026-08-29T20:04:09.0089690Z Removing includeIf entries pointing to credentials config files
2026-08-29T20:04:09.0093147Z [command]/usr/bin/git config --local --name-only --get-regexp ^includeIf\.gitdir:
2026-08-29T20:04:09.0120008Z [command]/usr/bin/git submodule foreach --recursive git config --local --show-origin --name-only --get-regexp remote.origin.url
2026-08-29T20:04:09.0291617Z [command]/usr/bin/git config --file /__w/_temp/git-credentials-bec915cc-37ab-4216-88f5-3c94042bc537.config http.https://github.com/.extraheader AUTHORIZATION: basic ***
2026-08-29T20:04:09.0333626Z [command]/usr/bin/git config --local includeIf.gitdir:/__w/vllm-ascend/vllm-ascend/.git.path /__w/_temp/git-credentials-bec915cc-37ab-4216-88f5-3c94042bc537.config
2026-08-29T20:04:09.0361241Z [command]/usr/bin/git config --local includeIf.gitdir:/__w/vllm-ascend/vllm-ascend/.git/worktrees/*.path /__w/_temp/git-credentials-bec915cc-37ab-4216-88f5-3c94042bc537.config
2026-08-29T20:04:09.0388403Z [command]/usr/bin/git config --local includeIf.gitdir:/github/workspace/.git.path /github/runner_temp/git-credentials-bec915cc-37ab-4216-88f5-3c94042bc537.config
2026-08-29T20:04:09.0415711Z [command]/usr/bin/git config --local includeIf.gitdir:/github/workspace/.git/worktrees/*.path /github/runner_temp/git-credentials-bec915cc-37ab-4216-88f5-3c94042bc537.config
2026-08-29T20:04:09.0440149Z ##[endgroup]
2026-08-29T20:04:09.0440601Z ##[group]Fetching the repository
2026-08-29T20:04:09.0447086Z [command]/usr/bin/git -c protocol.version=2 fetch --no-tags --prune --no-recurse-submodules --depth=1 origin +e6a133f710c54e84cefcd29be46678c50008e8ea:refs/remotes/origin/main
2026-08-29T20:04:09.8642510Z warning: redirecting to http://git-cdn-service.git-cdn.svc.cluster.local:8000/vllm-project/vllm-ascend.git/
2026-08-29T20:04:12.0600426Z From http://git-cdn-service.git-cdn.svc.cluster.local:8000/vllm-project/vllm-ascend
2026-08-29T20:04:12.0601072Z  * [new ref]         e6a133f710c54e84cefcd29be46678c50008e8ea -> origin/main
2026-08-29T20:04:12.0619655Z [command]/usr/bin/git branch --list --remote origin/main
2026-08-29T20:04:12.0642589Z   origin/main
2026-08-29T20:04:12.0651588Z [command]/usr/bin/git rev-parse refs/remotes/origin/main
2026-08-29T20:04:12.0717095Z e6a133f710c54e84cefcd29be46678c50008e8ea
2026-08-29T20:04:12.0718313Z ##[endgroup]
2026-08-29T20:04:12.0718997Z ##[group]Determining the checkout info
2026-08-29T20:04:12.0719694Z ##[endgroup]
2026-08-29T20:04:12.0719996Z [command]/usr/bin/git sparse-checkout disable
2026-08-29T20:04:12.0720887Z [command]/usr/bin/git config --local --unset-all extensions.worktreeConfig
2026-08-29T20:04:12.0744012Z ##[group]Checking out the ref
2026-08-29T20:04:12.0748131Z [command]/usr/bin/git checkout --progress --force -B main refs/remotes/origin/main
2026-08-29T20:04:12.3267246Z Switched to a new branch 'main'
2026-08-29T20:04:12.3267789Z Branch 'main' set up to track remote branch 'main' from 'origin'.
2026-08-29T20:04:12.3283914Z ##[endgroup]
2026-08-29T20:04:12.3318949Z [command]/usr/bin/git log -1 --format=%H
2026-08-29T20:04:12.3341439Z e6a133f710c54e84cefcd29be46678c50008e8ea
2026-08-29T20:04:13.6046532Z ##[group]Run # Derive a unique, valid k8s resource name from config_file_path.
2026-08-29T20:04:13.6047183Z [36;1m# Derive a unique, valid k8s resource name from config_file_path.[0m
2026-08-29T20:04:13.6047752Z [36;1m# Append 6-char random suffix to avoid conflicts; total length capped at 63 chars.[0m
2026-08-29T20:04:13.6048206Z [36;1m[0m
2026-08-29T20:04:13.6048465Z [36;1mconfig_file="DeepSeek_V3.2T_MTP2_PD.yaml"[0m
2026-08-29T20:04:13.6048832Z [36;1mconfig_stem="${config_file%.yaml}"[0m
2026-08-29T20:04:13.6049333Z [36;1mlws_suffix=$(echo "$config_stem" | tr '[:upper:]' '[:lower:]' | tr '._' '-' | cut -c1-43)[0m
2026-08-29T20:04:13.6049896Z [36;1mrand_suffix=$(tr -d '-' < /proc/sys/kernel/random/uuid | cut -c1-6)[0m
2026-08-29T20:04:13.6050347Z [36;1mLWS_NAME="vllm-${lws_suffix}-${rand_suffix}"[0m
2026-08-29T20:04:13.6050665Z [36;1m[0m
2026-08-29T20:04:13.6050887Z [36;1mbranch="main"[0m
2026-08-29T20:04:13.6051146Z [36;1mif [ -n "$branch" ]; then[0m
2026-08-29T20:04:13.6051542Z [36;1m  ARTIFACT_NAME="${branch}-${config_stem}-ascend-logs"[0m
2026-08-29T20:04:13.6051983Z [36;1melse[0m
2026-08-29T20:04:13.6052448Z [36;1m  ARTIFACT_NAME="${config_stem}-ascend-logs"[0m
2026-08-29T20:04:13.6052767Z [36;1mfi[0m
2026-08-29T20:04:13.6052982Z [36;1m[0m
2026-08-29T20:04:13.6053242Z [36;1mjob_name="DeepSeek_V3.2T_MTP2_PD"[0m
2026-08-29T20:04:13.6053564Z [36;1mif [ -z "$job_name" ]; then[0m
2026-08-29T20:04:13.6053861Z [36;1m  job_name="$config_stem"[0m
2026-08-29T20:04:13.6054136Z [36;1mfi[0m
2026-08-29T20:04:13.6054406Z [36;1mBENCHMARK_JOB_NAME="${branch}-${job_name}"[0m
2026-08-29T20:04:13.6054716Z [36;1m[0m
2026-08-29T20:04:13.6054913Z [36;1m{[0m
2026-08-29T20:04:13.6055131Z [36;1m  echo "LWS_NAME=${LWS_NAME}"[0m
2026-08-29T20:04:13.6055446Z [36;1m  echo "LEADER_POD=${LWS_NAME}-0"[0m
2026-08-29T20:04:13.6055827Z [36;1m  echo "LOG_PREFIX=/root/.cache/ascend-logs/main/${LWS_NAME}"[0m
2026-08-29T20:04:13.6056198Z [36;1m} >> $GITHUB_ENV[0m
2026-08-29T20:04:13.6056447Z [36;1m[0m
2026-08-29T20:04:13.6056641Z [36;1m{[0m
2026-08-29T20:04:13.6056882Z [36;1m  echo "artifact_name=${ARTIFACT_NAME}"[0m
2026-08-29T20:04:13.6057249Z [36;1m  echo "benchmark_job_name=${BENCHMARK_JOB_NAME}"[0m
2026-08-29T20:04:13.6057592Z [36;1m} >> $GITHUB_OUTPUT[0m
2026-08-29T20:04:13.6058040Z shell: bash -el {0}
2026-08-29T20:04:13.6058272Z ##[endgroup]
2026-08-29T20:04:13.6142765Z ##[group]Run '/home/runner/k8s/index.js'
2026-08-29T20:04:13.6143738Z shell: /home/runner/externals/node20/bin/node {0}
2026-08-29T20:04:13.6144074Z ##[endgroup]
2026-08-29T20:04:14.0569133Z (node:409) [DEP0005] DeprecationWarning: Buffer() is deprecated due to security and usability issues. Please use the Buffer.alloc(), Buffer.allocUnsafe(), or Buffer.from() methods instead.
2026-08-29T20:04:14.0570167Z (Use `node --trace-deprecation ...` to show where the warning was created)
2026-08-29T20:04:14.4941912Z ##[group]Run install -D tests/e2e/nightly/multi_node/scripts/run.sh /root/.cache/tests/run.sh
2026-08-29T20:04:14.4943404Z [36;1minstall -D tests/e2e/nightly/multi_node/scripts/run.sh /root/.cache/tests/run.sh[0m
2026-08-29T20:04:14.4944215Z [36;1minstall -D tests/e2e/nightly/scripts/bisect_args.sh /root/.cache/tests/bisect_args.sh[0m
2026-08-29T20:04:14.4945004Z shell: bash -el {0}
2026-08-29T20:04:14.4945333Z env:
2026-08-29T20:04:14.4945795Z   LWS_NAME: vllm-deepseek-v3-2t-mtp2-pd-860cca
2026-08-29T20:04:14.4946289Z   LEADER_POD: vllm-deepseek-v3-2t-mtp2-pd-860cca-0
2026-08-29T20:04:14.4946900Z   LOG_PREFIX: /root/.cache/ascend-logs/main/vllm-deepseek-v3-2t-mtp2-pd-860cca
2026-08-29T20:04:14.4947605Z ##[endgroup]
2026-08-29T20:04:14.5047169Z ##[group]Run '/home/runner/k8s/index.js'
2026-08-29T20:04:14.5048423Z shell: /home/runner/externals/node20/bin/node {0}
2026-08-29T20:04:14.5048828Z ##[endgroup]
2026-08-29T20:04:14.9510580Z (node:475) [DEP0005] DeprecationWarning: Buffer() is deprecated due to security and usability issues. Please use the Buffer.alloc(), Buffer.allocUnsafe(), or Buffer.from() methods instead.
2026-08-29T20:04:14.9511779Z (Use `node --trace-deprecation ...` to show where the warning was created)
2026-08-29T20:04:15.4299806Z ##[group]Run set -euo pipefail
2026-08-29T20:04:15.4300307Z [36;1mset -euo pipefail[0m
2026-08-29T20:04:15.4300717Z [36;1mTIMEOUT=120[0m
2026-08-29T20:04:15.4301062Z [36;1mSLEEP_INTERVAL=2[0m
2026-08-29T20:04:15.4301429Z [36;1m[0m
2026-08-29T20:04:15.4301745Z [36;1m[0m
2026-08-29T20:04:15.4302526Z [36;1mecho "Deleting leaderworkerset [$LWS_NAME] in namespace [$NAMESPACE]..."[0m
2026-08-29T20:04:15.4303333Z [36;1mkubectl delete leaderworkerset "$LWS_NAME" -n "$NAMESPACE" --ignore-not-found[0m
2026-08-29T20:04:15.4304036Z [36;1mkubectl delete service "${LWS_NAME}-leader" -n "$NAMESPACE" --ignore-not-found[0m
2026-08-29T20:04:15.4304600Z [36;1m[0m
2026-08-29T20:04:15.4305102Z [36;1mecho "Waiting for pods of leaderworkerset [$LWS_NAME] to be deleted..."[0m
2026-08-29T20:04:15.4305646Z [36;1mSTART_TIME=$(date +%s)[0m
2026-08-29T20:04:15.4306029Z [36;1mwhile true; do[0m
2026-08-29T20:04:15.4306415Z [36;1m  ELAPSED=$(( $(date +%s) - START_TIME ))[0m
2026-08-29T20:04:15.4307002Z [36;1m  if [[ $ELAPSED -ge $TIMEOUT ]]; then[0m
2026-08-29T20:04:15.4307532Z [36;1m    echo "Timeout reached ($TIMEOUT seconds), some pods still exist:"[0m
2026-08-29T20:04:15.4308134Z [36;1m    kubectl get pods -n "$NAMESPACE" | grep "^${LWS_NAME}-" || true[0m
2026-08-29T20:04:15.4308649Z [36;1m    exit 1[0m
2026-08-29T20:04:15.4434191Z [36;1m  fi[0m
2026-08-29T20:04:15.4434897Z [36;1m  PODS_EXIST=$(kubectl get pods -n "$NAMESPACE" -o jsonpath='{.items[*].metadata.name}' 2>/dev/null \[0m
2026-08-29T20:04:15.4435514Z [36;1m    | tr ' ' '\n' | grep "^${LWS_NAME}-" || true)[0m
2026-08-29T20:04:15.4435894Z [36;1m  if [[ -z "$PODS_EXIST" ]]; then[0m
2026-08-29T20:04:15.4436291Z [36;1m    echo "All pods for [$LWS_NAME] deleted."[0m
2026-08-29T20:04:15.4436612Z [36;1m    break[0m
2026-08-29T20:04:15.4436846Z [36;1m  fi[0m
2026-08-29T20:04:15.4437147Z [36;1m  echo "Waiting for pods to be deleted: $PODS_EXIST"[0m
2026-08-29T20:04:15.4437523Z [36;1m  sleep $SLEEP_INTERVAL[0m
2026-08-29T20:04:15.4437792Z [36;1mdone[0m
2026-08-29T20:04:15.4438986Z shell: bash -el {0}
2026-08-29T20:04:15.4439228Z env:
2026-08-29T20:04:15.4439496Z   LWS_NAME: vllm-deepseek-v3-2t-mtp2-pd-860cca
2026-08-29T20:04:15.4439874Z   LEADER_POD: vllm-deepseek-v3-2t-mtp2-pd-860cca-0
2026-08-29T20:04:15.4440345Z   LOG_PREFIX: /root/.cache/ascend-logs/main/vllm-deepseek-v3-2t-mtp2-pd-860cca
2026-08-29T20:04:15.4440782Z ##[endgroup]
2026-08-29T20:04:15.4559229Z ##[group]Run '/home/runner/k8s/index.js'
2026-08-29T20:04:15.4560162Z shell: /home/runner/externals/node20/bin/node {0}
2026-08-29T20:04:15.4560487Z ##[endgroup]
2026-08-29T20:04:15.8947155Z (node:557) [DEP0005] DeprecationWarning: Buffer() is deprecated due to security and usability issues. Please use the Buffer.alloc(), Buffer.allocUnsafe(), or Buffer.from() methods instead.
2026-08-29T20:04:15.8948202Z (Use `node --trace-deprecation ...` to show where the warning was created)
2026-08-29T20:04:16.2319920Z Deleting leaderworkerset [vllm-deepseek-v3-2t-mtp2-pd-860cca] in namespace [vllm-project]...
2026-08-29T20:04:16.3467129Z Waiting for pods of leaderworkerset [vllm-deepseek-v3-2t-mtp2-pd-860cca] to be deleted...
2026-08-29T20:04:16.4283481Z All pods for [vllm-deepseek-v3-2t-mtp2-pd-860cca] deleted.
2026-08-29T20:04:16.6757806Z ##[group]Run set -euo pipefail
2026-08-29T20:04:16.6758224Z [36;1mset -euo pipefail[0m
2026-08-29T20:04:16.6758491Z [36;1m[0m
2026-08-29T20:04:16.6758877Z [36;1msize="4"[0m
2026-08-29T20:04:16.6759112Z [36;1mreplicas="1"[0m
2026-08-29T20:04:16.6759628Z [36;1mimage="swr.cn-southwest-2.myhuaweicloud.com/base_image/ascend-ci/vllm-ascend:nightly-ci-main-a3"[0m
2026-08-29T20:04:16.6760253Z [36;1mconfig_file_path="DeepSeek_V3.2T_MTP2_PD.yaml"[0m
2026-08-29T20:04:16.6760717Z [36;1mconfig_base_path="tests/e2e/weekly/multi_node/external_dp/config"[0m
2026-08-29T20:04:16.6761209Z [36;1mfail_tag="FAIL_TAG_DeepSeek_V3.2T_MTP2_PD.yaml"[0m
2026-08-29T20:04:16.6761570Z [36;1mis_pr_test="false"[0m
2026-08-29T20:04:16.6761935Z [36;1mvllm_ascend_ref="e6a133f710c54e84cefcd29be46678c50008e8ea"[0m
2026-08-29T20:04:16.6762768Z [36;1mvllm_ascend_remote_url="https://github.com/vllm-project/vllm-ascend.git"[0m
2026-08-29T20:04:16.6763213Z [36;1mrunner="a3"[0m
2026-08-29T20:04:16.6763548Z [36;1mecho "FAIL_TAG=${fail_tag}" >> $GITHUB_ENV[0m
2026-08-29T20:04:16.6763872Z [36;1m[0m
2026-08-29T20:04:16.6764106Z [36;1mif [ "a3" = "a5" ]; then[0m
2026-08-29T20:04:16.6764385Z [36;1m    npu_per_node=8[0m
2026-08-29T20:04:16.6764686Z [36;1m    npu_resource_name=huawei.com/npu[0m
2026-08-29T20:04:16.6765037Z [36;1m    shared_volume_path=/mnt/share[0m
2026-08-29T20:04:16.6765347Z [36;1melif [ "a3" = "a3" ]; then[0m
2026-08-29T20:04:16.6765628Z [36;1m    npu_per_node=16[0m
2026-08-29T20:04:16.6765930Z [36;1m    pvc_name=gy005-az5-vllm-ascend[0m
2026-08-29T20:04:16.6766223Z [36;1melse[0m
2026-08-29T20:04:16.6766452Z [36;1m  npu_per_node=8[0m
2026-08-29T20:04:16.6766730Z [36;1m  pvc_name=vllm-project-hk001[0m
2026-08-29T20:04:16.6767010Z [36;1mfi[0m
2026-08-29T20:04:16.6767220Z [36;1m[0m
2026-08-29T20:04:16.6767494Z [36;1mbenchmark_job_name="main-DeepSeek_V3.2T_MTP2_PD"[0m
2026-08-29T20:04:16.6767830Z [36;1m[0m
2026-08-29T20:04:16.6768165Z [36;1mjinja2 tests/e2e/nightly/multi_node/scripts/lws.yaml.jinja2 \[0m
2026-08-29T20:04:16.6768582Z [36;1m  -D lws_name="$LWS_NAME" \[0m
2026-08-29T20:04:16.6768890Z [36;1m  -D log_prefix="$LOG_PREFIX" \[0m
2026-08-29T20:04:16.6769189Z [36;1m  -D size="$size" \[0m
2026-08-29T20:04:16.6769460Z [36;1m  -D replicas="$replicas" \[0m
2026-08-29T20:04:16.6769757Z [36;1m  -D image="$image" \[0m
2026-08-29T20:04:16.6770067Z [36;1m  -D config_file_path="$config_file_path" \[0m
2026-08-29T20:04:16.6770440Z [36;1m  -D config_base_path="$config_base_path" \[0m
2026-08-29T20:04:16.6770784Z [36;1m  -D npu_per_node="$npu_per_node" \[0m
2026-08-29T20:04:16.6771098Z [36;1m  -D fail_tag="$fail_tag" \[0m
2026-08-29T20:04:16.6771400Z [36;1m  -D is_pr_test="$is_pr_test" \[0m
2026-08-29T20:04:16.6771727Z [36;1m  -D vllm_ascend_ref="$vllm_ascend_ref" \[0m
2026-08-29T20:04:16.6772377Z [36;1m  -D vllm_ascend_remote_url="$vllm_ascend_remote_url" \[0m
2026-08-29T20:04:16.6772758Z [36;1m  -D pvc_name="${pvc_name:-}" \[0m
2026-08-29T20:04:16.6773114Z [36;1m  -D benchmark_job_name="$benchmark_job_name" \[0m
2026-08-29T20:04:16.6773469Z [36;1m  -D runner="$runner" \[0m
2026-08-29T20:04:16.6773763Z [36;1m  -D aop_multi_enabled="false" \[0m
2026-08-29T20:04:16.6774195Z [36;1m  -D good_table="/root/.cache/vllm-ascend/main/weekly/good_table.csv" \[0m
2026-08-29T20:04:16.6774660Z [36;1m  -D openlibing_secret="$OPENLIBING_SECRET" \[0m
2026-08-29T20:04:16.6775008Z [36;1m  -D vllm_ascend_branch="main" \[0m
2026-08-29T20:04:16.6775320Z [36;1m  -D soc_version="a3" \[0m
2026-08-29T20:04:16.6775653Z [36;1m  -D npu_resource_name="${npu_resource_name:-}" \[0m
2026-08-29T20:04:16.6776062Z [36;1m  -D shared_volume_path="${shared_volume_path:-}" \[0m
2026-08-29T20:04:16.6776410Z [36;1m  -D max_good_age_days="8" \[0m
2026-08-29T20:04:16.6776745Z [36;1m  -D bisect_good_commit="$BISECT_GOOD_COMMIT" \[0m
2026-08-29T20:04:16.6777128Z [36;1m  -D bisect_bad_commit="$BISECT_BAD_COMMIT" \[0m
2026-08-29T20:04:16.6777798Z [36;1m  -D bisect_fail_confirm_retries="$BISECT_FAIL_CONFIRM_RETRIES" \[0m
2026-08-29T20:04:16.6778274Z [36;1m  -D bisect_trial_timeout="$BISECT_TRIAL_TIMEOUT" \[0m
2026-08-29T20:04:16.6778774Z [36;1m  -D bisect_barrier_timeout="$BISECT_BARRIER_TIMEOUT" \[0m
2026-08-29T20:04:16.6779190Z [36;1m  -D bisect_no_verify_good="$BISECT_NO_VERIFY_GOOD" \[0m
2026-08-29T20:04:16.6779598Z [36;1m  -D bisect_no_verify_bad="$BISECT_NO_VERIFY_BAD" \[0m
2026-08-29T20:04:16.6780028Z [36;1m  -D bisect_force_initial_build="$BISECT_FORCE_INITIAL_BUILD" \[0m
2026-08-29T20:04:16.6780496Z [36;1m  -D bisect_config_base_path="$BISECT_CONFIG_BASE_PATH" \[0m
2026-08-29T20:04:16.6780866Z [36;1m  --outfile lws.yaml[0m
2026-08-29T20:04:16.6781122Z [36;1m[0m
2026-08-29T20:04:16.6781353Z [36;1mkubectl apply -f ./lws.yaml[0m
2026-08-29T20:04:16.6781915Z shell: bash -el {0}
2026-08-29T20:04:16.6782363Z env:
2026-08-29T20:04:16.6782627Z   LWS_NAME: vllm-deepseek-v3-2t-mtp2-pd-860cca
2026-08-29T20:04:16.6783026Z   LEADER_POD: vllm-deepseek-v3-2t-mtp2-pd-860cca-0
2026-08-29T20:04:16.6783502Z   LOG_PREFIX: /root/.cache/ascend-logs/main/vllm-deepseek-v3-2t-mtp2-pd-860cca
2026-08-29T20:04:16.6783926Z   BISECT_GOOD_COMMIT: 
2026-08-29T20:04:16.6784188Z   BISECT_BAD_COMMIT: HEAD
2026-08-29T20:04:16.6784447Z   BISECT_FAIL_CONFIRM_RETRIES: 
2026-08-29T20:04:16.6784725Z   BISECT_TRIAL_TIMEOUT: 
2026-08-29T20:04:16.6784978Z   BISECT_BARRIER_TIMEOUT: 
2026-08-29T20:04:16.6785239Z   BISECT_NO_VERIFY_GOOD: false
2026-08-29T20:04:16.6785518Z   BISECT_NO_VERIFY_BAD: false
2026-08-29T20:04:16.6785795Z   BISECT_FORCE_INITIAL_BUILD: false
2026-08-29T20:04:16.6786201Z   BISECT_CONFIG_BASE_PATH: tests/e2e/weekly/multi_node/external_dp/config
2026-08-29T20:04:16.6786599Z ##[endgroup]
2026-08-29T20:04:16.6887847Z ##[group]Run '/home/runner/k8s/index.js'
2026-08-29T20:04:16.6888802Z shell: /home/runner/externals/node20/bin/node {0}
2026-08-29T20:04:16.6889125Z ##[endgroup]
2026-08-29T20:04:17.1276769Z (node:655) [DEP0005] DeprecationWarning: Buffer() is deprecated due to security and usability issues. Please use the Buffer.alloc(), Buffer.allocUnsafe(), or Buffer.from() methods instead.
2026-08-29T20:04:17.1277816Z (Use `node --trace-deprecation ...` to show where the warning was created)
2026-08-29T20:04:17.6666829Z leaderworkerset.leaderworkerset.x-k8s.io/vllm-deepseek-v3-2t-mtp2-pd-860cca created
2026-08-29T20:04:17.6860690Z service/vllm-deepseek-v3-2t-mtp2-pd-860cca-leader created
2026-08-29T20:04:17.9354487Z ##[group]Run set -euo pipefail
2026-08-29T20:04:17.9354866Z [36;1mset -euo pipefail[0m
2026-08-29T20:04:17.9355132Z [36;1mSIZE="4"[0m
2026-08-29T20:04:17.9355424Z [36;1mTIMEOUT=1200[0m
2026-08-29T20:04:17.9355655Z [36;1m[0m
2026-08-29T20:04:17.9356046Z [36;1mecho "Waiting for all pods to become Running and Ready (timeout ${TIMEOUT}s)..."[0m
2026-08-29T20:04:17.9356518Z [36;1mSTART_TIME=$(date +%s)[0m
2026-08-29T20:04:17.9356801Z [36;1mwhile true; do[0m
2026-08-29T20:04:17.9357100Z [36;1m  ELAPSED=$(( $(date +%s) - START_TIME ))[0m
2026-08-29T20:04:17.9357459Z [36;1m  if [[ $ELAPSED -ge $TIMEOUT ]]; then[0m
2026-08-29T20:04:17.9357879Z [36;1m    echo "Timeout reached after ${ELAPSED}s, dumping pod status:"[0m
2026-08-29T20:04:17.9358314Z [36;1m    kubectl get pods -n "$NAMESPACE"[0m
2026-08-29T20:04:17.9358704Z [36;1m    kubectl describe pod "$LEADER_POD" -n "$NAMESPACE"[0m
2026-08-29T20:04:17.9359057Z [36;1m    exit 1[0m
2026-08-29T20:04:17.9359315Z [36;1m  fi[0m
2026-08-29T20:04:17.9359527Z [36;1m[0m
2026-08-29T20:04:17.9359737Z [36;1m  ALL_READY=true[0m
2026-08-29T20:04:17.9360007Z [36;1m  for ((i=1; i<SIZE; i++)); do[0m
2026-08-29T20:04:17.9360314Z [36;1m    POD="${LWS_NAME}-0-${i}"[0m
2026-08-29T20:04:17.9360867Z [36;1m    PHASE=$(kubectl get pod "$POD" -n "$NAMESPACE" -o jsonpath='{.status.phase}' 2>/dev/null || echo "NotFound")[0m
2026-08-29T20:04:17.9361670Z [36;1m    READY=$(kubectl get pod "$POD" -n "$NAMESPACE" -o jsonpath='{.status.containerStatuses[*].ready}' 2>/dev/null)[0m
2026-08-29T20:04:17.9362511Z [36;1m    echo "Worker [$POD] phase=$PHASE ready=$READY"[0m
2026-08-29T20:04:17.9362929Z [36;1m    if [[ "$PHASE" != "Running" || "$READY" != "true" ]]; then[0m
2026-08-29T20:04:17.9363479Z [36;1m      ALL_READY=false[0m
2026-08-29T20:04:17.9363757Z [36;1m      break[0m
2026-08-29T20:04:17.9363989Z [36;1m    fi[0m
2026-08-29T20:04:17.9364215Z [36;1m  done[0m
2026-08-29T20:04:17.9364426Z [36;1m[0m
2026-08-29T20:04:17.9364936Z [36;1m  LEADER_PHASE=$(kubectl get pod "$LEADER_POD" -n "$NAMESPACE" -o jsonpath='{.status.phase}' 2>/dev/null || echo "NotFound")[0m
2026-08-29T20:04:17.9365814Z [36;1m  LEADER_READY=$(kubectl get pod "$LEADER_POD" -n "$NAMESPACE" -o jsonpath='{.status.containerStatuses[*].ready}' 2>/dev/null)[0m
2026-08-29T20:04:17.9366516Z [36;1m  echo "Leader [$LEADER_POD] phase=$LEADER_PHASE ready=$LEADER_READY"[0m
2026-08-29T20:04:17.9367034Z [36;1m  if [[ "$LEADER_PHASE" != "Running" || "$LEADER_READY" != "true" ]]; then[0m
2026-08-29T20:04:17.9367433Z [36;1m    ALL_READY=false[0m
2026-08-29T20:04:17.9367684Z [36;1m  fi[0m
2026-08-29T20:04:17.9367896Z [36;1m[0m
2026-08-29T20:04:17.9368127Z [36;1m  if [[ "$ALL_READY" == "true" ]]; then[0m
2026-08-29T20:04:17.9368482Z [36;1m    echo "All pods are Running and Ready."[0m
2026-08-29T20:04:17.9368797Z [36;1m    break[0m
2026-08-29T20:04:17.9369019Z [36;1m  fi[0m
2026-08-29T20:04:17.9369240Z [36;1m  sleep 2[0m
2026-08-29T20:04:17.9369468Z [36;1mdone[0m
2026-08-29T20:04:17.9369883Z shell: bash -el {0}
2026-08-29T20:04:17.9370117Z env:
2026-08-29T20:04:17.9370381Z   LWS_NAME: vllm-deepseek-v3-2t-mtp2-pd-860cca
2026-08-29T20:04:17.9370773Z   LEADER_POD: vllm-deepseek-v3-2t-mtp2-pd-860cca-0
2026-08-29T20:04:17.9371252Z   LOG_PREFIX: /root/.cache/ascend-logs/main/vllm-deepseek-v3-2t-mtp2-pd-860cca
2026-08-29T20:04:17.9371718Z   FAIL_TAG: FAIL_TAG_DeepSeek_V3.2T_MTP2_PD.yaml
2026-08-29T20:04:17.9372034Z ##[endgroup]
2026-08-29T20:04:17.9474771Z ##[group]Run '/home/runner/k8s/index.js'
2026-08-29T20:04:17.9475682Z shell: /home/runner/externals/node20/bin/node {0}
2026-08-29T20:04:17.9476010Z ##[endgroup]
2026-08-29T20:04:18.3878344Z (node:769) [DEP0005] DeprecationWarning: Buffer() is deprecated due to security and usability issues. Please use the Buffer.alloc(), Buffer.allocUnsafe(), or Buffer.from() methods instead.
2026-08-29T20:04:18.3879420Z (Use `node --trace-deprecation ...` to show where the warning was created)
2026-08-29T20:04:18.6824168Z Waiting for all pods to become Running and Ready (timeout 1200s)...
2026-08-29T20:04:18.7980503Z Worker [vllm-deepseek-v3-2t-mtp2-pd-860cca-0-1] phase=Pending ready=
2026-08-29T20:04:18.9114128Z Leader [vllm-deepseek-v3-2t-mtp2-pd-860cca-0] phase=Pending ready=
2026-08-29T20:04:21.0307071Z Worker [vllm-deepseek-v3-2t-mtp2-pd-860cca-0-1] phase=Pending ready=
2026-08-29T20:04:21.1467960Z Leader [vllm-deepseek-v3-2t-mtp2-pd-860cca-0] phase=Pending ready=
2026-08-29T20:04:23.2700980Z Worker [vllm-deepseek-v3-2t-mtp2-pd-860cca-0-1] phase=Pending ready=
2026-08-29T20:04:23.3860556Z Leader [vllm-deepseek-v3-2t-mtp2-pd-860cca-0] phase=Pending ready=
2026-08-29T20:04:25.5087937Z Worker [vllm-deepseek-v3-2t-mtp2-pd-860cca-0-1] phase=Pending ready=
2026-08-29T20:04:25.6758038Z Leader [vllm-deepseek-v3-2t-mtp2-pd-860cca-0] phase=Pending ready=
2026-08-29T20:04:27.8036868Z Worker [vllm-deepseek-v3-2t-mtp2-pd-860cca-0-1] phase=Pending ready=
2026-08-29T20:04:27.9177073Z Leader [vllm-deepseek-v3-2t-mtp2-pd-860cca-0] phase=Pending ready=
2026-08-29T20:04:30.0398059Z Worker [vllm-deepseek-v3-2t-mtp2-pd-860cca-0-1] phase=Pending ready=
2026-08-29T20:04:30.2096038Z Leader [vllm-deepseek-v3-2t-mtp2-pd-860cca-0] phase=Pending ready=
2026-08-29T20:04:32.3325308Z Worker [vllm-deepseek-v3-2t-mtp2-pd-860cca-0-1] phase=Pending ready=
2026-08-29T20:04:32.4525153Z Leader [vllm-deepseek-v3-2t-mtp2-pd-860cca-0] phase=Pending ready=
2026-08-29T20:04:34.5782429Z Worker [vllm-deepseek-v3-2t-mtp2-pd-860cca-0-1] phase=Pending ready=false
2026-08-29T20:04:34.6959255Z Leader [vllm-deepseek-v3-2t-mtp2-pd-860cca-0] phase=Running ready=true
2026-08-29T20:04:36.8135620Z Worker [vllm-deepseek-v3-2t-mtp2-pd-860cca-0-1] phase=Running ready=true
2026-08-29T20:04:36.9345365Z Worker [vllm-deepseek-v3-2t-mtp2-pd-860cca-0-2] phase=Running ready=true
2026-08-29T20:04:37.0543242Z Worker [vllm-deepseek-v3-2t-mtp2-pd-860cca-0-3] phase=Pending ready=false
2026-08-29T20:04:37.1717079Z Leader [vllm-deepseek-v3-2t-mtp2-pd-860cca-0] phase=Running ready=true
2026-08-29T20:04:39.2954665Z Worker [vllm-deepseek-v3-2t-mtp2-pd-860cca-0-1] phase=Running ready=true
2026-08-29T20:04:39.4164979Z Worker [vllm-deepseek-v3-2t-mtp2-pd-860cca-0-2] phase=Running ready=true
2026-08-29T20:04:39.5988099Z Worker [vllm-deepseek-v3-2t-mtp2-pd-860cca-0-3] phase=Running ready=true
2026-08-29T20:04:39.7262261Z Leader [vllm-deepseek-v3-2t-mtp2-pd-860cca-0] phase=Running ready=true
2026-08-29T20:04:39.7262752Z All pods are Running and Ready.
2026-08-29T20:04:40.0782512Z ##[group]Run set -euo pipefail
2026-08-29T20:04:40.0782912Z [36;1mset -euo pipefail[0m
2026-08-29T20:04:40.0783272Z [36;1m[0m
2026-08-29T20:04:40.0783488Z [36;1msize="4"[0m
2026-08-29T20:04:40.0783716Z [36;1mpids=()[0m
2026-08-29T20:04:40.0783934Z [36;1m[0m
2026-08-29T20:04:40.0784163Z [36;1mcleanup() {[0m
2026-08-29T20:04:40.0784463Z [36;1m  echo "Cleaning up background log streams..."[0m
2026-08-29T20:04:40.0784835Z [36;1m  for pid in "${pids[@]}"; do[0m
2026-08-29T20:04:40.0785152Z [36;1m    kill "$pid" 2>/dev/null || true[0m
2026-08-29T20:04:40.0785448Z [36;1m  done[0m
2026-08-29T20:04:40.0785668Z [36;1m}[0m
2026-08-29T20:04:40.0785885Z [36;1mtrap cleanup EXIT[0m
2026-08-29T20:04:40.0786132Z [36;1m[0m
2026-08-29T20:04:40.0786373Z [36;1mfor i in $(seq 0 $((size - 1))); do[0m
2026-08-29T20:04:40.0786689Z [36;1m  if [ "${i}" -eq 0 ]; then[0m
2026-08-29T20:04:40.0786985Z [36;1m    POD="${LWS_NAME}-0"[0m
2026-08-29T20:04:40.0787285Z [36;1m  else[0m
2026-08-29T20:04:40.0787519Z [36;1m    POD="${LWS_NAME}-0-${i}"[0m
2026-08-29T20:04:40.0787794Z [36;1m  fi[0m
2026-08-29T20:04:40.0788097Z [36;1m  echo "==== Collecting logs from worker pod: $POD ===="[0m
2026-08-29T20:04:40.0788500Z [36;1m  kubectl logs -f "$POD" -n "$NAMESPACE" \[0m
2026-08-29T20:04:40.0788865Z [36;1m    > "/tmp/${POD}_logs.txt" 2>&1 &[0m
2026-08-29T20:04:40.0789156Z [36;1m[0m
2026-08-29T20:04:40.0789361Z [36;1m  pids+=($!)[0m
2026-08-29T20:04:40.0789598Z [36;1mdone[0m
2026-08-29T20:04:40.0789804Z [36;1m[0m
2026-08-29T20:04:40.0790025Z [36;1mLEADER_TMP=$(mktemp)[0m
2026-08-29T20:04:40.0790506Z [36;1mkubectl logs -f "$LEADER_POD" -n "$NAMESPACE" | tee "$LEADER_TMP" | while IFS= read -r line; do[0m
2026-08-29T20:04:40.0791004Z [36;1m  echo "$line"[0m
2026-08-29T20:04:40.0791310Z [36;1m  if echo "$line" | grep -q "$FAIL_TAG"; then[0m
2026-08-29T20:04:40.0791628Z [36;1m    exit 1[0m
2026-08-29T20:04:40.0791848Z [36;1m  fi[0m
2026-08-29T20:04:40.0792293Z [36;1mdone[0m
2026-08-29T20:04:40.0792510Z [36;1m[0m
2026-08-29T20:04:40.0792721Z [36;1meval "$(awk '[0m
2026-08-29T20:04:40.0793089Z [36;1m  /^vLLM Git information$/        { sec="vllm"; next }[0m
2026-08-29T20:04:40.0793538Z [36;1m  /^vLLM-Ascend Git information$/ { sec="vllm_ascend"; next }[0m
2026-08-29T20:04:40.0793944Z [36;1m  sec && /^Commit hash: / {[0m
2026-08-29T20:04:40.0794237Z [36;1m    print "HASH_" sec "=" $NF[0m
2026-08-29T20:04:40.0794519Z [36;1m    sec=""[0m
2026-08-29T20:04:40.0794745Z [36;1m  }[0m
2026-08-29T20:04:40.0794989Z [36;1m' "$LEADER_TMP")"[0m
2026-08-29T20:04:40.0795322Z [36;1mecho "vllm_hash=${HASH_vllm:-N/A}" >> "$GITHUB_OUTPUT"[0m
2026-08-29T20:04:40.0795805Z [36;1mecho "vllm_ascend_hash=${HASH_vllm_ascend:-N/A}" >> "$GITHUB_OUTPUT"[0m
2026-08-29T20:04:40.0796218Z [36;1mrm -f "$LEADER_TMP"[0m
2026-08-29T20:04:40.0796611Z shell: bash -el {0}
2026-08-29T20:04:40.0796842Z env:
2026-08-29T20:04:40.0797102Z   LWS_NAME: vllm-deepseek-v3-2t-mtp2-pd-860cca
2026-08-29T20:04:40.0797499Z   LEADER_POD: vllm-deepseek-v3-2t-mtp2-pd-860cca-0
2026-08-29T20:04:40.0797980Z   LOG_PREFIX: /root/.cache/ascend-logs/main/vllm-deepseek-v3-2t-mtp2-pd-860cca
2026-08-29T20:04:40.0798446Z   FAIL_TAG: FAIL_TAG_DeepSeek_V3.2T_MTP2_PD.yaml
2026-08-29T20:04:40.0798753Z ##[endgroup]
2026-08-29T20:04:40.1009260Z ##[group]Run '/home/runner/k8s/index.js'
2026-08-29T20:04:40.1010195Z shell: /home/runner/externals/node20/bin/node {0}
2026-08-29T20:04:40.1010527Z ##[endgroup]
2026-08-29T20:04:40.5471187Z (node:906) [DEP0005] DeprecationWarning: Buffer() is deprecated due to security and usability issues. Please use the Buffer.alloc(), Buffer.allocUnsafe(), or Buffer.from() methods instead.
2026-08-29T20:04:40.5472344Z (Use `node --trace-deprecation ...` to show where the warning was created)
2026-08-29T20:04:40.8650512Z ==== Collecting logs from worker pod: vllm-deepseek-v3-2t-mtp2-pd-860cca-0 ====
2026-08-29T20:04:40.8651567Z ==== Collecting logs from worker pod: vllm-deepseek-v3-2t-mtp2-pd-860cca-0-1 ====
2026-08-29T20:04:40.8652373Z ==== Collecting logs from worker pod: vllm-deepseek-v3-2t-mtp2-pd-860cca-0-2 ====
2026-08-29T20:04:40.8652962Z ==== Collecting logs from worker pod: vllm-deepseek-v3-2t-mtp2-pd-860cca-0-3 ====
2026-08-29T20:04:54.9746319Z ====> Check NPU info
2026-08-29T20:04:56.5817178Z +------------------------------------------------------------------------------------------------+
2026-08-29T20:04:56.5825922Z | npu-smi 25.5.2                   Version: 25.5.2                                               |
2026-08-29T20:04:56.5836298Z +---------------------------+---------------+----------------------------------------------------+
2026-08-29T20:04:56.5847445Z | NPU   Name                | Health        | Power(W)    Temp(C)           Hugepages-Usage(page)|
2026-08-29T20:04:56.5858559Z | Chip  Phy-ID              | Bus-Id        | AICore(%)   Memory-Usage(MB)  HBM-Usage(MB)        |
2026-08-29T20:04:56.5868521Z +===========================+===============+====================================================+
2026-08-29T20:04:56.5880557Z | 0     Ascend910           | OK            | 175.1       36                0    / 0             |
2026-08-29T20:04:56.5888447Z | 0     0                   | 0000:9D:00.0  | 0           0    / 0          3173 / 65536         |
2026-08-29T20:04:56.5898654Z +------------------------------------------------------------------------------------------------+
2026-08-29T20:04:56.5908327Z | 0     Ascend910           | OK            | -           37                0    / 0             |
2026-08-29T20:04:56.5917567Z | 1     1                   | 0000:9F:00.0  | 0           0    / 0          2899 / 65536         |
2026-08-29T20:04:56.5928349Z +===========================+===============+====================================================+
2026-08-29T20:04:56.5938386Z | 1     Ascend910           | OK            | 170.8       37                0    / 0             |
2026-08-29T20:04:56.5948629Z | 0     2                   | 0000:99:00.0  | 0           0    / 0          3176 / 65536         |
2026-08-29T20:04:56.5958625Z +------------------------------------------------------------------------------------------------+
2026-08-29T20:04:56.5968460Z | 1     Ascend910           | OK            | -           35                0    / 0             |
2026-08-29T20:04:56.5978336Z | 1     3                   | 0000:9B:00.0  | 0           0    / 0          2887 / 65536         |
2026-08-29T20:04:56.5989030Z +===========================+===============+====================================================+
2026-08-29T20:04:56.5998577Z | 2     Ascend910           | OK            | 166.8       36                0    / 0             |
2026-08-29T20:04:56.6007503Z | 0     4                   | 0000:95:00.0  | 0           0    / 0          3166 / 65536         |
2026-08-29T20:04:56.6017176Z +------------------------------------------------------------------------------------------------+
2026-08-29T20:04:56.6026835Z | 2     Ascend910           | OK            | -           37                0    / 0             |
2026-08-29T20:04:56.6036701Z | 1     5                   | 0000:97:00.0  | 0           0    / 0          2896 / 65536         |
2026-08-29T20:04:56.6045629Z +===========================+===============+====================================================+
2026-08-29T20:04:56.6055885Z | 3     Ascend910           | OK            | 165.5       37                0    / 0             |
2026-08-29T20:04:56.6065277Z | 0     6                   | 0000:91:00.0  | 0           0    / 0          3171 / 65536         |
2026-08-29T20:04:56.6074823Z +------------------------------------------------------------------------------------------------+
2026-08-29T20:04:56.6084040Z | 3     Ascend910           | OK            | -           35                0    / 0             |
2026-08-29T20:04:56.6093355Z | 1     7                   | 0000:93:00.0  | 0           0    / 0          2900 / 65536         |
2026-08-29T20:04:56.6102310Z +===========================+===============+====================================================+
2026-08-29T20:04:56.6111711Z | 4     Ascend910           | OK            | 175.8       37                0    / 0             |
2026-08-29T20:04:56.6121117Z | 0     8                   | 0000:8D:00.0  | 0           0    / 0          3183 / 65536         |
2026-08-29T20:04:56.6130338Z +------------------------------------------------------------------------------------------------+
2026-08-29T20:04:56.6139912Z | 4     Ascend910           | OK            | -           36                0    / 0             |
2026-08-29T20:04:56.6148534Z | 1     9                   | 0000:8F:00.0  | 0           0    / 0          2888 / 65536         |
2026-08-29T20:04:56.6157923Z +===========================+===============+====================================================+
2026-08-29T20:04:56.6167269Z | 5     Ascend910           | OK            | 170.5       36                0    / 0             |
2026-08-29T20:04:56.6177091Z | 0     10                  | 0000:89:00.0  | 0           0    / 0          3180 / 65536         |
2026-08-29T20:04:56.6185455Z +------------------------------------------------------------------------------------------------+
2026-08-29T20:04:56.6194477Z | 5     Ascend910           | OK            | -           37                0    / 0             |
2026-08-29T20:04:56.6203856Z | 1     11                  | 0000:8B:00.0  | 0           0    / 0          2885 / 65536         |
2026-08-29T20:04:56.8802538Z +===========================+===============+====================================================+
2026-08-29T20:04:56.8811869Z | 6     Ascend910           | OK            | 170.6       37                0    / 0             |
2026-08-29T20:04:56.8821544Z | 0     12                  | 0000:85:00.0  | 0           0    / 0          3189 / 65536         |
2026-08-29T20:04:56.8832010Z +------------------------------------------------------------------------------------------------+
2026-08-29T20:04:56.8841291Z | 6     Ascend910           | OK            | -           37                0    / 0             |
2026-08-29T20:04:56.8850893Z | 1     13                  | 0000:87:00.0  | 0           0    / 0          2884 / 65536         |
2026-08-29T20:04:56.8860502Z +===========================+===============+====================================================+
2026-08-29T20:04:56.8869756Z | 7     Ascend910           | OK            | 170.6       35                0    / 0             |
2026-08-29T20:04:56.8879182Z | 0     14                  | 0000:81:00.0  | 0           0    / 0          3166 / 65536         |
2026-08-29T20:04:56.8889097Z +------------------------------------------------------------------------------------------------+
2026-08-29T20:04:56.8898739Z | 7     Ascend910           | OK            | -           35                0    / 0             |
2026-08-29T20:04:56.8908289Z | 1     15                  | 0000:83:00.0  | 0           0    / 0          2893 / 65536         |
2026-08-29T20:04:56.8918304Z +===========================+===============+====================================================+
2026-08-29T20:04:56.8928097Z +---------------------------+---------------+----------------------------------------------------+
2026-08-29T20:04:56.8938024Z | NPU     Chip              | Process id    | Process name             | Process memory(MB)      |
2026-08-29T20:04:56.8947978Z +===========================+===============+====================================================+
2026-08-29T20:04:56.8957495Z | No running processes found in NPU 0                                                            |
2026-08-29T20:04:56.8966886Z +===========================+===============+====================================================+
2026-08-29T20:04:56.8976726Z | No running processes found in NPU 1                                                            |
2026-08-29T20:04:56.8985950Z +===========================+===============+====================================================+
2026-08-29T20:04:56.8995741Z | No running processes found in NPU 2                                                            |
2026-08-29T20:04:56.9004815Z +===========================+===============+====================================================+
2026-08-29T20:04:56.9013971Z | No running processes found in NPU 3                                                            |
2026-08-29T20:04:56.9023016Z +===========================+===============+====================================================+
2026-08-29T20:04:56.9032886Z | No running processes found in NPU 4                                                            |
2026-08-29T20:04:56.9052666Z +===========================+===============+====================================================+
2026-08-29T20:04:56.9053208Z | No running processes found in NPU 5                                                            |
2026-08-29T20:04:56.9059571Z +===========================+===============+====================================================+
2026-08-29T20:04:56.9068665Z | No running processes found in NPU 6                                                            |
2026-08-29T20:04:56.9077847Z +===========================+===============+====================================================+
2026-08-29T20:04:56.9087178Z | No running processes found in NPU 7                                                            |
2026-08-29T20:04:56.9096420Z +===========================+===============+====================================================+
2026-08-29T20:04:56.9105720Z package_name=Ascend-cann-toolkit
2026-08-29T20:04:56.9141754Z version=9.1.0
2026-08-29T20:04:56.9142562Z innerversion=V100R001C25B114
2026-08-29T20:04:56.9143048Z compatible_version=[V100R001C15],[V100R001C21],[V100R001C23],[V100R001C10]
2026-08-29T20:04:56.9143495Z arch=aarch64
2026-08-29T20:04:56.9151402Z os=linux
2026-08-29T20:04:56.9159858Z path=/usr/local/Ascend/cann-9.1.0
2026-08-29T20:04:56.9168469Z 
2026-08-29T20:04:56.9178094Z [0;34m=== Clearing logs from previous runs ===[0m
2026-08-29T20:04:56.9187216Z ====> Configure mirrors and git proxy
2026-08-29T20:04:57.1735242Z Writing to /root/.config/pip/pip.conf
2026-08-29T20:04:57.2028869Z Installed vLLM-related Python packages:
2026-08-29T20:04:58.0108450Z ais_bench_benchmark                      3.1.20260609                 /vllm-workspace/vllm-ascend/benchmark
2026-08-29T20:04:58.0109107Z vllm                                     0.27.1+empty                 /vllm-workspace/vllm
2026-08-29T20:04:58.0117015Z vllm_ascend                              0.19.1rc2.dev1782+ga1affe4d3 /vllm-workspace/vllm-ascend
2026-08-29T20:04:58.0118281Z 
2026-08-29T20:04:58.0128302Z ============================
2026-08-29T20:04:58.0137829Z vLLM Git information
2026-08-29T20:04:58.0147481Z ============================
2026-08-29T20:04:58.0167208Z Branch:      HEAD
2026-08-29T20:04:58.0235070Z Commit hash: 6e448d0ea9bf3d88d898b65449ca6dc2aec170ac
2026-08-29T20:04:58.0269407Z Author:      khluu <khluu000@gmail.com>
2026-08-29T20:04:58.0293569Z Date:        2026-08-11 01:12:11 -0700
2026-08-29T20:04:58.0327915Z Message:     [CI] Limit Arctic import check to x86 test images
2026-08-29T20:04:58.0353993Z Tags:        v0.27.1
2026-08-29T20:04:58.0379482Z Remote:      origin	https://ghfast.top/https://github.com/vllm-project/vllm.git (fetch)
2026-08-29T20:04:58.0387506Z 
2026-08-29T20:04:58.0397946Z 
2026-08-29T20:04:58.0407250Z ============================
2026-08-29T20:04:58.0415997Z vLLM-Ascend Git information
2026-08-29T20:04:58.0425603Z ============================
2026-08-29T20:04:58.0440078Z Branch:      HEAD
2026-08-29T20:04:58.0467837Z Commit hash: a1affe4d3218f292c2c79c6d7666877efe526cbb
2026-08-29T20:04:58.0561007Z Author:      taozi01319 <68981779+taozi01319@users.noreply.github.com>
2026-08-29T20:04:58.0569863Z Date:        2026-08-29 17:30:31 +0800
2026-08-29T20:04:58.0588980Z Message:     [TEST]Migrate Qwen3 and DeepSeek test cases from weekly to nightly (#15282)
2026-08-29T20:04:58.1100049Z Tags:        
2026-08-29T20:04:58.1162162Z Remote:      origin	https://ghfast.top/https://github.com/vllm-project/vllm-ascend.git (fetch)
2026-08-29T20:04:58.1186139Z 
2026-08-29T20:04:58.1186271Z ====> Check triton ascend info
2026-08-29T20:04:58.4929554Z Ubuntu clang version 15.0.7
2026-08-29T20:04:58.4936676Z Target: aarch64-unknown-linux-gnu
2026-08-29T20:04:58.4946825Z Thread model: posix
2026-08-29T20:04:58.4956052Z InstalledDir: /usr/bin
2026-08-29T20:04:58.4965902Z Found candidate GCC installation: /usr/bin/../lib/gcc/aarch64-linux-gnu/13
2026-08-29T20:04:58.4975726Z Selected GCC installation: /usr/bin/../lib/gcc/aarch64-linux-gnu/13
2026-08-29T20:04:58.4985175Z Candidate multilib: .;@m64
2026-08-29T20:04:58.4995279Z Selected multilib: .;@m64
2026-08-29T20:04:58.5076260Z /usr/local/Ascend/cann-9.1.0/tools/bishengir/bin/bishengir-compile
2026-08-29T20:04:59.0330179Z Name: triton_ascend
2026-08-29T20:04:59.0355240Z Version: 3.2.2
2026-08-29T20:04:59.0368016Z Summary: A language and compiler for custom Deep Learning operations
2026-08-29T20:04:59.0375266Z Home-page: https://gitcode.com/Ascend/triton-ascend/
2026-08-29T20:04:59.0384889Z Author: Philippe Tillet
2026-08-29T20:04:59.0394504Z Author-email: phil@openai.com
2026-08-29T20:04:59.0404220Z License: 
2026-08-29T20:04:59.0413806Z Location: /usr/local/python3.12.13/lib/python3.12/site-packages
2026-08-29T20:04:59.0423508Z Requires: attrs, decorator, numpy, pandas, psutil, pybind11, pytest, pytest-xdist, pyyaml, scipy, triton
2026-08-29T20:04:59.0434027Z Required-by: vllm_ascend
2026-08-29T20:05:03.1689252Z ====> Run pytest entry: tests/e2e/nightly/multi_node/external_dp/scripts/test_external_dp.py
2026-08-29T20:05:26.1789355Z INFO 08-29 20:05:26 [__init__.py:52] Available plugins for group vllm.platform_plugins:
2026-08-29T20:05:26.1796602Z INFO 08-29 20:05:26 [__init__.py:54] - ascend -> vllm_ascend:register
2026-08-29T20:05:26.1807274Z INFO 08-29 20:05:26 [__init__.py:57] All plugins in this group will be loaded. Set `VLLM_PLUGINS` to control which plugins to load.
2026-08-29T20:05:26.2376951Z INFO 08-29 20:05:26 [__init__.py:237] Platform plugin ascend is activated
2026-08-29T20:05:26.3148353Z INFO 08-29 20:05:26 [platform.py:70] Breakable CUDAGraph on Ascend is opt-in; using VLLM_USE_BREAKABLE_CUDAGRAPH=0.
2026-08-29T20:05:30.8484609Z [2026-08-29 20:05:30] [INFO] get env TORCHINDUCTOR_CACHE_DIR = /tmp/torchinductor_root
2026-08-29T20:05:30.9097970Z [2026-08-29 20:05:30] [INFO] get env VLLM_USE_BREAKABLE_CUDAGRAPH = 0
2026-08-29T20:05:43.8287521Z [2026-08-29 20:05:43] [INFO] Patched Eagle3LlamaForCausalLM and Eagle3DeepseekV2ForCausalLM __init__ to use get_total_num_hidden_layers() for target_layer_num.
2026-08-29T20:05:43.9006444Z /usr/local/python3.12.13/lib/python3.12/site-packages/pytest_asyncio/plugin.py:247: PytestDeprecationWarning: The configuration option "asyncio_default_fixture_loop_scope" is unset.
2026-08-29T20:05:43.9016278Z The event loop scope for asynchronous fixtures will default to the fixture caching scope. Future versions of pytest-asyncio will default the loop scope for asynchronous fixtures to function scope. Set the default fixture loop scope explicitly in order to avoid unexpected behavior in the future. Valid fixture loop scopes are: "function", "class", "module", "package", "session"
2026-08-29T20:05:43.9024661Z 
2026-08-29T20:05:43.9034775Z   warnings.warn(PytestDeprecationWarning(_DEFAULT_FIXTURE_LOOP_SCOPE_UNSET))
2026-08-29T20:05:43.9082920Z [2026-08-29 20:05:43.907035][UC][W] Current platform npu does not have '_pytestfixturefunction' attribute. [161,161][interface.py:1145,__getattr__]
2026-08-29T20:05:43.9138232Z ============================= test session starts ==============================
2026-08-29T20:05:43.9148464Z platform linux -- Python 3.12.13, pytest-8.3.2, pluggy-1.6.0 -- /usr/local/python3.12.13/bin/python3
2026-08-29T20:05:43.9157902Z cachedir: .pytest_cache
2026-08-29T20:05:43.9167768Z rootdir: /vllm-workspace/vllm-ascend
2026-08-29T20:05:43.9177634Z configfile: pyproject.toml
2026-08-29T20:05:43.9188225Z plugins: mock-3.15.1, cov-7.1.0, asyncio-1.3.0, xdist-3.6.1, anyio-4.14.2
2026-08-29T20:05:43.9198854Z asyncio: mode=Mode.STRICT, debug=False, asyncio_default_fixture_loop_scope=None, asyncio_default_test_loop_scope=function
2026-08-29T20:05:43.9914331Z collecting ... [2026-08-29 20:05:43] [INFO] get env BENCHMARK_HOME = /vllm-workspace/vllm-ascend/benchmark
2026-08-29T20:05:43.9935366Z collected 1 item
2026-08-29T20:05:43.9944660Z 
2026-08-29T20:05:43.9964088Z tests/e2e/nightly/multi_node/external_dp/scripts/test_external_dp.py::test_external_dp [2026-08-29 20:05:43] [INFO] get env CONFIG_YAML_PATH = DeepSeek_V3.2T_MTP2_PD.yaml
2026-08-29T20:05:43.9967885Z [2026-08-29 20:05:43] [INFO] get env CONFIG_BASE_PATH = tests/e2e/weekly/multi_node/external_dp/config
2026-08-29T20:05:43.9978376Z [2026-08-29 20:05:43] [INFO] Loading external DP config yaml: tests/e2e/weekly/multi_node/external_dp/config/DeepSeek_V3.2T_MTP2_PD.yaml
2026-08-29T20:05:44.0106201Z [2026-08-29 20:05:44] [INFO] Resolving external DP cluster IPs via LWS DNS
2026-08-29T20:05:44.0116618Z [2026-08-29 20:05:44] [INFO] get env LWS_LEADER_ADDRESS = vllm-deepseek-v3-2t-mtp2-pd-860cca-0.vllm-deepseek-v3-2t-mtp2-pd-860cca.vllm-project
2026-08-29T20:05:44.0207556Z [2026-08-29 20:05:44] [INFO] get env LWS_WORKER_INDEX = 0
2026-08-29T20:05:44.0230944Z [2026-08-29 20:05:44] [INFO] Starting 1 external DP ranks on node 0
2026-08-29T20:05:44.0301221Z [2026-08-29 20:05:44] [INFO] External DP server command node=0 rank=0: ACL_OP_INIT_MODE=1 ASCEND_A3_ENABLE=1 ASCEND_LOG_DEVICE_FLUSH_TIMEOUT=0 ASCEND_RT_VISIBLE_DEVICES=0,1,2,3,4,5,6,7,8,9,10,11,12,13,14,15 ASCEND_TRANSPORT_PRINT=1 GLOO_SOCKET_IFNAME=eth0 HCCL_BUFFSIZE=360 HCCL_CONNECT_TIMEOUT=400 HCCL_EXEC_TIMEOUT=204 HCCL_IF_IP=10.0.0.205 HCCL_OP_EXPANSION_MODE=AIV HCCL_SOCKET_IFNAME=eth0 LD_LIBRARY_PATH=/usr/local/Ascend/ascend-toolkit/latest/python/site-packages/mooncake:/usr/local/python3.12.13/lib/python3.12/site-packages/cv2/../../lib64:/usr/local/Ascend/nnal/atb/latest/atb/cxx_abi_1/lib:/usr/local/Ascend/nnal/atb/latest/atb/cxx_abi_1/examples:/usr/local/Ascend/nnal/atb/latest/atb/cxx_abi_1/tests/atbopstest:/usr/local/Ascend/cann-9.1.0/lib64:/usr/local/Ascend/cann-9.1.0/lib64/plugin/opskernel:/usr/local/Ascend/cann-9.1.0/lib64/plugin/nnengine:/usr/local/Ascend/cann-9.1.0/opp/built-in/op_impl/ai_core/tbe/op_tiling/lib/linux/aarch64:/usr/local/Ascend/driver/lib64:/usr/local/Ascend/driver/lib64/common:/usr/local/Ascend/driver/lib64/driver:/usr/local/lib:/usr/local/Ascend/ascend-toolkit/latest/python/site-packages:/usr/local/Ascend/driver/lib64:/usr/local/Ascend/driver/lib64/common:/usr/local/Ascend/driver/lib64/driver:/usr/local/Ascend/nnal/atb/latest/atb/cxx_abi_1/lib:/usr/local/Ascend/nnal/atb/latest/atb/cxx_abi_1/examples:/usr/local/Ascend/nnal/atb/latest/atb/cxx_abi_1/tests/atbopstest:/usr/local/Ascend/ascend-toolkit/latest/tools/aml/lib64:/usr/local/Ascend/ascend-toolkit/latest/tools/aml/lib64/plugin:/usr/local/Ascend/ascend-toolkit/latest/lib64:/usr/local/Ascend/ascend-toolkit/latest/lib64/plugin/opskernel:/usr/local/Ascend/ascend-toolkit/latest/lib64/plugin/nnengine:/usr/local/Ascend/ascend-toolkit/latest/opp/built-in/op_impl/ai_core/tbe/op_tiling:/usr/local/python3.12.13/lib: LOCAL_IP=10.0.0.205 MASTER_IP=10.0.0.205 NIC_NAME=eth0 OMP_NUM_THREADS=10 OMP_PROC_BIND=false PYTORCH_NPU_ALLOC_CONF=expandable_segments:True SERVER_PORT=7100 TASK_QUEUE_ENABLE=1 TP_SOCKET_IFNAME=eth0 VLLM_EXECUTE_MODEL_TIMEOUT_SECONDS=30000 VLLM_NIXL_ABORT_REQUEST_TIMEOUT=300000 VLLM_RPC_TIMEOUT=3600000 VLLM_USE_MODELSCOPE=true VLLM_USE_V1=1 vllm serve vllm-ascend/DeepSeek-V3.2-W8A8 --host 0.0.0.0 --port 7100 --data-parallel-size 2 --data-parallel-rank 0 --data-parallel-address 10.0.0.205 --data-parallel-rpc-port 12321 --tensor-parallel-size 16 --enable-expert-parallel --seed 1024 --max-model-len 70000 --max-num-batched-tokens 8192 --max-num-seqs 16 --enforce-eager --trust-remote-code --gpu-memory-utilization 0.9 --quantization ascend --no-enable-prefix-caching --tokenizer-mode deepseek_v32 --reasoning-parser deepseek_v3 --speculative-config '{"method": "deepseek_mtp", "num_speculative_tokens": 2}' --kv-transfer-config '{"kv_connector": "MooncakeConnectorV1", "kv_role": "kv_producer", "kv_port": "30000", "engine_id": "0", "kv_connector_extra_config": {"prefill": {"dp_size": 2, "tp_size": 16}, "decode": {"dp_size": 8, "tp_size": 4}}}' --additional-config '{"enable_fused_mc2":1}'
2026-08-29T20:05:44.0541755Z [2026-08-29 20:05:44] [INFO] Polling external DP ranks: ready=0/1
2026-08-29T20:05:44.0550462Z   node=0 rank=0 role=prefiller url=http://10.0.0.205:7100/health status=waiting
2026-08-29T20:06:14.0571092Z [2026-08-29 20:06:14] [INFO] Polling external DP ranks: ready=0/1
2026-08-29T20:06:14.0578944Z   node=0 rank=0 role=prefiller url=http://10.0.0.205:7100/health status=waiting
2026-08-29T20:06:44.0625401Z [2026-08-29 20:06:44] [INFO] Polling external DP ranks: ready=0/1
2026-08-29T20:06:44.0632488Z   node=0 rank=0 role=prefiller url=http://10.0.0.205:7100/health status=waiting
2026-08-29T20:07:14.0620494Z [2026-08-29 20:07:14] [INFO] Polling external DP ranks: ready=0/1
2026-08-29T20:07:14.0630439Z   node=0 rank=0 role=prefiller url=http://10.0.0.205:7100/health status=waiting
2026-08-29T20:07:44.0655806Z [2026-08-29 20:07:44] [INFO] Polling external DP ranks: ready=0/1
2026-08-29T20:07:44.0663257Z   node=0 rank=0 role=prefiller url=http://10.0.0.205:7100/health status=waiting
2026-08-29T20:08:14.0675199Z [2026-08-29 20:08:14] [INFO] Polling external DP ranks: ready=0/1
2026-08-29T20:08:14.0682317Z   node=0 rank=0 role=prefiller url=http://10.0.0.205:7100/health status=waiting
2026-08-29T20:08:44.0702394Z [2026-08-29 20:08:44] [INFO] Polling external DP ranks: ready=0/1
2026-08-29T20:08:44.0709218Z   node=0 rank=0 role=prefiller url=http://10.0.0.205:7100/health status=waiting
2026-08-29T20:09:14.0718377Z [2026-08-29 20:09:14] [INFO] Polling external DP ranks: ready=0/1
2026-08-29T20:09:14.0727684Z   node=0 rank=0 role=prefiller url=http://10.0.0.205:7100/health status=waiting
2026-08-29T20:09:44.0741805Z [2026-08-29 20:09:44] [INFO] Polling external DP ranks: ready=0/1
2026-08-29T20:09:44.0751750Z   node=0 rank=0 role=prefiller url=http://10.0.0.205:7100/health status=waiting
2026-08-29T20:10:14.0816312Z [2026-08-29 20:10:14] [INFO] Polling external DP ranks: ready=0/1
2026-08-29T20:10:14.0824623Z   node=0 rank=0 role=prefiller url=http://10.0.0.205:7100/health status=waiting
2026-08-29T20:10:44.0795815Z [2026-08-29 20:10:44] [INFO] Polling external DP ranks: ready=0/1
2026-08-29T20:10:44.0805308Z   node=0 rank=0 role=prefiller url=http://10.0.0.205:7100/health status=waiting
2026-08-29T20:11:14.0820357Z [2026-08-29 20:11:14] [INFO] Polling external DP ranks: ready=0/1
2026-08-29T20:11:14.0829910Z   node=0 rank=0 role=prefiller url=http://10.0.0.205:7100/health status=waiting
2026-08-29T20:11:44.0879175Z [2026-08-29 20:11:44] [INFO] Polling external DP ranks: ready=0/1
2026-08-29T20:11:44.0887510Z   node=0 rank=0 role=prefiller url=http://10.0.0.205:7100/health status=waiting
2026-08-29T20:12:14.0869566Z [2026-08-29 20:12:14] [INFO] Polling external DP ranks: ready=0/1
2026-08-29T20:12:14.0879121Z   node=0 rank=0 role=prefiller url=http://10.0.0.205:7100/health status=waiting
2026-08-29T20:12:44.0895020Z [2026-08-29 20:12:44] [INFO] Polling external DP ranks: ready=0/1
2026-08-29T20:12:44.0903160Z   node=0 rank=0 role=prefiller url=http://10.0.0.205:7100/health status=waiting
2026-08-29T20:13:14.0941606Z [2026-08-29 20:13:14] [INFO] Polling external DP ranks: ready=0/1
2026-08-29T20:13:14.0950024Z   node=0 rank=0 role=prefiller url=http://10.0.0.205:7100/health status=waiting
2026-08-29T20:13:44.0947084Z [2026-08-29 20:13:44] [INFO] Polling external DP ranks: ready=0/1
2026-08-29T20:13:44.0954361Z   node=0 rank=0 role=prefiller url=http://10.0.0.205:7100/health status=waiting
2026-08-29T20:14:14.0974568Z [2026-08-29 20:14:14] [INFO] Polling external DP ranks: ready=0/1
2026-08-29T20:14:14.0982709Z   node=0 rank=0 role=prefiller url=http://10.0.0.205:7100/health status=waiting
2026-08-29T20:14:44.1004799Z [2026-08-29 20:14:44] [INFO] Polling external DP ranks: ready=0/1
2026-08-29T20:14:44.1013586Z   node=0 rank=0 role=prefiller url=http://10.0.0.205:7100/health status=waiting
2026-08-29T20:15:14.1038267Z [2026-08-29 20:15:14] [INFO] Polling external DP ranks: ready=0/1
2026-08-29T20:15:14.1044624Z   node=0 rank=0 role=prefiller url=http://10.0.0.205:7100/health status=waiting
2026-08-29T20:15:44.1050612Z [2026-08-29 20:15:44] [INFO] Polling external DP ranks: ready=0/1
2026-08-29T20:15:44.1057643Z   node=0 rank=0 role=prefiller url=http://10.0.0.205:7100/health status=waiting
2026-08-29T20:16:14.1095795Z [2026-08-29 20:16:14] [INFO] Polling external DP ranks: ready=0/1
2026-08-29T20:16:14.1099730Z   node=0 rank=0 role=prefiller url=http://10.0.0.205:7100/health status=waiting
2026-08-29T20:16:44.1099045Z [2026-08-29 20:16:44] [INFO] Polling external DP ranks: ready=0/1
2026-08-29T20:16:44.1106164Z   node=0 rank=0 role=prefiller url=http://10.0.0.205:7100/health status=waiting
2026-08-29T20:17:14.1123059Z [2026-08-29 20:17:14] [INFO] Polling external DP ranks: ready=0/1
2026-08-29T20:17:14.1131060Z   node=0 rank=0 role=prefiller url=http://10.0.0.205:7100/health status=waiting
2026-08-29T20:17:44.1169591Z [2026-08-29 20:17:44] [INFO] Polling external DP ranks: ready=0/1
2026-08-29T20:17:44.1176653Z   node=0 rank=0 role=prefiller url=http://10.0.0.205:7100/health status=waiting
2026-08-29T20:18:14.1210121Z [2026-08-29 20:18:14] [INFO] Polling external DP ranks: ready=0/1
2026-08-29T20:18:14.1218710Z   node=0 rank=0 role=prefiller url=http://10.0.0.205:7100/health status=waiting
2026-08-29T20:18:39.1219681Z [2026-08-29 20:18:39] [INFO] [READY] External DP rank node=0 rank=0 role=prefiller url=http://10.0.0.205:7100/health
2026-08-29T20:18:39.1245121Z [2026-08-29 20:18:39] [INFO] External DP proxy launched: http://10.0.0.205:1999/healthcheck
2026-08-29T20:18:39.1255110Z [2026-08-29 20:18:39] [INFO] [READY] External DP rank node=0 rank=0 role=prefiller url=http://10.0.0.205:7100/health
2026-08-29T20:18:39.1268686Z [2026-08-29 20:18:39] [INFO] [READY] External DP rank node=1 rank=0 role=prefiller url=http://10.0.0.190:7100/health
2026-08-29T20:18:39.1295035Z [2026-08-29 20:18:39] [INFO] [READY] External DP rank node=2 rank=0 role=decoder url=http://10.0.0.170:7100/health
2026-08-29T20:18:39.1317467Z [2026-08-29 20:18:39] [INFO] [READY] External DP rank node=2 rank=1 role=decoder url=http://10.0.0.170:7101/health
2026-08-29T20:18:39.1327041Z [2026-08-29 20:18:39] [INFO] [READY] External DP rank node=2 rank=2 role=decoder url=http://10.0.0.170:7102/health
2026-08-29T20:18:39.1340235Z [2026-08-29 20:18:39] [INFO] [READY] External DP rank node=2 rank=3 role=decoder url=http://10.0.0.170:7103/health
2026-08-29T20:18:39.1363585Z [2026-08-29 20:18:39] [INFO] [READY] External DP rank node=3 rank=0 role=decoder url=http://10.0.0.99:7100/health
2026-08-29T20:18:39.1386110Z [2026-08-29 20:18:39] [INFO] [READY] External DP rank node=3 rank=1 role=decoder url=http://10.0.0.99:7101/health
2026-08-29T20:18:39.1409257Z [2026-08-29 20:18:39] [INFO] [READY] External DP rank node=3 rank=2 role=decoder url=http://10.0.0.99:7102/health
2026-08-29T20:18:39.1460294Z [2026-08-29 20:18:39] [INFO] [READY] External DP rank node=3 rank=3 role=decoder url=http://10.0.0.99:7103/health
2026-08-29T20:18:41.1447608Z [2026-08-29 20:18:41] [INFO] External DP proxy ready: http://10.0.0.205:1999/healthcheck
2026-08-29T20:18:41.1492915Z [2026-08-29 20:18:41] [INFO] External DP server command node=0 rank=0: ACL_OP_INIT_MODE=1 ASCEND_A3_ENABLE=1 ASCEND_LOG_DEVICE_FLUSH_TIMEOUT=0 ASCEND_RT_VISIBLE_DEVICES=0,1,2,3,4,5,6,7,8,9,10,11,12,13,14,15 ASCEND_TRANSPORT_PRINT=1 HCCL_BUFFSIZE=360 HCCL_CONNECT_TIMEOUT=400 HCCL_EXEC_TIMEOUT=204 HCCL_OP_EXPANSION_MODE=AIV LD_LIBRARY_PATH=/usr/local/Ascend/ascend-toolkit/latest/python/site-packages/mooncake:/usr/local/python3.12.13/lib/python3.12/site-packages/cv2/../../lib64:/usr/local/Ascend/nnal/atb/latest/atb/cxx_abi_1/lib:/usr/local/Ascend/nnal/atb/latest/atb/cxx_abi_1/examples:/usr/local/Ascend/nnal/atb/latest/atb/cxx_abi_1/tests/atbopstest:/usr/local/Ascend/cann-9.1.0/lib64:/usr/local/Ascend/cann-9.1.0/lib64/plugin/opskernel:/usr/local/Ascend/cann-9.1.0/lib64/plugin/nnengine:/usr/local/Ascend/cann-9.1.0/opp/built-in/op_impl/ai_core/tbe/op_tiling/lib/linux/aarch64:/usr/local/Ascend/driver/lib64:/usr/local/Ascend/driver/lib64/common:/usr/local/Ascend/driver/lib64/driver:/usr/local/lib:/usr/local/Ascend/ascend-toolkit/latest/python/site-packages:/usr/local/Ascend/driver/lib64:/usr/local/Ascend/driver/lib64/common:/usr/local/Ascend/driver/lib64/driver:/usr/local/Ascend/nnal/atb/latest/atb/cxx_abi_1/lib:/usr/local/Ascend/nnal/atb/latest/atb/cxx_abi_1/examples:/usr/local/Ascend/nnal/atb/latest/atb/cxx_abi_1/tests/atbopstest:/usr/local/Ascend/ascend-toolkit/latest/tools/aml/lib64:/usr/local/Ascend/ascend-toolkit/latest/tools/aml/lib64/plugin:/usr/local/Ascend/ascend-toolkit/latest/lib64:/usr/local/Ascend/ascend-toolkit/latest/lib64/plugin/opskernel:/usr/local/Ascend/ascend-toolkit/latest/lib64/plugin/nnengine:/usr/local/Ascend/ascend-toolkit/latest/opp/built-in/op_impl/ai_core/tbe/op_tiling:/usr/local/python3.12.13/lib: OMP_NUM_THREADS=10 OMP_PROC_BIND=false PYTORCH_NPU_ALLOC_CONF=expandable_segments:True SERVER_PORT=7100 TASK_QUEUE_ENABLE=1 VLLM_EXECUTE_MODEL_TIMEOUT_SECONDS=30000 VLLM_NIXL_ABORT_REQUEST_TIMEOUT=300000 VLLM_RPC_TIMEOUT=3600000 VLLM_USE_MODELSCOPE=true VLLM_USE_V1=1 vllm serve vllm-ascend/DeepSeek-V3.2-W8A8 --host 0.0.0.0 --port 7100 --data-parallel-size 2 --data-parallel-rank 0 --data-parallel-address 10.0.0.205 --data-parallel-rpc-port 12321 --tensor-parallel-size 16 --enable-expert-parallel --seed 1024 --max-model-len 70000 --max-num-batched-tokens 8192 --max-num-seqs 16 --enforce-eager --trust-remote-code --gpu-memory-utilization 0.9 --quantization ascend --no-enable-prefix-caching --tokenizer-mode deepseek_v32 --reasoning-parser deepseek_v3 --speculative-config '{"method": "deepseek_mtp", "num_speculative_tokens": 2}' --kv-transfer-config '{"kv_connector": "MooncakeConnectorV1", "kv_role": "kv_producer", "kv_port": "30000", "engine_id": "0", "kv_connector_extra_config": {"prefill": {"dp_size": 2, "tp_size": 16}, "decode": {"dp_size": 8, "tp_size": 4}}}' --additional-config '{"enable_fused_mc2":1}'
2026-08-29T20:18:41.1523275Z [2026-08-29 20:18:41] [INFO] External DP server command node=1 rank=0: ACL_OP_INIT_MODE=1 ASCEND_A3_ENABLE=1 ASCEND_LOG_DEVICE_FLUSH_TIMEOUT=0 ASCEND_RT_VISIBLE_DEVICES=0,1,2,3,4,5,6,7,8,9,10,11,12,13,14,15 ASCEND_TRANSPORT_PRINT=1 HCCL_BUFFSIZE=360 HCCL_CONNECT_TIMEOUT=400 HCCL_EXEC_TIMEOUT=204 HCCL_OP_EXPANSION_MODE=AIV LD_LIBRARY_PATH=/usr/local/Ascend/ascend-toolkit/latest/python/site-packages/mooncake:/usr/local/python3.12.13/lib/python3.12/site-packages/cv2/../../lib64:/usr/local/Ascend/nnal/atb/latest/atb/cxx_abi_1/lib:/usr/local/Ascend/nnal/atb/latest/atb/cxx_abi_1/examples:/usr/local/Ascend/nnal/atb/latest/atb/cxx_abi_1/tests/atbopstest:/usr/local/Ascend/cann-9.1.0/lib64:/usr/local/Ascend/cann-9.1.0/lib64/plugin/opskernel:/usr/local/Ascend/cann-9.1.0/lib64/plugin/nnengine:/usr/local/Ascend/cann-9.1.0/opp/built-in/op_impl/ai_core/tbe/op_tiling/lib/linux/aarch64:/usr/local/Ascend/driver/lib64:/usr/local/Ascend/driver/lib64/common:/usr/local/Ascend/driver/lib64/driver:/usr/local/lib:/usr/local/Ascend/ascend-toolkit/latest/python/site-packages:/usr/local/Ascend/driver/lib64:/usr/local/Ascend/driver/lib64/common:/usr/local/Ascend/driver/lib64/driver:/usr/local/Ascend/nnal/atb/latest/atb/cxx_abi_1/lib:/usr/local/Ascend/nnal/atb/latest/atb/cxx_abi_1/examples:/usr/local/Ascend/nnal/atb/latest/atb/cxx_abi_1/tests/atbopstest:/usr/local/Ascend/ascend-toolkit/latest/tools/aml/lib64:/usr/local/Ascend/ascend-toolkit/latest/tools/aml/lib64/plugin:/usr/local/Ascend/ascend-toolkit/latest/lib64:/usr/local/Ascend/ascend-toolkit/latest/lib64/plugin/opskernel:/usr/local/Ascend/ascend-toolkit/latest/lib64/plugin/nnengine:/usr/local/Ascend/ascend-toolkit/latest/opp/built-in/op_impl/ai_core/tbe/op_tiling:/usr/local/python3.12.13/lib: OMP_NUM_THREADS=10 OMP_PROC_BIND=false PYTORCH_NPU_ALLOC_CONF=expandable_segments:True SERVER_PORT=7100 TASK_QUEUE_ENABLE=1 VLLM_EXECUTE_MODEL_TIMEOUT_SECONDS=30000 VLLM_NIXL_ABORT_REQUEST_TIMEOUT=300000 VLLM_RPC_TIMEOUT=3600000 VLLM_USE_MODELSCOPE=true VLLM_USE_V1=1 vllm serve vllm-ascend/DeepSeek-V3.2-W8A8 --host 0.0.0.0 --port 7100 --data-parallel-size 2 --data-parallel-rank 1 --data-parallel-address 10.0.0.205 --data-parallel-rpc-port 12321 --tensor-parallel-size 16 --enable-expert-parallel --enable-expert-parallel --seed 1024 --max-model-len 70000 --max-num-batched-tokens 8192 --max-num-seqs 16 --enforce-eager --trust-remote-code --gpu-memory-utilization 0.9 --quantization ascend --no-enable-prefix-caching --tokenizer-mode deepseek_v32 --reasoning-parser deepseek_v3 --speculative-config '{"method": "deepseek_mtp", "num_speculative_tokens": 2}' --kv-transfer-config '{"kv_connector": "MooncakeConnectorV1", "kv_role": "kv_producer", "kv_port": "30000", "engine_id": "0", "kv_connector_extra_config": {"prefill": {"dp_size": 2, "tp_size": 16}, "decode": {"dp_size": 8, "tp_size": 4}}}' --additional-config '{"enable_fused_mc2":1}'
2026-08-29T20:18:41.1552984Z [2026-08-29 20:18:41] [INFO] External DP server command node=2 rank=0: ACL_OP_INIT_MODE=1 ASCEND_A3_ENABLE=1 ASCEND_LOG_DEVICE_FLUSH_TIMEOUT=0 ASCEND_RT_VISIBLE_DEVICES=0,1,2,3 ASCEND_TRANSPORT_PRINT=1 DYNAMIC_EPLB=true HCCL_BUFFSIZE=1100 HCCL_CONNECT_TIMEOUT=400 HCCL_EXEC_TIMEOUT=204 HCCL_OP_EXPANSION_MODE=AIV LD_LIBRARY_PATH=/usr/local/Ascend/ascend-toolkit/latest/python/site-packages/mooncake:/usr/local/python3.12.13/lib/python3.12/site-packages/cv2/../../lib64:/usr/local/Ascend/nnal/atb/latest/atb/cxx_abi_1/lib:/usr/local/Ascend/nnal/atb/latest/atb/cxx_abi_1/examples:/usr/local/Ascend/nnal/atb/latest/atb/cxx_abi_1/tests/atbopstest:/usr/local/Ascend/cann-9.1.0/lib64:/usr/local/Ascend/cann-9.1.0/lib64/plugin/opskernel:/usr/local/Ascend/cann-9.1.0/lib64/plugin/nnengine:/usr/local/Ascend/cann-9.1.0/opp/built-in/op_impl/ai_core/tbe/op_tiling/lib/linux/aarch64:/usr/local/Ascend/driver/lib64:/usr/local/Ascend/driver/lib64/common:/usr/local/Ascend/driver/lib64/driver:/usr/local/lib:/usr/local/Ascend/ascend-toolkit/latest/python/site-packages:/usr/local/Ascend/driver/lib64:/usr/local/Ascend/driver/lib64/common:/usr/local/Ascend/driver/lib64/driver:/usr/local/Ascend/nnal/atb/latest/atb/cxx_abi_1/lib:/usr/local/Ascend/nnal/atb/latest/atb/cxx_abi_1/examples:/usr/local/Ascend/nnal/atb/latest/atb/cxx_abi_1/tests/atbopstest:/usr/local/Ascend/ascend-toolkit/latest/tools/aml/lib64:/usr/local/Ascend/ascend-toolkit/latest/tools/aml/lib64/plugin:/usr/local/Ascend/ascend-toolkit/latest/lib64:/usr/local/Ascend/ascend-toolkit/latest/lib64/plugin/opskernel:/usr/local/Ascend/ascend-toolkit/latest/lib64/plugin/nnengine:/usr/local/Ascend/ascend-toolkit/latest/opp/built-in/op_impl/ai_core/tbe/op_tiling:/usr/local/python3.12.13/lib: OMP_NUM_THREADS=10 OMP_PROC_BIND=false PYTORCH_NPU_ALLOC_CONF=expandable_segments:True SERVER_PORT=7100 TASK_QUEUE_ENABLE=1 VLLM_EXECUTE_MODEL_TIMEOUT_SECONDS=30000 VLLM_NIXL_ABORT_REQUEST_TIMEOUT=300000 VLLM_RPC_TIMEOUT=3600000 VLLM_USE_MODELSCOPE=true VLLM_USE_V1=1 vllm serve vllm-ascend/DeepSeek-V3.2-W8A8 --host 0.0.0.0 --port 7100 --data-parallel-size 8 --data-parallel-rank 0 --data-parallel-address 10.0.0.170 --data-parallel-rpc-port 12321 --tensor-parallel-size 4 --enable-expert-parallel --seed 1024 --max-model-len 70000 --max-num-batched-tokens 100 --max-num-seqs 40 --trust-remote-code --gpu-memory-utilization 0.93 --quantization ascend --no-enable-prefix-caching --tokenizer-mode deepseek_v32 --reasoning-parser deepseek_v3 --async-scheduling --speculative-config '{"method": "deepseek_mtp", "num_speculative_tokens": 2}' --compilation-config '{"cudagraph_mode":"FULL_DECODE_ONLY", "cudagraph_capture_sizes":[3,6,9,12,15,18,21,24,27,30,33,36,39,42]}' --additional-config '{"recompute_scheduler_enable": true,"eplb_config": {"dynamic_eplb":true,"expert_heat_collection_interval":2000,"algorithm_execution_interval":50, "eplb_policy_type":3, "num_redundant_experts":0},"enable_fused_mc2":1,"enable_mlapo":true}' --kv-transfer-config '{"kv_connector": "MooncakeConnectorV1", "kv_role": "kv_consumer", "kv_port": "30200", "engine_id": "2", "kv_connector_extra_config": {"prefill": {"dp_size": 2, "tp_size": 16}, "decode": {"dp_size": 8, "tp_size": 4}}}'
2026-08-29T20:18:41.1578677Z [2026-08-29 20:18:41] [INFO] External DP server command node=2 rank=1: ACL_OP_INIT_MODE=1 ASCEND_A3_ENABLE=1 ASCEND_LOG_DEVICE_FLUSH_TIMEOUT=0 ASCEND_RT_VISIBLE_DEVICES=4,5,6,7 ASCEND_TRANSPORT_PRINT=1 DYNAMIC_EPLB=true HCCL_BUFFSIZE=1100 HCCL_CONNECT_TIMEOUT=400 HCCL_EXEC_TIMEOUT=204 HCCL_OP_EXPANSION_MODE=AIV LD_LIBRARY_PATH=/usr/local/Ascend/ascend-toolkit/latest/python/site-packages/mooncake:/usr/local/python3.12.13/lib/python3.12/site-packages/cv2/../../lib64:/usr/local/Ascend/nnal/atb/latest/atb/cxx_abi_1/lib:/usr/local/Ascend/nnal/atb/latest/atb/cxx_abi_1/examples:/usr/local/Ascend/nnal/atb/latest/atb/cxx_abi_1/tests/atbopstest:/usr/local/Ascend/cann-9.1.0/lib64:/usr/local/Ascend/cann-9.1.0/lib64/plugin/opskernel:/usr/local/Ascend/cann-9.1.0/lib64/plugin/nnengine:/usr/local/Ascend/cann-9.1.0/opp/built-in/op_impl/ai_core/tbe/op_tiling/lib/linux/aarch64:/usr/local/Ascend/driver/lib64:/usr/local/Ascend/driver/lib64/common:/usr/local/Ascend/driver/lib64/driver:/usr/local/lib:/usr/local/Ascend/ascend-toolkit/latest/python/site-packages:/usr/local/Ascend/driver/lib64:/usr/local/Ascend/driver/lib64/common:/usr/local/Ascend/driver/lib64/driver:/usr/local/Ascend/nnal/atb/latest/atb/cxx_abi_1/lib:/usr/local/Ascend/nnal/atb/latest/atb/cxx_abi_1/examples:/usr/local/Ascend/nnal/atb/latest/atb/cxx_abi_1/tests/atbopstest:/usr/local/Ascend/ascend-toolkit/latest/tools/aml/lib64:/usr/local/Ascend/ascend-toolkit/latest/tools/aml/lib64/plugin:/usr/local/Ascend/ascend-toolkit/latest/lib64:/usr/local/Ascend/ascend-toolkit/latest/lib64/plugin/opskernel:/usr/local/Ascend/ascend-toolkit/latest/lib64/plugin/nnengine:/usr/local/Ascend/ascend-toolkit/latest/opp/built-in/op_impl/ai_core/tbe/op_tiling:/usr/local/python3.12.13/lib: OMP_NUM_THREADS=10 OMP_PROC_BIND=false PYTORCH_NPU_ALLOC_CONF=expandable_segments:True SERVER_PORT=7101 TASK_QUEUE_ENABLE=1 VLLM_EXECUTE_MODEL_TIMEOUT_SECONDS=30000 VLLM_NIXL_ABORT_REQUEST_TIMEOUT=300000 VLLM_RPC_TIMEOUT=3600000 VLLM_USE_MODELSCOPE=true VLLM_USE_V1=1 vllm serve vllm-ascend/DeepSeek-V3.2-W8A8 --host 0.0.0.0 --port 7101 --data-parallel-size 8 --data-parallel-rank 1 --data-parallel-address 10.0.0.170 --data-parallel-rpc-port 12321 --tensor-parallel-size 4 --enable-expert-parallel --seed 1024 --max-model-len 70000 --max-num-batched-tokens 100 --max-num-seqs 40 --trust-remote-code --gpu-memory-utilization 0.93 --quantization ascend --no-enable-prefix-caching --tokenizer-mode deepseek_v32 --reasoning-parser deepseek_v3 --async-scheduling --speculative-config '{"method": "deepseek_mtp", "num_speculative_tokens": 2}' --compilation-config '{"cudagraph_mode":"FULL_DECODE_ONLY", "cudagraph_capture_sizes":[3,6,9,12,15,18,21,24,27,30,33,36,39,42]}' --additional-config '{"recompute_scheduler_enable": true,"eplb_config": {"dynamic_eplb":true,"expert_heat_collection_interval":2000,"algorithm_execution_interval":50, "eplb_policy_type":3, "num_redundant_experts":0},"enable_fused_mc2":1,"enable_mlapo":true}' --kv-transfer-config '{"kv_connector": "MooncakeConnectorV1", "kv_role": "kv_consumer", "kv_port": "30200", "engine_id": "2", "kv_connector_extra_config": {"prefill": {"dp_size": 2, "tp_size": 16}, "decode": {"dp_size": 8, "tp_size": 4}}}'
2026-08-29T20:18:41.1603661Z [2026-08-29 20:18:41] [INFO] External DP server command node=2 rank=2: ACL_OP_INIT_MODE=1 ASCEND_A3_ENABLE=1 ASCEND_LOG_DEVICE_FLUSH_TIMEOUT=0 ASCEND_RT_VISIBLE_DEVICES=8,9,10,11 ASCEND_TRANSPORT_PRINT=1 DYNAMIC_EPLB=true HCCL_BUFFSIZE=1100 HCCL_CONNECT_TIMEOUT=400 HCCL_EXEC_TIMEOUT=204 HCCL_OP_EXPANSION_MODE=AIV LD_LIBRARY_PATH=/usr/local/Ascend/ascend-toolkit/latest/python/site-packages/mooncake:/usr/local/python3.12.13/lib/python3.12/site-packages/cv2/../../lib64:/usr/local/Ascend/nnal/atb/latest/atb/cxx_abi_1/lib:/usr/local/Ascend/nnal/atb/latest/atb/cxx_abi_1/examples:/usr/local/Ascend/nnal/atb/latest/atb/cxx_abi_1/tests/atbopstest:/usr/local/Ascend/cann-9.1.0/lib64:/usr/local/Ascend/cann-9.1.0/lib64/plugin/opskernel:/usr/local/Ascend/cann-9.1.0/lib64/plugin/nnengine:/usr/local/Ascend/cann-9.1.0/opp/built-in/op_impl/ai_core/tbe/op_tiling/lib/linux/aarch64:/usr/local/Ascend/driver/lib64:/usr/local/Ascend/driver/lib64/common:/usr/local/Ascend/driver/lib64/driver:/usr/local/lib:/usr/local/Ascend/ascend-toolkit/latest/python/site-packages:/usr/local/Ascend/driver/lib64:/usr/local/Ascend/driver/lib64/common:/usr/local/Ascend/driver/lib64/driver:/usr/local/Ascend/nnal/atb/latest/atb/cxx_abi_1/lib:/usr/local/Ascend/nnal/atb/latest/atb/cxx_abi_1/examples:/usr/local/Ascend/nnal/atb/latest/atb/cxx_abi_1/tests/atbopstest:/usr/local/Ascend/ascend-toolkit/latest/tools/aml/lib64:/usr/local/Ascend/ascend-toolkit/latest/tools/aml/lib64/plugin:/usr/local/Ascend/ascend-toolkit/latest/lib64:/usr/local/Ascend/ascend-toolkit/latest/lib64/plugin/opskernel:/usr/local/Ascend/ascend-toolkit/latest/lib64/plugin/nnengine:/usr/local/Ascend/ascend-toolkit/latest/opp/built-in/op_impl/ai_core/tbe/op_tiling:/usr/local/python3.12.13/lib: OMP_NUM_THREADS=10 OMP_PROC_BIND=false PYTORCH_NPU_ALLOC_CONF=expandable_segments:True SERVER_PORT=7102 TASK_QUEUE_ENABLE=1 VLLM_EXECUTE_MODEL_TIMEOUT_SECONDS=30000 VLLM_NIXL_ABORT_REQUEST_TIMEOUT=300000 VLLM_RPC_TIMEOUT=3600000 VLLM_USE_MODELSCOPE=true VLLM_USE_V1=1 vllm serve vllm-ascend/DeepSeek-V3.2-W8A8 --host 0.0.0.0 --port 7102 --data-parallel-size 8 --data-parallel-rank 2 --data-parallel-address 10.0.0.170 --data-parallel-rpc-port 12321 --tensor-parallel-size 4 --enable-expert-parallel --seed 1024 --max-model-len 70000 --max-num-batched-tokens 100 --max-num-seqs 40 --trust-remote-code --gpu-memory-utilization 0.93 --quantization ascend --no-enable-prefix-caching --tokenizer-mode deepseek_v32 --reasoning-parser deepseek_v3 --async-scheduling --speculative-config '{"method": "deepseek_mtp", "num_speculative_tokens": 2}' --compilation-config '{"cudagraph_mode":"FULL_DECODE_ONLY", "cudagraph_capture_sizes":[3,6,9,12,15,18,21,24,27,30,33,36,39,42]}' --additional-config '{"recompute_scheduler_enable": true,"eplb_config": {"dynamic_eplb":true,"expert_heat_collection_interval":2000,"algorithm_execution_interval":50, "eplb_policy_type":3, "num_redundant_experts":0},"enable_fused_mc2":1,"enable_mlapo":true}' --kv-transfer-config '{"kv_connector": "MooncakeConnectorV1", "kv_role": "kv_consumer", "kv_port": "30200", "engine_id": "2", "kv_connector_extra_config": {"prefill": {"dp_size": 2, "tp_size": 16}, "decode": {"dp_size": 8, "tp_size": 4}}}'
2026-08-29T20:18:41.1629452Z [2026-08-29 20:18:41] [INFO] External DP server command node=2 rank=3: ACL_OP_INIT_MODE=1 ASCEND_A3_ENABLE=1 ASCEND_LOG_DEVICE_FLUSH_TIMEOUT=0 ASCEND_RT_VISIBLE_DEVICES=12,13,14,15 ASCEND_TRANSPORT_PRINT=1 DYNAMIC_EPLB=true HCCL_BUFFSIZE=1100 HCCL_CONNECT_TIMEOUT=400 HCCL_EXEC_TIMEOUT=204 HCCL_OP_EXPANSION_MODE=AIV LD_LIBRARY_PATH=/usr/local/Ascend/ascend-toolkit/latest/python/site-packages/mooncake:/usr/local/python3.12.13/lib/python3.12/site-packages/cv2/../../lib64:/usr/local/Ascend/nnal/atb/latest/atb/cxx_abi_1/lib:/usr/local/Ascend/nnal/atb/latest/atb/cxx_abi_1/examples:/usr/local/Ascend/nnal/atb/latest/atb/cxx_abi_1/tests/atbopstest:/usr/local/Ascend/cann-9.1.0/lib64:/usr/local/Ascend/cann-9.1.0/lib64/plugin/opskernel:/usr/local/Ascend/cann-9.1.0/lib64/plugin/nnengine:/usr/local/Ascend/cann-9.1.0/opp/built-in/op_impl/ai_core/tbe/op_tiling/lib/linux/aarch64:/usr/local/Ascend/driver/lib64:/usr/local/Ascend/driver/lib64/common:/usr/local/Ascend/driver/lib64/driver:/usr/local/lib:/usr/local/Ascend/ascend-toolkit/latest/python/site-packages:/usr/local/Ascend/driver/lib64:/usr/local/Ascend/driver/lib64/common:/usr/local/Ascend/driver/lib64/driver:/usr/local/Ascend/nnal/atb/latest/atb/cxx_abi_1/lib:/usr/local/Ascend/nnal/atb/latest/atb/cxx_abi_1/examples:/usr/local/Ascend/nnal/atb/latest/atb/cxx_abi_1/tests/atbopstest:/usr/local/Ascend/ascend-toolkit/latest/tools/aml/lib64:/usr/local/Ascend/ascend-toolkit/latest/tools/aml/lib64/plugin:/usr/local/Ascend/ascend-toolkit/latest/lib64:/usr/local/Ascend/ascend-toolkit/latest/lib64/plugin/opskernel:/usr/local/Ascend/ascend-toolkit/latest/lib64/plugin/nnengine:/usr/local/Ascend/ascend-toolkit/latest/opp/built-in/op_impl/ai_core/tbe/op_tiling:/usr/local/python3.12.13/lib: OMP_NUM_THREADS=10 OMP_PROC_BIND=false PYTORCH_NPU_ALLOC_CONF=expandable_segments:True SERVER_PORT=7103 TASK_QUEUE_ENABLE=1 VLLM_EXECUTE_MODEL_TIMEOUT_SECONDS=30000 VLLM_NIXL_ABORT_REQUEST_TIMEOUT=300000 VLLM_RPC_TIMEOUT=3600000 VLLM_USE_MODELSCOPE=true VLLM_USE_V1=1 vllm serve vllm-ascend/DeepSeek-V3.2-W8A8 --host 0.0.0.0 --port 7103 --data-parallel-size 8 --data-parallel-rank 3 --data-parallel-address 10.0.0.170 --data-parallel-rpc-port 12321 --tensor-parallel-size 4 --enable-expert-parallel --seed 1024 --max-model-len 70000 --max-num-batched-tokens 100 --max-num-seqs 40 --trust-remote-code --gpu-memory-utilization 0.93 --quantization ascend --no-enable-prefix-caching --tokenizer-mode deepseek_v32 --reasoning-parser deepseek_v3 --async-scheduling --speculative-config '{"method": "deepseek_mtp", "num_speculative_tokens": 2}' --compilation-config '{"cudagraph_mode":"FULL_DECODE_ONLY", "cudagraph_capture_sizes":[3,6,9,12,15,18,21,24,27,30,33,36,39,42]}' --additional-config '{"recompute_scheduler_enable": true,"eplb_config": {"dynamic_eplb":true,"expert_heat_collection_interval":2000,"algorithm_execution_interval":50, "eplb_policy_type":3, "num_redundant_experts":0},"enable_fused_mc2":1,"enable_mlapo":true}' --kv-transfer-config '{"kv_connector": "MooncakeConnectorV1", "kv_role": "kv_consumer", "kv_port": "30200", "engine_id": "2", "kv_connector_extra_config": {"prefill": {"dp_size": 2, "tp_size": 16}, "decode": {"dp_size": 8, "tp_size": 4}}}'
2026-08-29T20:18:41.1652679Z [2026-08-29 20:18:41] [INFO] External DP server command node=3 rank=0: ACL_OP_INIT_MODE=1 ASCEND_A3_ENABLE=1 ASCEND_LOG_DEVICE_FLUSH_TIMEOUT=0 ASCEND_RT_VISIBLE_DEVICES=0,1,2,3 ASCEND_TRANSPORT_PRINT=1 DYNAMIC_EPLB=true HCCL_BUFFSIZE=1100 HCCL_CONNECT_TIMEOUT=400 HCCL_EXEC_TIMEOUT=204 HCCL_OP_EXPANSION_MODE=AIV LD_LIBRARY_PATH=/usr/local/Ascend/ascend-toolkit/latest/python/site-packages/mooncake:/usr/local/python3.12.13/lib/python3.12/site-packages/cv2/../../lib64:/usr/local/Ascend/nnal/atb/latest/atb/cxx_abi_1/lib:/usr/local/Ascend/nnal/atb/latest/atb/cxx_abi_1/examples:/usr/local/Ascend/nnal/atb/latest/atb/cxx_abi_1/tests/atbopstest:/usr/local/Ascend/cann-9.1.0/lib64:/usr/local/Ascend/cann-9.1.0/lib64/plugin/opskernel:/usr/local/Ascend/cann-9.1.0/lib64/plugin/nnengine:/usr/local/Ascend/cann-9.1.0/opp/built-in/op_impl/ai_core/tbe/op_tiling/lib/linux/aarch64:/usr/local/Ascend/driver/lib64:/usr/local/Ascend/driver/lib64/common:/usr/local/Ascend/driver/lib64/driver:/usr/local/lib:/usr/local/Ascend/ascend-toolkit/latest/python/site-packages:/usr/local/Ascend/driver/lib64:/usr/local/Ascend/driver/lib64/common:/usr/local/Ascend/driver/lib64/driver:/usr/local/Ascend/nnal/atb/latest/atb/cxx_abi_1/lib:/usr/local/Ascend/nnal/atb/latest/atb/cxx_abi_1/examples:/usr/local/Ascend/nnal/atb/latest/atb/cxx_abi_1/tests/atbopstest:/usr/local/Ascend/ascend-toolkit/latest/tools/aml/lib64:/usr/local/Ascend/ascend-toolkit/latest/tools/aml/lib64/plugin:/usr/local/Ascend/ascend-toolkit/latest/lib64:/usr/local/Ascend/ascend-toolkit/latest/lib64/plugin/opskernel:/usr/local/Ascend/ascend-toolkit/latest/lib64/plugin/nnengine:/usr/local/Ascend/ascend-toolkit/latest/opp/built-in/op_impl/ai_core/tbe/op_tiling:/usr/local/python3.12.13/lib: OMP_NUM_THREADS=10 OMP_PROC_BIND=false PYTORCH_NPU_ALLOC_CONF=expandable_segments:True SERVER_PORT=7100 TASK_QUEUE_ENABLE=1 VLLM_EXECUTE_MODEL_TIMEOUT_SECONDS=30000 VLLM_NIXL_ABORT_REQUEST_TIMEOUT=300000 VLLM_RPC_TIMEOUT=3600000 VLLM_USE_MODELSCOPE=true VLLM_USE_V1=1 vllm serve vllm-ascend/DeepSeek-V3.2-W8A8 --host 0.0.0.0 --port 7100 --data-parallel-size 8 --data-parallel-rank 4 --data-parallel-address 10.0.0.170 --data-parallel-rpc-port 12321 --tensor-parallel-size 4 --enable-expert-parallel --seed 1024 --max-model-len 70000 --max-num-batched-tokens 100 --max-num-seqs 40 --trust-remote-code --gpu-memory-utilization 0.93 --quantization ascend --no-enable-prefix-caching --tokenizer-mode deepseek_v32 --reasoning-parser deepseek_v3 --async-scheduling --speculative-config '{"method": "deepseek_mtp", "num_speculative_tokens": 2}' --compilation-config '{"cudagraph_mode":"FULL_DECODE_ONLY", "cudagraph_capture_sizes":[3,6,9,12,15,18,21,24,27,30,33,36,39,42]}' --additional-config '{"recompute_scheduler_enable": true,"eplb_config": {"dynamic_eplb":true,"expert_heat_collection_interval":2000,"algorithm_execution_interval":50, "eplb_policy_type":3, "num_redundant_experts":0},"enable_fused_mc2":1,"enable_mlapo":true}' --kv-transfer-config '{"kv_connector": "MooncakeConnectorV1", "kv_role": "kv_consumer", "kv_port": "30200", "engine_id": "2", "kv_connector_extra_config": {"prefill": {"dp_size": 2, "tp_size": 16}, "decode": {"dp_size": 8, "tp_size": 4}}}'
2026-08-29T20:18:41.1675413Z [2026-08-29 20:18:41] [INFO] External DP server command node=3 rank=1: ACL_OP_INIT_MODE=1 ASCEND_A3_ENABLE=1 ASCEND_LOG_DEVICE_FLUSH_TIMEOUT=0 ASCEND_RT_VISIBLE_DEVICES=4,5,6,7 ASCEND_TRANSPORT_PRINT=1 DYNAMIC_EPLB=true HCCL_BUFFSIZE=1100 HCCL_CONNECT_TIMEOUT=400 HCCL_EXEC_TIMEOUT=204 HCCL_OP_EXPANSION_MODE=AIV LD_LIBRARY_PATH=/usr/local/Ascend/ascend-toolkit/latest/python/site-packages/mooncake:/usr/local/python3.12.13/lib/python3.12/site-packages/cv2/../../lib64:/usr/local/Ascend/nnal/atb/latest/atb/cxx_abi_1/lib:/usr/local/Ascend/nnal/atb/latest/atb/cxx_abi_1/examples:/usr/local/Ascend/nnal/atb/latest/atb/cxx_abi_1/tests/atbopstest:/usr/local/Ascend/cann-9.1.0/lib64:/usr/local/Ascend/cann-9.1.0/lib64/plugin/opskernel:/usr/local/Ascend/cann-9.1.0/lib64/plugin/nnengine:/usr/local/Ascend/cann-9.1.0/opp/built-in/op_impl/ai_core/tbe/op_tiling/lib/linux/aarch64:/usr/local/Ascend/driver/lib64:/usr/local/Ascend/driver/lib64/common:/usr/local/Ascend/driver/lib64/driver:/usr/local/lib:/usr/local/Ascend/ascend-toolkit/latest/python/site-packages:/usr/local/Ascend/driver/lib64:/usr/local/Ascend/driver/lib64/common:/usr/local/Ascend/driver/lib64/driver:/usr/local/Ascend/nnal/atb/latest/atb/cxx_abi_1/lib:/usr/local/Ascend/nnal/atb/latest/atb/cxx_abi_1/examples:/usr/local/Ascend/nnal/atb/latest/atb/cxx_abi_1/tests/atbopstest:/usr/local/Ascend/ascend-toolkit/latest/tools/aml/lib64:/usr/local/Ascend/ascend-toolkit/latest/tools/aml/lib64/plugin:/usr/local/Ascend/ascend-toolkit/latest/lib64:/usr/local/Ascend/ascend-toolkit/latest/lib64/plugin/opskernel:/usr/local/Ascend/ascend-toolkit/latest/lib64/plugin/nnengine:/usr/local/Ascend/ascend-toolkit/latest/opp/built-in/op_impl/ai_core/tbe/op_tiling:/usr/local/python3.12.13/lib: OMP_NUM_THREADS=10 OMP_PROC_BIND=false PYTORCH_NPU_ALLOC_CONF=expandable_segments:True SERVER_PORT=7101 TASK_QUEUE_ENABLE=1 VLLM_EXECUTE_MODEL_TIMEOUT_SECONDS=30000 VLLM_NIXL_ABORT_REQUEST_TIMEOUT=300000 VLLM_RPC_TIMEOUT=3600000 VLLM_USE_MODELSCOPE=true VLLM_USE_V1=1 vllm serve vllm-ascend/DeepSeek-V3.2-W8A8 --host 0.0.0.0 --port 7101 --data-parallel-size 8 --data-parallel-rank 5 --data-parallel-address 10.0.0.170 --data-parallel-rpc-port 12321 --tensor-parallel-size 4 --enable-expert-parallel --seed 1024 --max-model-len 70000 --max-num-batched-tokens 100 --max-num-seqs 40 --trust-remote-code --gpu-memory-utilization 0.93 --quantization ascend --no-enable-prefix-caching --tokenizer-mode deepseek_v32 --reasoning-parser deepseek_v3 --async-scheduling --speculative-config '{"method": "deepseek_mtp", "num_speculative_tokens": 2}' --compilation-config '{"cudagraph_mode":"FULL_DECODE_ONLY", "cudagraph_capture_sizes":[3,6,9,12,15,18,21,24,27,30,33,36,39,42]}' --additional-config '{"recompute_scheduler_enable": true,"eplb_config": {"dynamic_eplb":true,"expert_heat_collection_interval":2000,"algorithm_execution_interval":50, "eplb_policy_type":3, "num_redundant_experts":0},"enable_fused_mc2":1,"enable_mlapo":true}' --kv-transfer-config '{"kv_connector": "MooncakeConnectorV1", "kv_role": "kv_consumer", "kv_port": "30200", "engine_id": "2", "kv_connector_extra_config": {"prefill": {"dp_size": 2, "tp_size": 16}, "decode": {"dp_size": 8, "tp_size": 4}}}'
2026-08-29T20:18:41.1698358Z [2026-08-29 20:18:41] [INFO] External DP server command node=3 rank=2: ACL_OP_INIT_MODE=1 ASCEND_A3_ENABLE=1 ASCEND_LOG_DEVICE_FLUSH_TIMEOUT=0 ASCEND_RT_VISIBLE_DEVICES=8,9,10,11 ASCEND_TRANSPORT_PRINT=1 DYNAMIC_EPLB=true HCCL_BUFFSIZE=1100 HCCL_CONNECT_TIMEOUT=400 HCCL_EXEC_TIMEOUT=204 HCCL_OP_EXPANSION_MODE=AIV LD_LIBRARY_PATH=/usr/local/Ascend/ascend-toolkit/latest/python/site-packages/mooncake:/usr/local/python3.12.13/lib/python3.12/site-packages/cv2/../../lib64:/usr/local/Ascend/nnal/atb/latest/atb/cxx_abi_1/lib:/usr/local/Ascend/nnal/atb/latest/atb/cxx_abi_1/examples:/usr/local/Ascend/nnal/atb/latest/atb/cxx_abi_1/tests/atbopstest:/usr/local/Ascend/cann-9.1.0/lib64:/usr/local/Ascend/cann-9.1.0/lib64/plugin/opskernel:/usr/local/Ascend/cann-9.1.0/lib64/plugin/nnengine:/usr/local/Ascend/cann-9.1.0/opp/built-in/op_impl/ai_core/tbe/op_tiling/lib/linux/aarch64:/usr/local/Ascend/driver/lib64:/usr/local/Ascend/driver/lib64/common:/usr/local/Ascend/driver/lib64/driver:/usr/local/lib:/usr/local/Ascend/ascend-toolkit/latest/python/site-packages:/usr/local/Ascend/driver/lib64:/usr/local/Ascend/driver/lib64/common:/usr/local/Ascend/driver/lib64/driver:/usr/local/Ascend/nnal/atb/latest/atb/cxx_abi_1/lib:/usr/local/Ascend/nnal/atb/latest/atb/cxx_abi_1/examples:/usr/local/Ascend/nnal/atb/latest/atb/cxx_abi_1/tests/atbopstest:/usr/local/Ascend/ascend-toolkit/latest/tools/aml/lib64:/usr/local/Ascend/ascend-toolkit/latest/tools/aml/lib64/plugin:/usr/local/Ascend/ascend-toolkit/latest/lib64:/usr/local/Ascend/ascend-toolkit/latest/lib64/plugin/opskernel:/usr/local/Ascend/ascend-toolkit/latest/lib64/plugin/nnengine:/usr/local/Ascend/ascend-toolkit/latest/opp/built-in/op_impl/ai_core/tbe/op_tiling:/usr/local/python3.12.13/lib: OMP_NUM_THREADS=10 OMP_PROC_BIND=false PYTORCH_NPU_ALLOC_CONF=expandable_segments:True SERVER_PORT=7102 TASK_QUEUE_ENABLE=1 VLLM_EXECUTE_MODEL_TIMEOUT_SECONDS=30000 VLLM_NIXL_ABORT_REQUEST_TIMEOUT=300000 VLLM_RPC_TIMEOUT=3600000 VLLM_USE_MODELSCOPE=true VLLM_USE_V1=1 vllm serve vllm-ascend/DeepSeek-V3.2-W8A8 --host 0.0.0.0 --port 7102 --data-parallel-size 8 --data-parallel-rank 6 --data-parallel-address 10.0.0.170 --data-parallel-rpc-port 12321 --tensor-parallel-size 4 --enable-expert-parallel --seed 1024 --max-model-len 70000 --max-num-batched-tokens 100 --max-num-seqs 40 --trust-remote-code --gpu-memory-utilization 0.93 --quantization ascend --no-enable-prefix-caching --tokenizer-mode deepseek_v32 --reasoning-parser deepseek_v3 --async-scheduling --speculative-config '{"method": "deepseek_mtp", "num_speculative_tokens": 2}' --compilation-config '{"cudagraph_mode":"FULL_DECODE_ONLY", "cudagraph_capture_sizes":[3,6,9,12,15,18,21,24,27,30,33,36,39,42]}' --additional-config '{"recompute_scheduler_enable": true,"eplb_config": {"dynamic_eplb":true,"expert_heat_collection_interval":2000,"algorithm_execution_interval":50, "eplb_policy_type":3, "num_redundant_experts":0},"enable_fused_mc2":1,"enable_mlapo":true}' --kv-transfer-config '{"kv_connector": "MooncakeConnectorV1", "kv_role": "kv_consumer", "kv_port": "30200", "engine_id": "2", "kv_connector_extra_config": {"prefill": {"dp_size": 2, "tp_size": 16}, "decode": {"dp_size": 8, "tp_size": 4}}}'
2026-08-29T20:18:41.1721369Z [2026-08-29 20:18:41] [INFO] External DP server command node=3 rank=3: ACL_OP_INIT_MODE=1 ASCEND_A3_ENABLE=1 ASCEND_LOG_DEVICE_FLUSH_TIMEOUT=0 ASCEND_RT_VISIBLE_DEVICES=12,13,14,15 ASCEND_TRANSPORT_PRINT=1 DYNAMIC_EPLB=true HCCL_BUFFSIZE=1100 HCCL_CONNECT_TIMEOUT=400 HCCL_EXEC_TIMEOUT=204 HCCL_OP_EXPANSION_MODE=AIV LD_LIBRARY_PATH=/usr/local/Ascend/ascend-toolkit/latest/python/site-packages/mooncake:/usr/local/python3.12.13/lib/python3.12/site-packages/cv2/../../lib64:/usr/local/Ascend/nnal/atb/latest/atb/cxx_abi_1/lib:/usr/local/Ascend/nnal/atb/latest/atb/cxx_abi_1/examples:/usr/local/Ascend/nnal/atb/latest/atb/cxx_abi_1/tests/atbopstest:/usr/local/Ascend/cann-9.1.0/lib64:/usr/local/Ascend/cann-9.1.0/lib64/plugin/opskernel:/usr/local/Ascend/cann-9.1.0/lib64/plugin/nnengine:/usr/local/Ascend/cann-9.1.0/opp/built-in/op_impl/ai_core/tbe/op_tiling/lib/linux/aarch64:/usr/local/Ascend/driver/lib64:/usr/local/Ascend/driver/lib64/common:/usr/local/Ascend/driver/lib64/driver:/usr/local/lib:/usr/local/Ascend/ascend-toolkit/latest/python/site-packages:/usr/local/Ascend/driver/lib64:/usr/local/Ascend/driver/lib64/common:/usr/local/Ascend/driver/lib64/driver:/usr/local/Ascend/nnal/atb/latest/atb/cxx_abi_1/lib:/usr/local/Ascend/nnal/atb/latest/atb/cxx_abi_1/examples:/usr/local/Ascend/nnal/atb/latest/atb/cxx_abi_1/tests/atbopstest:/usr/local/Ascend/ascend-toolkit/latest/tools/aml/lib64:/usr/local/Ascend/ascend-toolkit/latest/tools/aml/lib64/plugin:/usr/local/Ascend/ascend-toolkit/latest/lib64:/usr/local/Ascend/ascend-toolkit/latest/lib64/plugin/opskernel:/usr/local/Ascend/ascend-toolkit/latest/lib64/plugin/nnengine:/usr/local/Ascend/ascend-toolkit/latest/opp/built-in/op_impl/ai_core/tbe/op_tiling:/usr/local/python3.12.13/lib: OMP_NUM_THREADS=10 OMP_PROC_BIND=false PYTORCH_NPU_ALLOC_CONF=expandable_segments:True SERVER_PORT=7103 TASK_QUEUE_ENABLE=1 VLLM_EXECUTE_MODEL_TIMEOUT_SECONDS=30000 VLLM_NIXL_ABORT_REQUEST_TIMEOUT=300000 VLLM_RPC_TIMEOUT=3600000 VLLM_USE_MODELSCOPE=true VLLM_USE_V1=1 vllm serve vllm-ascend/DeepSeek-V3.2-W8A8 --host 0.0.0.0 --port 7103 --data-parallel-size 8 --data-parallel-rank 7 --data-parallel-address 10.0.0.170 --data-parallel-rpc-port 12321 --tensor-parallel-size 4 --enable-expert-parallel --seed 1024 --max-model-len 70000 --max-num-batched-tokens 100 --max-num-seqs 40 --trust-remote-code --gpu-memory-utilization 0.93 --quantization ascend --no-enable-prefix-caching --tokenizer-mode deepseek_v32 --reasoning-parser deepseek_v3 --async-scheduling --speculative-config '{"method": "deepseek_mtp", "num_speculative_tokens": 2}' --compilation-config '{"cudagraph_mode":"FULL_DECODE_ONLY", "cudagraph_capture_sizes":[3,6,9,12,15,18,21,24,27,30,33,36,39,42]}' --additional-config '{"recompute_scheduler_enable": true,"eplb_config": {"dynamic_eplb":true,"expert_heat_collection_interval":2000,"algorithm_execution_interval":50, "eplb_policy_type":3, "num_redundant_experts":0},"enable_fused_mc2":1,"enable_mlapo":true}' --kv-transfer-config '{"kv_connector": "MooncakeConnectorV1", "kv_role": "kv_consumer", "kv_port": "30200", "engine_id": "2", "kv_connector_extra_config": {"prefill": {"dp_size": 2, "tp_size": 16}, "decode": {"dp_size": 8, "tp_size": 4}}}'
2026-08-29T20:18:41.1733687Z [2026-08-29 20:18:41] [INFO] Running AISBench cases: model=vllm-ascend/DeepSeek-V3.2-W8A8 target=http://10.0.0.205:1999 cases=[acc]
2026-08-29T20:18:41.1734328Z [2026-08-29 20:18:41] [INFO] Running AISBench started
2026-08-29T20:18:41.1734745Z [2026-08-29 20:18:41] [INFO] ============================================================
2026-08-29T20:18:41.1745994Z [2026-08-29 20:18:41] [INFO] [1/1] Starting benchmark: acc (type=accuracy)
2026-08-29T20:18:41.1752684Z [2026-08-29 20:18:41] [INFO] ============================================================
2026-08-29T20:18:41.2039225Z 2026-08-29 20:18:41,202 - modelscope - WARNING - We can not confirm the cached file is for revision: master
2026-08-29T20:18:41.2293903Z 2026-08-29 20:18:41,227 - modelscope - WARNING - We can not confirm the cached file is for revision: master
2026-08-29T20:19:11.1717816Z [2026-08-29 20:19:11] [INFO] Running AISBench still running: elapsed=30s proxy=ready url=http://10.0.0.205:1999/healthcheck
2026-08-29T20:19:41.1740084Z [2026-08-29 20:19:41] [INFO] Running AISBench still running: elapsed=60s proxy=ready url=http://10.0.0.205:1999/healthcheck
2026-08-29T20:20:11.1785568Z [2026-08-29 20:20:11] [INFO] Running AISBench still running: elapsed=90s proxy=ready url=http://10.0.0.205:1999/healthcheck
2026-08-29T20:20:41.1791264Z [2026-08-29 20:20:41] [INFO] Running AISBench still running: elapsed=120s proxy=ready url=http://10.0.0.205:1999/healthcheck
2026-08-29T20:21:11.1805425Z [2026-08-29 20:21:11] [INFO] Running AISBench still running: elapsed=150s proxy=ready url=http://10.0.0.205:1999/healthcheck
2026-08-29T20:21:41.1829514Z [2026-08-29 20:21:41] [INFO] Running AISBench still running: elapsed=180s proxy=ready url=http://10.0.0.205:1999/healthcheck
2026-08-29T20:22:11.1835012Z [2026-08-29 20:22:11] [INFO] Running AISBench still running: elapsed=210s proxy=ready url=http://10.0.0.205:1999/healthcheck
2026-08-29T20:22:41.1847663Z [2026-08-29 20:22:41] [INFO] Running AISBench still running: elapsed=240s proxy=ready url=http://10.0.0.205:1999/healthcheck
2026-08-29T20:23:11.1860404Z [2026-08-29 20:23:11] [INFO] Running AISBench still running: elapsed=270s proxy=ready url=http://10.0.0.205:1999/healthcheck
2026-08-29T20:23:41.1873240Z [2026-08-29 20:23:41] [INFO] Running AISBench still running: elapsed=300s proxy=ready url=http://10.0.0.205:1999/healthcheck
2026-08-29T20:24:11.1884829Z [2026-08-29 20:24:11] [INFO] Running AISBench still running: elapsed=330s proxy=ready url=http://10.0.0.205:1999/healthcheck
2026-08-29T20:24:41.1903565Z [2026-08-29 20:24:41] [INFO] Running AISBench still running: elapsed=360s proxy=ready url=http://10.0.0.205:1999/healthcheck
2026-08-29T20:25:11.1979160Z [2026-08-29 20:25:11] [INFO] Running AISBench still running: elapsed=390s proxy=ready url=http://10.0.0.205:1999/healthcheck
2026-08-29T20:25:41.1974937Z [2026-08-29 20:25:41] [INFO] Running AISBench still running: elapsed=420s proxy=ready url=http://10.0.0.205:1999/healthcheck
2026-08-29T20:26:11.1997434Z [2026-08-29 20:26:11] [INFO] Running AISBench still running: elapsed=450s proxy=ready url=http://10.0.0.205:1999/healthcheck
2026-08-29T20:26:41.2012528Z [2026-08-29 20:26:41] [INFO] Running AISBench still running: elapsed=480s proxy=ready url=http://10.0.0.205:1999/healthcheck
2026-08-29T20:27:11.2040430Z [2026-08-29 20:27:11] [INFO] Running AISBench still running: elapsed=510s proxy=ready url=http://10.0.0.205:1999/healthcheck
2026-08-29T20:27:41.2039772Z [2026-08-29 20:27:41] [INFO] Running AISBench still running: elapsed=540s proxy=ready url=http://10.0.0.205:1999/healthcheck
2026-08-29T20:28:11.2055435Z [2026-08-29 20:28:11] [INFO] Running AISBench still running: elapsed=570s proxy=ready url=http://10.0.0.205:1999/healthcheck
2026-08-29T20:28:41.2071962Z [2026-08-29 20:28:41] [INFO] Running AISBench still running: elapsed=600s proxy=ready url=http://10.0.0.205:1999/healthcheck
2026-08-29T20:29:11.2080931Z [2026-08-29 20:29:11] [INFO] Running AISBench still running: elapsed=630s proxy=ready url=http://10.0.0.205:1999/healthcheck
2026-08-29T20:29:41.2099349Z [2026-08-29 20:29:41] [INFO] Running AISBench still running: elapsed=660s proxy=ready url=http://10.0.0.205:1999/healthcheck
2026-08-29T20:30:11.2135572Z [2026-08-29 20:30:11] [INFO] Running AISBench still running: elapsed=690s proxy=ready url=http://10.0.0.205:1999/healthcheck
2026-08-29T20:30:41.2140633Z [2026-08-29 20:30:41] [INFO] Running AISBench still running: elapsed=720s proxy=ready url=http://10.0.0.205:1999/healthcheck
2026-08-29T20:31:11.2156454Z [2026-08-29 20:31:11] [INFO] Running AISBench still running: elapsed=750s proxy=ready url=http://10.0.0.205:1999/healthcheck
2026-08-29T20:31:41.2162898Z [2026-08-29 20:31:41] [INFO] Running AISBench still running: elapsed=780s proxy=ready url=http://10.0.0.205:1999/healthcheck
2026-08-29T20:32:11.2176575Z [2026-08-29 20:32:11] [INFO] Running AISBench still running: elapsed=810s proxy=ready url=http://10.0.0.205:1999/healthcheck
2026-08-29T20:32:41.2195238Z [2026-08-29 20:32:41] [INFO] Running AISBench still running: elapsed=840s proxy=ready url=http://10.0.0.205:1999/healthcheck
2026-08-29T20:33:11.2212346Z [2026-08-29 20:33:11] [INFO] Running AISBench still running: elapsed=870s proxy=ready url=http://10.0.0.205:1999/healthcheck
2026-08-29T20:33:41.2225971Z [2026-08-29 20:33:41] [INFO] Running AISBench still running: elapsed=900s proxy=ready url=http://10.0.0.205:1999/healthcheck
2026-08-29T20:34:11.2242157Z [2026-08-29 20:34:11] [INFO] Running AISBench still running: elapsed=930s proxy=ready url=http://10.0.0.205:1999/healthcheck
2026-08-29T20:34:41.2251848Z [2026-08-29 20:34:41] [INFO] Running AISBench still running: elapsed=960s proxy=ready url=http://10.0.0.205:1999/healthcheck
2026-08-29T20:35:11.2295071Z [2026-08-29 20:35:11] [INFO] Running AISBench still running: elapsed=990s proxy=ready url=http://10.0.0.205:1999/healthcheck
2026-08-29T20:35:41.2295702Z [2026-08-29 20:35:41] [INFO] Running AISBench still running: elapsed=1020s proxy=ready url=http://10.0.0.205:1999/healthcheck
2026-08-29T20:36:11.2307345Z [2026-08-29 20:36:11] [INFO] Running AISBench still running: elapsed=1050s proxy=ready url=http://10.0.0.205:1999/healthcheck
2026-08-29T20:36:41.2320090Z [2026-08-29 20:36:41] [INFO] Running AISBench still running: elapsed=1080s proxy=ready url=http://10.0.0.205:1999/healthcheck
2026-08-29T20:37:11.2333676Z [2026-08-29 20:37:11] [INFO] Running AISBench still running: elapsed=1110s proxy=ready url=http://10.0.0.205:1999/healthcheck
2026-08-29T20:37:41.2344653Z [2026-08-29 20:37:41] [INFO] Running AISBench still running: elapsed=1140s proxy=ready url=http://10.0.0.205:1999/healthcheck
2026-08-29T20:38:11.2363278Z [2026-08-29 20:38:11] [INFO] Running AISBench still running: elapsed=1170s proxy=ready url=http://10.0.0.205:1999/healthcheck
2026-08-29T20:38:41.2370104Z [2026-08-29 20:38:41] [INFO] Running AISBench still running: elapsed=1200s proxy=ready url=http://10.0.0.205:1999/healthcheck
2026-08-29T20:39:11.2381903Z [2026-08-29 20:39:11] [INFO] Running AISBench still running: elapsed=1230s proxy=ready url=http://10.0.0.205:1999/healthcheck
2026-08-29T20:39:41.2395697Z [2026-08-29 20:39:41] [INFO] Running AISBench still running: elapsed=1260s proxy=ready url=http://10.0.0.205:1999/healthcheck
2026-08-29T20:40:11.2414553Z [2026-08-29 20:40:11] [INFO] Running AISBench still running: elapsed=1290s proxy=ready url=http://10.0.0.205:1999/healthcheck
2026-08-29T20:40:41.2432847Z [2026-08-29 20:40:41] [INFO] Running AISBench still running: elapsed=1320s proxy=ready url=http://10.0.0.205:1999/healthcheck
2026-08-29T20:41:11.2452613Z [2026-08-29 20:41:11] [INFO] Running AISBench still running: elapsed=1350s proxy=ready url=http://10.0.0.205:1999/healthcheck
2026-08-29T20:41:41.2468777Z [2026-08-29 20:41:41] [INFO] Running AISBench still running: elapsed=1380s proxy=ready url=http://10.0.0.205:1999/healthcheck
2026-08-29T20:42:11.2529527Z [2026-08-29 20:42:11] [INFO] Running AISBench still running: elapsed=1410s proxy=ready url=http://10.0.0.205:1999/healthcheck
2026-08-29T20:42:41.2501087Z [2026-08-29 20:42:41] [INFO] Running AISBench still running: elapsed=1440s proxy=ready url=http://10.0.0.205:1999/healthcheck
2026-08-29T20:43:11.2506761Z [2026-08-29 20:43:11] [INFO] Running AISBench still running: elapsed=1470s proxy=ready url=http://10.0.0.205:1999/healthcheck
2026-08-29T20:43:41.2519277Z [2026-08-29 20:43:41] [INFO] Running AISBench still running: elapsed=1500s proxy=ready url=http://10.0.0.205:1999/healthcheck
2026-08-29T20:44:11.2532748Z [2026-08-29 20:44:11] [INFO] Running AISBench still running: elapsed=1530s proxy=ready url=http://10.0.0.205:1999/healthcheck
2026-08-29T20:44:41.2571067Z [2026-08-29 20:44:41] [INFO] Running AISBench still running: elapsed=1560s proxy=ready url=http://10.0.0.205:1999/healthcheck
2026-08-29T20:45:11.2588333Z [2026-08-29 20:45:11] [INFO] Running AISBench still running: elapsed=1590s proxy=ready url=http://10.0.0.205:1999/healthcheck
2026-08-29T20:45:41.2588559Z [2026-08-29 20:45:41] [INFO] Running AISBench still running: elapsed=1620s proxy=ready url=http://10.0.0.205:1999/healthcheck
2026-08-29T20:46:11.2599478Z [2026-08-29 20:46:11] [INFO] Running AISBench still running: elapsed=1650s proxy=ready url=http://10.0.0.205:1999/healthcheck
2026-08-29T20:46:41.2611649Z [2026-08-29 20:46:41] [INFO] Running AISBench still running: elapsed=1680s proxy=ready url=http://10.0.0.205:1999/healthcheck
2026-08-29T20:47:11.2626014Z [2026-08-29 20:47:11] [INFO] Running AISBench still running: elapsed=1710s proxy=ready url=http://10.0.0.205:1999/healthcheck
2026-08-29T20:47:41.2638861Z [2026-08-29 20:47:41] [INFO] Running AISBench still running: elapsed=1740s proxy=ready url=http://10.0.0.205:1999/healthcheck
2026-08-29T20:48:11.2681734Z [2026-08-29 20:48:11] [INFO] Running AISBench still running: elapsed=1770s proxy=ready url=http://10.0.0.205:1999/healthcheck
2026-08-29T20:48:41.2665577Z [2026-08-29 20:48:41] [INFO] Running AISBench still running: elapsed=1800s proxy=ready url=http://10.0.0.205:1999/healthcheck
2026-08-29T20:49:11.2679915Z [2026-08-29 20:49:11] [INFO] Running AISBench still running: elapsed=1830s proxy=ready url=http://10.0.0.205:1999/healthcheck
2026-08-29T20:49:41.2693635Z [2026-08-29 20:49:41] [INFO] Running AISBench still running: elapsed=1860s proxy=ready url=http://10.0.0.205:1999/healthcheck
2026-08-29T20:50:11.2742638Z [2026-08-29 20:50:11] [INFO] Running AISBench still running: elapsed=1890s proxy=ready url=http://10.0.0.205:1999/healthcheck
2026-08-29T20:50:41.2740144Z [2026-08-29 20:50:41] [INFO] Running AISBench still running: elapsed=1920s proxy=ready url=http://10.0.0.205:1999/healthcheck
2026-08-29T20:51:11.2751349Z [2026-08-29 20:51:11] [INFO] Running AISBench still running: elapsed=1950s proxy=ready url=http://10.0.0.205:1999/healthcheck
2026-08-29T20:51:41.2787988Z [2026-08-29 20:51:41] [INFO] Running AISBench still running: elapsed=1980s proxy=ready url=http://10.0.0.205:1999/healthcheck
2026-08-29T20:52:11.2779101Z [2026-08-29 20:52:11] [INFO] Running AISBench still running: elapsed=2010s proxy=ready url=http://10.0.0.205:1999/healthcheck
2026-08-29T20:52:41.2792665Z [2026-08-29 20:52:41] [INFO] Running AISBench still running: elapsed=2040s proxy=ready url=http://10.0.0.205:1999/healthcheck
2026-08-29T20:53:11.2805031Z [2026-08-29 20:53:11] [INFO] Running AISBench still running: elapsed=2070s proxy=ready url=http://10.0.0.205:1999/healthcheck
2026-08-29T20:53:41.2838285Z [2026-08-29 20:53:41] [INFO] Running AISBench still running: elapsed=2100s proxy=ready url=http://10.0.0.205:1999/healthcheck
2026-08-29T20:54:11.2831593Z [2026-08-29 20:54:11] [INFO] Running AISBench still running: elapsed=2130s proxy=ready url=http://10.0.0.205:1999/healthcheck
2026-08-29T20:54:41.2844688Z [2026-08-29 20:54:41] [INFO] Running AISBench still running: elapsed=2160s proxy=ready url=http://10.0.0.205:1999/healthcheck
2026-08-29T20:55:11.2889244Z [2026-08-29 20:55:11] [INFO] Running AISBench still running: elapsed=2190s proxy=ready url=http://10.0.0.205:1999/healthcheck
2026-08-29T20:55:41.2902940Z [2026-08-29 20:55:41] [INFO] Running AISBench still running: elapsed=2220s proxy=ready url=http://10.0.0.205:1999/healthcheck
2026-08-29T20:56:11.2916840Z [2026-08-29 20:56:11] [INFO] Running AISBench still running: elapsed=2250s proxy=ready url=http://10.0.0.205:1999/healthcheck
2026-08-29T20:56:41.2974297Z [2026-08-29 20:56:41] [INFO] Running AISBench still running: elapsed=2280s proxy=ready url=http://10.0.0.205:1999/healthcheck
2026-08-29T20:57:11.2942907Z [2026-08-29 20:57:11] [INFO] Running AISBench still running: elapsed=2310s proxy=ready url=http://10.0.0.205:1999/healthcheck
2026-08-29T20:57:41.2956088Z [2026-08-29 20:57:41] [INFO] Running AISBench still running: elapsed=2340s proxy=ready url=http://10.0.0.205:1999/healthcheck
2026-08-29T20:58:11.2968503Z [2026-08-29 20:58:11] [INFO] Running AISBench still running: elapsed=2370s proxy=ready url=http://10.0.0.205:1999/healthcheck
2026-08-29T20:58:41.2985302Z [2026-08-29 20:58:41] [INFO] Running AISBench still running: elapsed=2400s proxy=ready url=http://10.0.0.205:1999/healthcheck
2026-08-29T20:59:11.2999979Z [2026-08-29 20:59:11] [INFO] Running AISBench still running: elapsed=2430s proxy=ready url=http://10.0.0.205:1999/healthcheck
2026-08-29T20:59:41.3017083Z [2026-08-29 20:59:41] [INFO] Running AISBench still running: elapsed=2460s proxy=ready url=http://10.0.0.205:1999/healthcheck
2026-08-29T21:00:11.3036888Z [2026-08-29 21:00:11] [INFO] Running AISBench still running: elapsed=2490s proxy=ready url=http://10.0.0.205:1999/healthcheck
2026-08-29T21:00:41.3053837Z [2026-08-29 21:00:41] [INFO] Running AISBench still running: elapsed=2520s proxy=ready url=http://10.0.0.205:1999/healthcheck
2026-08-29T21:01:11.3066264Z [2026-08-29 21:01:11] [INFO] Running AISBench still running: elapsed=2550s proxy=ready url=http://10.0.0.205:1999/healthcheck
2026-08-29T21:01:41.3078728Z [2026-08-29 21:01:41] [INFO] Running AISBench still running: elapsed=2580s proxy=ready url=http://10.0.0.205:1999/healthcheck
2026-08-29T21:02:11.3092846Z [2026-08-29 21:02:11] [INFO] Running AISBench still running: elapsed=2610s proxy=ready url=http://10.0.0.205:1999/healthcheck
2026-08-29T21:02:41.3104763Z [2026-08-29 21:02:41] [INFO] Running AISBench still running: elapsed=2640s proxy=ready url=http://10.0.0.205:1999/healthcheck
2026-08-29T21:03:11.3118690Z [2026-08-29 21:03:11] [INFO] Running AISBench still running: elapsed=2670s proxy=ready url=http://10.0.0.205:1999/healthcheck
2026-08-29T21:03:41.3143685Z [2026-08-29 21:03:41] [INFO] Running AISBench still running: elapsed=2700s proxy=ready url=http://10.0.0.205:1999/healthcheck
2026-08-29T21:04:11.3142618Z [2026-08-29 21:04:11] [INFO] Running AISBench still running: elapsed=2730s proxy=ready url=http://10.0.0.205:1999/healthcheck
2026-08-29T21:04:41.3156082Z [2026-08-29 21:04:41] [INFO] Running AISBench still running: elapsed=2760s proxy=ready url=http://10.0.0.205:1999/healthcheck
2026-08-29T21:05:11.3185987Z [2026-08-29 21:05:11] [INFO] Running AISBench still running: elapsed=2790s proxy=ready url=http://10.0.0.205:1999/healthcheck
2026-08-29T21:05:41.3187913Z [2026-08-29 21:05:41] [INFO] Running AISBench still running: elapsed=2820s proxy=ready url=http://10.0.0.205:1999/healthcheck
2026-08-29T21:06:11.3199208Z [2026-08-29 21:06:11] [INFO] Running AISBench still running: elapsed=2850s proxy=ready url=http://10.0.0.205:1999/healthcheck
2026-08-29T21:06:41.3225726Z [2026-08-29 21:06:41] [INFO] Running AISBench still running: elapsed=2880s proxy=ready url=http://10.0.0.205:1999/healthcheck
2026-08-29T21:07:11.3225912Z [2026-08-29 21:07:11] [INFO] Running AISBench still running: elapsed=2910s proxy=ready url=http://10.0.0.205:1999/healthcheck
2026-08-29T21:07:41.3240835Z [2026-08-29 21:07:41] [INFO] Running AISBench still running: elapsed=2940s proxy=ready url=http://10.0.0.205:1999/healthcheck
2026-08-29T21:08:11.3250645Z [2026-08-29 21:08:11] [INFO] Running AISBench still running: elapsed=2970s proxy=ready url=http://10.0.0.205:1999/healthcheck
2026-08-29T21:08:41.3268192Z [2026-08-29 21:08:41] [INFO] Running AISBench still running: elapsed=3000s proxy=ready url=http://10.0.0.205:1999/healthcheck
2026-08-29T21:09:11.3276551Z [2026-08-29 21:09:11] [INFO] Running AISBench still running: elapsed=3030s proxy=ready url=http://10.0.0.205:1999/healthcheck
2026-08-29T21:09:41.3289710Z [2026-08-29 21:09:41] [INFO] Running AISBench still running: elapsed=3060s proxy=ready url=http://10.0.0.205:1999/healthcheck
2026-08-29T21:10:11.3328613Z [2026-08-29 21:10:11] [INFO] Running AISBench still running: elapsed=3090s proxy=ready url=http://10.0.0.205:1999/healthcheck
2026-08-29T21:10:41.3330550Z [2026-08-29 21:10:41] [INFO] Running AISBench still running: elapsed=3120s proxy=ready url=http://10.0.0.205:1999/healthcheck
2026-08-29T21:11:11.3341627Z [2026-08-29 21:11:11] [INFO] Running AISBench still running: elapsed=3150s proxy=ready url=http://10.0.0.205:1999/healthcheck
2026-08-29T21:11:41.3356166Z [2026-08-29 21:11:41] [INFO] Running AISBench still running: elapsed=3180s proxy=ready url=http://10.0.0.205:1999/healthcheck
2026-08-29T21:12:11.3370456Z [2026-08-29 21:12:11] [INFO] Running AISBench still running: elapsed=3210s proxy=ready url=http://10.0.0.205:1999/healthcheck
2026-08-29T21:12:41.3380573Z [2026-08-29 21:12:41] [INFO] Running AISBench still running: elapsed=3240s proxy=ready url=http://10.0.0.205:1999/healthcheck
2026-08-29T21:13:11.3394185Z [2026-08-29 21:13:11] [INFO] Running AISBench still running: elapsed=3270s proxy=ready url=http://10.0.0.205:1999/healthcheck
2026-08-29T21:13:41.3424723Z [2026-08-29 21:13:41] [INFO] Running AISBench still running: elapsed=3300s proxy=ready url=http://10.0.0.205:1999/healthcheck
2026-08-29T21:14:11.3419799Z [2026-08-29 21:14:11] [INFO] Running AISBench still running: elapsed=3330s proxy=ready url=http://10.0.0.205:1999/healthcheck
2026-08-29T21:14:41.3431730Z [2026-08-29 21:14:41] [INFO] Running AISBench still running: elapsed=3360s proxy=ready url=http://10.0.0.205:1999/healthcheck
2026-08-29T21:15:11.3471617Z [2026-08-29 21:15:11] [INFO] Running AISBench still running: elapsed=3390s proxy=ready url=http://10.0.0.205:1999/healthcheck
2026-08-29T21:15:41.3503951Z [2026-08-29 21:15:41] [INFO] Running AISBench still running: elapsed=3420s proxy=ready url=http://10.0.0.205:1999/healthcheck
2026-08-29T21:16:11.3492870Z [2026-08-29 21:16:11] [INFO] Running AISBench still running: elapsed=3450s proxy=ready url=http://10.0.0.205:1999/healthcheck
2026-08-29T21:16:41.3506681Z [2026-08-29 21:16:41] [INFO] Running AISBench still running: elapsed=3480s proxy=ready url=http://10.0.0.205:1999/healthcheck
2026-08-29T21:17:08.5206795Z The request config is
2026-08-29T21:17:08.5214737Z  from ais_bench.benchmark.models import VLLMCustomAPIChat
2026-08-29T21:17:08.5225978Z from ais_bench.benchmark.utils.postprocess.model_postprocessors import extract_non_reasoning_content
2026-08-29T21:17:08.5236660Z 
2026-08-29T21:17:08.5245974Z models = [
2026-08-29T21:17:08.5256325Z     dict(
2026-08-29T21:17:08.5266603Z         attr="service",
2026-08-29T21:17:08.5277692Z         type=VLLMCustomAPIChat,
2026-08-29T21:17:08.5287528Z         abbr="vllm-api-general-chat",
2026-08-29T21:17:08.5298238Z         path="",
2026-08-29T21:17:08.5308742Z         model="vllm-ascend/DeepSeek-V3.2-W8A8",
2026-08-29T21:17:08.5318396Z         stream=False,
2026-08-29T21:17:08.5327539Z         request_rate=0,
2026-08-29T21:17:08.5337003Z         use_timestamp=False,
2026-08-29T21:17:08.5347683Z         retry=2,
2026-08-29T21:17:08.5356001Z         api_key="",
2026-08-29T21:17:08.5365176Z         host_ip="10.0.0.205",
2026-08-29T21:17:08.5374196Z         host_port=1999,
2026-08-29T21:17:08.5383969Z         url="",
2026-08-29T21:17:08.5393378Z         max_out_len=65536,
2026-08-29T21:17:08.5402272Z         batch_size=32,
2026-08-29T21:17:08.5411329Z         trust_remote_code=True,
2026-08-29T21:17:08.5420610Z         generation_kwargs=dict(
2026-08-29T21:17:08.5430166Z             temperature=1.0,
2026-08-29T21:17:08.5438793Z             ignore_eos=False,
2026-08-29T21:17:08.5448546Z             chat_template_kwargs={"thinking": True},
2026-08-29T21:17:08.5457077Z             top_p=0.95,
2026-08-29T21:17:08.5466776Z         ),
2026-08-29T21:17:08.5476054Z         pred_postprocessor=dict(type=extract_non_reasoning_content),
2026-08-29T21:17:08.5484799Z     )
2026-08-29T21:17:08.5508085Z ]
2026-08-29T21:17:08.5508214Z 
2026-08-29T21:17:08.5513562Z running aisbench cmd: ais_bench --models vllm_api_general_chat_custom --datasets aime2025_gen_0_shot_chat_prompt --debug > output_accuracy.txt 2>&1 &
2026-08-29T21:17:08.5521978Z Current exp folder: outputs/default/20260829_201841
2026-08-29T21:17:08.5530779Z 
2026-08-29T21:17:08.5531228Z POST=30 (0.0/s)  RECV=29 (0.0/s)  FAIL=0 (0.0/s)  FIN=29 (0.0/s)   [A
2026-08-29T21:17:08.5540474Z 
2026-08-29T21:17:08.5541005Z POST=30 (0.0/s)  RECV=29 (0.0/s)  FAIL=0 (0.0/s)  FIN=29 (0.0/s)   [A
2026-08-29T21:17:08.5549968Z 
2026-08-29T21:17:08.5550305Z POST=30 (0.0/s)  RECV=29 (0.0/s)  FAIL=0 (0.0/s)  FIN=29 (0.0/s)   [A
2026-08-29T21:17:08.5559666Z 
2026-08-29T21:17:08.5559953Z POST=30 (0.0/s)  RECV=29 (0.0/s)  FAIL=0 (0.0/s)  FIN=29 (0.0/s)   [A
2026-08-29T21:17:08.5568884Z 
2026-08-29T21:17:08.5569447Z POST=30 (0.0/s)  RECV=29 (0.0/s)  FAIL=0 (0.0/s)  FIN=29 (0.0/s)   [A
2026-08-29T21:17:08.5577753Z 
2026-08-29T21:17:08.5578097Z POST=30 (0.0/s)  RECV=29 (0.0/s)  FAIL=0 (0.0/s)  FIN=29 (0.0/s)   [A
2026-08-29T21:17:08.5587259Z 
2026-08-29T21:17:08.5587615Z POST=30 (0.0/s)  RECV=29 (0.0/s)  FAIL=0 (0.0/s)  FIN=29 (0.0/s)   [A
2026-08-29T21:17:08.5596808Z 
2026-08-29T21:17:08.5597106Z POST=30 (0.0/s)  RECV=29 (0.0/s)  FAIL=0 (0.0/s)  FIN=29 (0.0/s)   [A
2026-08-29T21:17:08.5605259Z 
2026-08-29T21:17:08.5605547Z POST=30 (0.0/s)  RECV=29 (0.0/s)  FAIL=0 (0.0/s)  FIN=29 (0.0/s)   [A
2026-08-29T21:17:08.5614493Z 
2026-08-29T21:17:08.5614722Z POST=30 (0.0/s)  RECV=29 (0.0/s)  FAIL=0 (0.0/s)  FIN=29 (0.0/s)   [A
2026-08-29T21:17:08.5623816Z 
2026-08-29T21:17:08.5624103Z POST=30 (0.0/s)  RECV=29 (0.0/s)  FAIL=0 (0.0/s)  FIN=29 (0.0/s)   [A
2026-08-29T21:17:08.5633911Z 
2026-08-29T21:17:08.5634433Z POST=30 (0.0/s)  RECV=29 (0.0/s)  FAIL=0 (0.0/s)  FIN=29 (0.0/s)   [A
2026-08-29T21:17:08.5642758Z 
2026-08-29T21:17:08.5643037Z POST=30 (0.0/s)  RECV=29 (0.0/s)  FAIL=0 (0.0/s)  FIN=29 (0.0/s)   [A
2026-08-29T21:17:08.5652453Z 
2026-08-29T21:17:08.5652682Z POST=30 (0.0/s)  RECV=29 (0.0/s)  FAIL=0 (0.0/s)  FIN=29 (0.0/s)   [A
2026-08-29T21:17:08.5661606Z 
2026-08-29T21:17:08.5661928Z POST=30 (0.0/s)  RECV=29 (0.0/s)  FAIL=0 (0.0/s)  FIN=29 (0.0/s)   [A
2026-08-29T21:17:08.5670744Z 
2026-08-29T21:17:08.5671081Z POST=30 (0.0/s)  RECV=29 (0.0/s)  FAIL=0 (0.0/s)  FIN=29 (0.0/s)   [A
2026-08-29T21:17:08.5679348Z 
2026-08-29T21:17:08.5679592Z POST=30 (0.0/s)  RECV=29 (0.0/s)  FAIL=0 (0.0/s)  FIN=29 (0.0/s)   [A
2026-08-29T21:17:08.5688924Z 
2026-08-29T21:17:08.5689262Z POST=30 (0.0/s)  RECV=29 (0.0/s)  FAIL=0 (0.0/s)  FIN=29 (0.0/s)   [A
2026-08-29T21:17:08.5698463Z 
2026-08-29T21:17:08.5698728Z POST=30 (0.0/s)  RECV=29 (0.0/s)  FAIL=0 (0.0/s)  FIN=29 (0.0/s)   [A
2026-08-29T21:17:08.5708023Z 
2026-08-29T21:17:08.5708275Z POST=30 (0.0/s)  RECV=29 (0.0/s)  FAIL=0 (0.0/s)  FIN=29 (0.0/s)   [A
2026-08-29T21:17:08.5716976Z 
2026-08-29T21:17:08.5717239Z POST=30 (0.0/s)  RECV=29 (0.0/s)  FAIL=0 (0.0/s)  FIN=29 (0.0/s)   [A
2026-08-29T21:17:08.5726237Z 
2026-08-29T21:17:08.5726560Z POST=30 (0.0/s)  RECV=29 (0.0/s)  FAIL=0 (0.0/s)  FIN=29 (0.0/s)   [A
2026-08-29T21:17:08.5735589Z 
2026-08-29T21:17:08.5735881Z POST=30 (0.0/s)  RECV=29 (0.0/s)  FAIL=0 (0.0/s)  FIN=29 (0.0/s)   [A
2026-08-29T21:17:08.5744541Z 
2026-08-29T21:17:08.5744873Z POST=30 (0.0/s)  RECV=29 (0.0/s)  FAIL=0 (0.0/s)  FIN=29 (0.0/s)   [A
2026-08-29T21:17:08.5754437Z 
2026-08-29T21:17:08.5754721Z POST=30 (0.0/s)  RECV=29 (0.0/s)  FAIL=0 (0.0/s)  FIN=29 (0.0/s)   [A
2026-08-29T21:17:08.5763302Z 
2026-08-29T21:17:08.5763558Z POST=30 (0.0/s)  RECV=29 (0.0/s)  FAIL=0 (0.0/s)  FIN=29 (0.0/s)   [A
2026-08-29T21:17:08.5771986Z 
2026-08-29T21:17:08.5772412Z POST=30 (0.0/s)  RECV=29 (0.0/s)  FAIL=0 (0.0/s)  FIN=29 (0.0/s)   [A
2026-08-29T21:17:08.5781484Z 
2026-08-29T21:17:08.5781734Z POST=30 (0.0/s)  RECV=29 (0.0/s)  FAIL=0 (0.0/s)  FIN=29 (0.0/s)   [A
2026-08-29T21:17:08.5790796Z 
2026-08-29T21:17:08.5791139Z POST=30 (0.0/s)  RECV=29 (0.0/s)  FAIL=0 (0.0/s)  FIN=29 (0.0/s)   [A
2026-08-29T21:17:08.5799535Z 
2026-08-29T21:17:08.5799861Z POST=30 (0.0/s)  RECV=29 (0.0/s)  FAIL=0 (0.0/s)  FIN=29 (0.0/s)   [A
2026-08-29T21:17:08.5808628Z 
2026-08-29T21:17:08.5808889Z POST=30 (0.0/s)  RECV=29 (0.0/s)  FAIL=0 (0.0/s)  FIN=29 (0.0/s)   [A
2026-08-29T21:17:08.5817711Z 
2026-08-29T21:17:08.5817995Z POST=30 (0.0/s)  RECV=29 (0.0/s)  FAIL=0 (0.0/s)  FIN=29 (0.0/s)   [A
2026-08-29T21:17:08.5826858Z 
2026-08-29T21:17:08.5827098Z POST=30 (0.0/s)  RECV=29 (0.0/s)  FAIL=0 (0.0/s)  FIN=29 (0.0/s)   [A
2026-08-29T21:17:08.5836464Z 
2026-08-29T21:17:08.5836778Z POST=30 (0.0/s)  RECV=29 (0.0/s)  FAIL=0 (0.0/s)  FIN=29 (0.0/s)   [A
2026-08-29T21:17:08.5845114Z 
2026-08-29T21:17:08.5845389Z POST=30 (0.0/s)  RECV=29 (0.0/s)  FAIL=0 (0.0/s)  FIN=29 (0.0/s)   [A
2026-08-29T21:17:08.5854400Z 
2026-08-29T21:17:08.5854640Z POST=30 (0.0/s)  RECV=29 (0.0/s)  FAIL=0 (0.0/s)  FIN=29 (0.0/s)   [A
2026-08-29T21:17:08.5863556Z 
2026-08-29T21:17:08.5863850Z POST=30 (0.0/s)  RECV=29 (0.0/s)  FAIL=0 (0.0/s)  FIN=29 (0.0/s)   [A
2026-08-29T21:17:08.5873507Z 
2026-08-29T21:17:08.5873748Z POST=30 (0.0/s)  RECV=29 (0.0/s)  FAIL=0 (0.0/s)  FIN=29 (0.0/s)   [A
2026-08-29T21:17:08.5883123Z 
2026-08-29T21:17:08.5883419Z POST=30 (0.0/s)  RECV=29 (0.0/s)  FAIL=0 (0.0/s)  FIN=29 (0.0/s)   [A
2026-08-29T21:17:08.5892632Z 
2026-08-29T21:17:08.5892868Z POST=30 (0.0/s)  RECV=29 (0.0/s)  FAIL=0 (0.0/s)  FIN=29 (0.0/s)   [A
2026-08-29T21:17:08.5901281Z 
2026-08-29T21:17:08.5901552Z POST=30 (0.0/s)  RECV=29 (0.0/s)  FAIL=0 (0.0/s)  FIN=29 (0.0/s)   [A
2026-08-29T21:17:08.5909954Z 
2026-08-29T21:17:08.5910191Z POST=30 (0.0/s)  RECV=29 (0.0/s)  FAIL=0 (0.0/s)  FIN=29 (0.0/s)   [A
2026-08-29T21:17:08.5919639Z 
2026-08-29T21:17:08.5919982Z POST=30 (0.0/s)  RECV=29 (0.0/s)  FAIL=0 (0.0/s)  FIN=29 (0.0/s)   [A
2026-08-29T21:17:08.5928543Z 
2026-08-29T21:17:08.5929093Z POST=30 (0.0/s)  RECV=29 (0.0/s)  FAIL=0 (0.0/s)  FIN=29 (0.0/s)   [A
2026-08-29T21:17:08.5937920Z 
2026-08-29T21:17:08.5938245Z POST=30 (0.0/s)  RECV=29 (0.0/s)  FAIL=0 (0.0/s)  FIN=29 (0.0/s)   [A
2026-08-29T21:17:08.5947470Z 
2026-08-29T21:17:08.5947751Z POST=30 (0.0/s)  RECV=29 (0.0/s)  FAIL=0 (0.0/s)  FIN=29 (0.0/s)   [A
2026-08-29T21:17:08.5957656Z 
2026-08-29T21:17:08.5957893Z POST=30 (0.0/s)  RECV=29 (0.0/s)  FAIL=0 (0.0/s)  FIN=29 (0.0/s)   [A
2026-08-29T21:17:08.5966486Z 
2026-08-29T21:17:08.5966757Z POST=30 (0.0/s)  RECV=29 (0.0/s)  FAIL=0 (0.0/s)  FIN=29 (0.0/s)   [A
2026-08-29T21:17:08.5976179Z 
2026-08-29T21:17:08.5976438Z POST=30 (0.0/s)  RECV=29 (0.0/s)  FAIL=0 (0.0/s)  FIN=29 (0.0/s)   [A
2026-08-29T21:17:08.5985549Z 
2026-08-29T21:17:08.5985822Z POST=30 (0.0/s)  RECV=29 (0.0/s)  FAIL=0 (0.0/s)  FIN=29 (0.0/s)   [A
2026-08-29T21:17:08.5995000Z 
2026-08-29T21:17:08.5995236Z POST=30 (0.0/s)  RECV=29 (0.0/s)  FAIL=0 (0.0/s)  FIN=29 (0.0/s)   [A
2026-08-29T21:17:08.6004401Z 
2026-08-29T21:17:08.6004683Z POST=30 (0.0/s)  RECV=29 (0.0/s)  FAIL=0 (0.0/s)  FIN=29 (0.0/s)   [A
2026-08-29T21:17:08.6014059Z 
2026-08-29T21:17:08.6014319Z POST=30 (0.0/s)  RECV=29 (0.0/s)  FAIL=0 (0.0/s)  FIN=29 (0.0/s)   [A
2026-08-29T21:17:08.6023003Z 
2026-08-29T21:17:08.6023286Z POST=30 (0.0/s)  RECV=29 (0.0/s)  FAIL=0 (0.0/s)  FIN=29 (0.0/s)   [A
2026-08-29T21:17:08.6032326Z 
2026-08-29T21:17:08.6032568Z POST=30 (0.0/s)  RECV=29 (0.0/s)  FAIL=0 (0.0/s)  FIN=29 (0.0/s)   [A
2026-08-29T21:17:08.6041211Z 
2026-08-29T21:17:08.6041478Z POST=30 (0.0/s)  RECV=29 (0.0/s)  FAIL=0 (0.0/s)  FIN=29 (0.0/s)   [A
2026-08-29T21:17:08.6051082Z 
2026-08-29T21:17:08.6051323Z POST=30 (0.0/s)  RECV=29 (0.0/s)  FAIL=0 (0.0/s)  FIN=29 (0.0/s)   [A
2026-08-29T21:17:08.6060195Z 
2026-08-29T21:17:08.6060466Z POST=30 (0.0/s)  RECV=29 (0.0/s)  FAIL=0 (0.0/s)  FIN=29 (0.0/s)   [A
2026-08-29T21:17:08.6069168Z 
2026-08-29T21:17:08.6069413Z POST=30 (0.0/s)  RECV=29 (0.0/s)  FAIL=0 (0.0/s)  FIN=29 (0.0/s)   [A
2026-08-29T21:17:08.6078631Z 
2026-08-29T21:17:08.6078910Z POST=30 (0.0/s)  RECV=29 (0.0/s)  FAIL=0 (0.0/s)  FIN=29 (0.0/s)   [A
2026-08-29T21:17:08.6088073Z 
2026-08-29T21:17:08.6088319Z POST=30 (0.0/s)  RECV=29 (0.0/s)  FAIL=0 (0.0/s)  FIN=29 (0.0/s)   [A
2026-08-29T21:17:08.6097423Z 
2026-08-29T21:17:08.6097705Z POST=30 (0.0/s)  RECV=29 (0.0/s)  FAIL=0 (0.0/s)  FIN=29 (0.0/s)   [A
2026-08-29T21:17:08.6106855Z 
2026-08-29T21:17:08.6107099Z POST=30 (0.0/s)  RECV=29 (0.0/s)  FAIL=0 (0.0/s)  FIN=29 (0.0/s)   [A
2026-08-29T21:17:08.6116083Z 
2026-08-29T21:17:08.6116358Z POST=30 (0.0/s)  RECV=29 (0.0/s)  FAIL=0 (0.0/s)  FIN=29 (0.0/s)   [A
2026-08-29T21:17:08.6125046Z 
2026-08-29T21:17:08.6125293Z POST=30 (0.0/s)  RECV=29 (0.0/s)  FAIL=0 (0.0/s)  FIN=29 (0.0/s)   [A
2026-08-29T21:17:08.6133992Z 
2026-08-29T21:17:08.6134255Z POST=30 (0.0/s)  RECV=29 (0.0/s)  FAIL=0 (0.0/s)  FIN=29 (0.0/s)   [A
2026-08-29T21:17:08.6144211Z 
2026-08-29T21:17:08.6144450Z POST=30 (0.0/s)  RECV=29 (0.0/s)  FAIL=0 (0.0/s)  FIN=29 (0.0/s)   [A
2026-08-29T21:17:08.6152890Z 
2026-08-29T21:17:08.6153164Z POST=30 (0.0/s)  RECV=29 (0.0/s)  FAIL=0 (0.0/s)  FIN=29 (0.0/s)   [A
2026-08-29T21:17:08.6161530Z 
2026-08-29T21:17:08.6161772Z POST=30 (0.0/s)  RECV=29 (0.0/s)  FAIL=0 (0.0/s)  FIN=29 (0.0/s)   [A
2026-08-29T21:17:08.6170817Z 
2026-08-29T21:17:08.6171144Z POST=30 (0.0/s)  RECV=29 (0.0/s)  FAIL=0 (0.0/s)  FIN=29 (0.0/s)   [A
2026-08-29T21:17:08.6180004Z 
2026-08-29T21:17:08.6180436Z POST=30 (0.0/s)  RECV=29 (0.0/s)  FAIL=0 (0.0/s)  FIN=29 (0.0/s)   [A
2026-08-29T21:17:08.6189538Z 
2026-08-29T21:17:08.6189908Z POST=30 (0.0/s)  RECV=29 (0.0/s)  FAIL=0 (0.0/s)  FIN=29 (0.0/s)   [A
2026-08-29T21:17:08.6190545Z Progress: 100%|██████████| 30/30 [56:15<00:00, 611.98s/case]
2026-08-29T21:17:08.6199055Z 
2026-08-29T21:17:08.6199534Z POST=30 (0.0/s)  RECV=30 (1.7/s)  FAIL=0 (0.0/s)  FINISH=30 (1.7/s)   [A
2026-08-29T21:17:08.6209003Z 
2026-08-29T21:17:08.6209356Z POST=30 (0.0/s)  RECV=30 (1.7/s)  FAIL=0 (0.0/s)  FINISH=30 (1.7/s)   [A
2026-08-29T21:17:08.6210369Z Progress: 100%|██████████| 30/30 [56:15<00:00, 112.51s/case]
2026-08-29T21:17:08.6218196Z 
2026-08-29T21:17:08.6218393Z POST=30 (0.0/s)  RECV=30 (1.7/s)  FAIL=0 (0.0/s)  FINISH=30 (1.7/s)   
2026-08-29T21:17:08.6228013Z [2026-08-29 21:16:40,018] [ais_bench] [[32mINFO[0m] Api infer task time elapsed: 3448.69s
2026-08-29T21:17:08.6236672Z [2026-08-29 21:16:41,589] [ais_bench] [[32mINFO[0m] Inference tasks completed.
2026-08-29T21:17:08.6245104Z [2026-08-29 21:16:41,598] [ais_bench] [[32mINFO[0m] Starting evaluation tasks...
2026-08-29T21:17:08.6254473Z [2026-08-29 21:16:41,603] [ais_bench] [[32mINFO[0m] Partitioned into 1 tasks.
2026-08-29T21:17:08.6264300Z [2026-08-29 21:16:41,622] [ais_bench] [[32mINFO[0m] Launch TasksMonitor, PID: 39789, Refresh interval: 0.5, Run in background: True
2026-08-29T21:17:08.6274395Z [2026-08-29 21:17:03,544] [ais_bench] [[32mINFO[0m] Debug mode, print progress directly
2026-08-29T21:17:08.6283360Z [2026-08-29 21:17:03,571] [ais_bench] [[32mINFO[0m] Running 1-th replica of evaluation
2026-08-29T21:17:08.6292531Z [2026-08-29 21:17:03,573] [ais_bench] [[32mINFO[0m] Task vllm-api-general-chat/aime2025: {'accuracy': 60.0}
2026-08-29T21:17:08.6302158Z [2026-08-29 21:17:03,574] [ais_bench] [[32mINFO[0m] Evaluation task time elapsed: 0.03s
2026-08-29T21:17:08.6311632Z [2026-08-29 21:17:04,988] [ais_bench] [[32mINFO[0m] Evaluation tasks completed.
2026-08-29T21:17:08.6320807Z [2026-08-29 21:17:04,993] [ais_bench] [[32mINFO[0m] Summarizing evaluation results...
2026-08-29T21:17:08.6331936Z [2026-08-29 21:17:04,998] [ais_bench] [[32mINFO[0m] write summary to /vllm-workspace/vllm-ascend/outputs/default/20260829_201841/summary/summary_20260829_201841.txt
2026-08-29T21:17:08.6341148Z [2026-08-29 21:17:04,998] [ais_bench] [[32mINFO[0m] write csv to /vllm-workspace/vllm-ascend/outputs/default/20260829_201841/summary/summary_20260829_201841.csv
2026-08-29T21:17:08.6350836Z [2026-08-29 21:17:04,998] [ais_bench] [[32mINFO[0m] write markdown summary to /vllm-workspace/vllm-ascend/outputs/default/20260829_201841/summary/summary_20260829_201841.md
2026-08-29T21:17:08.6358553Z dataset    version    metric    mode      vllm-api-general-chat
2026-08-29T21:17:08.6367146Z ---------  ---------  --------  ------  -----------------------
2026-08-29T21:17:08.6376219Z aime2025   4835d7     accuracy  gen                       60.00
2026-08-29T21:17:08.6384838Z 
2026-08-29T21:17:08.6394486Z 
2026-08-29T21:17:08.6403886Z The markdown format results is as below:
2026-08-29T21:17:08.6413192Z 
2026-08-29T21:17:08.6422562Z | dataset | version | metric | mode | vllm-api-general-chat |
2026-08-29T21:17:08.6432144Z |----- | ----- | ----- | ----- | -----|
2026-08-29T21:17:08.6440272Z | aime2025 | 4835d7 | accuracy | gen | 60.00 |
2026-08-29T21:17:08.6449394Z 
2026-08-29T21:17:08.6459841Z [2026-08-29 21:17:08] [ERROR] [1/1] Benchmark failed: acc, reason: Accuracy verification failed. The accuracy of /root/.cache/modelscope/hub/datasets/vllm-ascend/aime2025 is 60.0, which is not within 10 relative to baseline 89.9.
2026-08-29T21:17:08.6471812Z [2026-08-29 21:17:08] [ERROR] The following aisbench case failed: {'case_type': 'accuracy', 'dataset_path': 'vllm-ascend/aime2025', 'request_conf': 'vllm_api_general_chat', 'dataset_conf': 'aime2025/aime2025_gen_0_shot_chat_prompt', 'max_out_len': 65536, 'batch_size': 32, 'baseline': 89.9, 'threshold': 10, 'temperature': 1.0, 'top_p': 0.95, 'ignore_eos': False, 'thinking': True, 'case_name': 'acc'}, reason is Accuracy verification failed. The accuracy of /root/.cache/modelscope/hub/datasets/vllm-ascend/aime2025 is 60.0, which is not within 10 relative to baseline 89.9.
2026-08-29T21:17:08.6478428Z [2026-08-29 21:17:08] [INFO] Running AISBench finished: elapsed=3507s
2026-08-29T21:17:08.6487858Z [2026-08-29 21:17:08] [INFO] Stopping external DP proxy pid=34523
2026-08-29T21:17:08.6833857Z [2026-08-29 21:17:08] [INFO] Stopping external DP rank node=0 rank=0 pid=189
2026-08-29T21:17:11.4291493Z [2026-08-29 21:17:11] [INFO] get env LOG_PREFIX = /root/.cache/ascend-logs/main/vllm-deepseek-v3-2t-mtp2-pd-860cca
2026-08-29T21:17:11.6155038Z 
2026-08-29T21:17:11.6165197Z Accuracy verification failed. The accuracy of /root/.cache/modelscope/hub/datasets/vllm-ascend/aime2025 is 60.0, which is not within 10 relative to baseline 89.9.
2026-08-29T21:17:14.9702943Z FAILED[INFO] Model cache cleared
2026-08-29T21:17:14.9711314Z 
2026-08-29T21:17:14.9720923Z 
2026-08-29T21:17:14.9732023Z =================================== FAILURES ===================================
2026-08-29T21:17:14.9741989Z _______________________________ test_external_dp _______________________________
2026-08-29T21:17:14.9752194Z 
2026-08-29T21:17:14.9761646Z     def test_external_dp() -> None:
2026-08-29T21:17:14.9771697Z         config = ExternalDPConfigLoader.from_yaml()
2026-08-29T21:17:14.9781598Z         _install_special_dependencies(config)
2026-08-29T21:17:14.9792687Z         ranks = RankResolver(config).resolve()
2026-08-29T21:17:14.9801862Z         current_node_index = resolve_current_node_index(config)
2026-08-29T21:17:14.9812304Z         log_root = Path(os.environ.get("EXTERNAL_DP_LOG_DIR", str(DEFAULT_LOG_ROOT)))
2026-08-29T21:17:14.9821965Z         max_wait_seconds = int(os.environ.get("EXTERNAL_DP_MAX_WAIT_SECONDS", "3600"))
2026-08-29T21:17:14.9831935Z         is_master = current_node_index == 0
2026-08-29T21:17:14.9842553Z     
2026-08-29T21:17:14.9851789Z         kv_pool_manager = create_kv_pool_manager(
2026-08-29T21:17:14.9860789Z             config=config,
2026-08-29T21:17:14.9871626Z             current_node_index=current_node_index,
2026-08-29T21:17:14.9880730Z             log_root=log_root,
2026-08-29T21:17:14.9889600Z         )
2026-08-29T21:17:14.9899810Z         proxy_launcher = ExternalDPProxyLauncher(
2026-08-29T21:17:14.9908726Z             config=config,
2026-08-29T21:17:14.9918562Z             ranks=ranks,
2026-08-29T21:17:14.9928278Z             current_node_index=current_node_index,
2026-08-29T21:17:14.9937687Z             log_root=log_root,
2026-08-29T21:17:14.9947076Z         )
2026-08-29T21:17:14.9956180Z     
2026-08-29T21:17:14.9965224Z         try:
2026-08-29T21:17:14.9974691Z             with (
2026-08-29T21:17:14.9983503Z                 kv_pool_manager,
2026-08-29T21:17:14.9993125Z                 ExternalDPServerManager(
2026-08-29T21:17:15.0002169Z                     config=config,
2026-08-29T21:17:15.0011219Z                     ranks=ranks,
2026-08-29T21:17:15.0020647Z                     current_node_index=current_node_index,
2026-08-29T21:17:15.0030690Z                     log_root=log_root,
2026-08-29T21:17:15.0042666Z                     extra_envs=kv_pool_manager.server_envs,
2026-08-29T21:17:15.0048817Z                 ),
2026-08-29T21:17:15.0057416Z                 proxy_launcher,
2026-08-29T21:17:15.0066417Z             ):
2026-08-29T21:17:15.0076561Z                 if is_master:
2026-08-29T21:17:15.0085403Z                     wait_ranks_ready(ranks, timeout=max_wait_seconds)
2026-08-29T21:17:15.0093937Z                     proxy_launcher.wait_ready()
2026-08-29T21:17:15.0102828Z     
2026-08-29T21:17:15.0112399Z                     all_commands = build_all_server_commands(config, ranks)
2026-08-29T21:17:15.0121508Z                     first_server_cmd = _get_first_server_cmd(config, ranks, all_commands)
2026-08-29T21:17:15.0130579Z                     completion_server, tokenize_server, metrics_server = _build_external_dp_servers(config, ranks)
2026-08-29T21:17:15.0139109Z     
2026-08-29T21:17:15.0149228Z                     if "chat_completion" in config.test_content:
2026-08-29T21:17:15.0158498Z                         logger.info("Running chat_completion tests")
2026-08-29T21:17:15.0167894Z                         _run_chat_completion_ext(config, completion_server, tokenize_server, first_server_cmd)
2026-08-29T21:17:15.0176383Z     
2026-08-29T21:17:15.0185906Z                     spec_baseline = None
2026-08-29T21:17:15.0194848Z                     if "spec_decode_acceptance" in config.test_content:
2026-08-29T21:17:15.0203903Z                         from tools.spec_decode_metrics import capture_baseline
2026-08-29T21:17:15.0212614Z     
2026-08-29T21:17:15.0221922Z                         spec_cfg = _parse_json_flag_ext(first_server_cmd, "--speculative-config")
2026-08-29T21:17:15.0230868Z                         num_spec_tokens = int(spec_cfg.get("num_speculative_tokens", 1))
2026-08-29T21:17:15.0241556Z     
2026-08-29T21:17:15.0251341Z                         def warmup_fn():
2026-08-29T21:17:15.0260768Z                             requests.post(
2026-08-29T21:17:15.0269094Z                                 completion_server.url_for("v1", "chat", "completions"),
2026-08-29T21:17:15.0278429Z                                 json={
2026-08-29T21:17:15.0287773Z                                     "model": config.model,
2026-08-29T21:17:15.0297199Z                                     "messages": [{"role": "user", "content": "Hello!"}],
2026-08-29T21:17:15.0307074Z                                     "max_tokens": 16,
2026-08-29T21:17:15.0315516Z                                 },
2026-08-29T21:17:15.0324751Z                                 timeout=120,
2026-08-29T21:17:15.0333677Z                             )
2026-08-29T21:17:15.0342839Z     
2026-08-29T21:17:15.0352838Z                         logger.info("Capturing spec_decode baseline")
2026-08-29T21:17:15.0361986Z                         spec_baseline = capture_baseline(metrics_server, num_spec_tokens, warmup_fn)
2026-08-29T21:17:15.0371074Z     
2026-08-29T21:17:15.0380004Z                     target = f"http://{config.routing.proxy_host}:{config.routing.proxy_port}"
2026-08-29T21:17:15.0388308Z                     logger.info(
2026-08-29T21:17:15.0398491Z                         "Running AISBench cases: model=%s target=%s cases=[%s]",
2026-08-29T21:17:15.0407157Z                         config.model,
2026-08-29T21:17:15.0416668Z                         target,
2026-08-29T21:17:15.0425383Z                         _format_benchmark_cases(config),
2026-08-29T21:17:15.0434272Z                     )
2026-08-29T21:17:15.0444391Z                     with _heartbeat(
2026-08-29T21:17:15.0453301Z                         "Running AISBench",
2026-08-29T21:17:15.0462535Z                         status_fn=lambda: format_http_status("proxy", proxy_server_health_url(config)),
2026-08-29T21:17:15.0472195Z                     ):
2026-08-29T21:17:15.0480951Z >                       results = run_aisbench_cases(
2026-08-29T21:17:15.0490275Z                             model=config.model,
2026-08-29T21:17:15.0499784Z                             port=config.routing.proxy_port,
2026-08-29T21:17:15.0509174Z                             aisbench_cases=config.benchmark_cases,
2026-08-29T21:17:15.0518313Z                             host_ip=config.routing.proxy_host,
2026-08-29T21:17:15.0528038Z                         )
2026-08-29T21:17:15.0535868Z 
2026-08-29T21:17:15.0544876Z tests/e2e/nightly/multi_node/external_dp/scripts/test_external_dp.py:295: 
2026-08-29T21:17:15.0553828Z _ _ _ _ _ _ _ _ _ _ _ _ _ _ _ _ _ _ _ _ _ _ _ _ _ _ _ _ _ _ _ _ _ _ _ _ _ _ _ _ 
2026-08-29T21:17:15.0562486Z 
2026-08-29T21:17:15.0572276Z model = 'vllm-ascend/DeepSeek-V3.2-W8A8', port = 1999
2026-08-29T21:17:15.0581722Z aisbench_cases = [{'baseline': 89.9, 'batch_size': 32, 'case_name': 'acc', 'case_type': 'accuracy', ...}]
2026-08-29T21:17:15.0590088Z server_args = '', host_ip = '10.0.0.205'
2026-08-29T21:17:15.0599183Z 
2026-08-29T21:17:15.0608933Z     def run_aisbench_cases(model, port, aisbench_cases, server_args="", host_ip="localhost"):
2026-08-29T21:17:15.0617610Z         aisbench_results = []
2026-08-29T21:17:15.0626811Z         aisbench_errors = []
2026-08-29T21:17:15.0636092Z         total = sum(1 for c in aisbench_cases if c)
2026-08-29T21:17:15.0644990Z         idx = 0
2026-08-29T21:17:15.0653664Z         for aisbench_case in aisbench_cases:
2026-08-29T21:17:15.0662811Z             if not aisbench_case:
2026-08-29T21:17:15.0671007Z                 continue
2026-08-29T21:17:15.0680324Z             idx += 1
2026-08-29T21:17:15.0689963Z             case_name = aisbench_case.get("case_name", "unknown")
2026-08-29T21:17:15.0698637Z             case_type = aisbench_case.get("case_type", "unknown")
2026-08-29T21:17:15.0707760Z             logging.info("=" * 60)
2026-08-29T21:17:15.0716726Z             logging.info("[%d/%d] Starting benchmark: %s (type=%s)", idx, total, case_name, case_type)
2026-08-29T21:17:15.0725328Z             logging.info("=" * 60)
2026-08-29T21:17:15.0734255Z             try:
2026-08-29T21:17:15.0744439Z                 with AisbenchRunner(model=model, port=port, host_ip=host_ip, aisbench_config=aisbench_case) as aisbench:
2026-08-29T21:17:15.0753149Z                     aisbench_results.append(aisbench.result)
2026-08-29T21:17:15.0763596Z                 logging.info("[%d/%d] Finished benchmark: %s", idx, total, case_name)
2026-08-29T21:17:15.0771291Z             except Exception as e:
2026-08-29T21:17:15.0780657Z                 aisbench_results.append("")
2026-08-29T21:17:15.0789835Z                 aisbench_errors.append([aisbench_case, e])
2026-08-29T21:17:15.0799152Z                 logging.error("[%d/%d] Benchmark failed: %s, reason: %s", idx, total, case_name, e)
2026-08-29T21:17:15.0807617Z                 print(e)
2026-08-29T21:17:15.0816776Z         for failed_case, error_info in aisbench_errors:
2026-08-29T21:17:15.0826132Z             error_msg = f"The following aisbench case failed: {failed_case}, reason is {error_info}"
2026-08-29T21:17:15.0834901Z             if server_args:
2026-08-29T21:17:15.0844867Z                 error_msg += f"\nserver_args are {server_args}"
2026-08-29T21:17:15.0853046Z             logging.error(error_msg)
2026-08-29T21:17:15.0862446Z >       assert not aisbench_errors, "some aisbench cases failed, info were shown above."
2026-08-29T21:17:15.0873414Z E       AssertionError: some aisbench cases failed, info were shown above.
2026-08-29T21:17:15.0882231Z 
2026-08-29T21:17:15.0891774Z tools/aisbench.py:303: AssertionError
2026-08-29T21:17:15.0902258Z =============================== warnings summary ===============================
2026-08-29T21:17:15.0912709Z ../../usr/local/python3.12.13/lib/python3.12/site-packages/torch/jit/_script.py:362: 14 warnings
2026-08-29T21:17:15.0923487Z   /usr/local/python3.12.13/lib/python3.12/site-packages/torch/jit/_script.py:362: DeprecationWarning: `torch.jit.script_method` is deprecated. Please switch to `torch.compile` or `torch.export`.
2026-08-29T21:17:15.0932974Z     warnings.warn(
2026-08-29T21:17:15.0941760Z 
2026-08-29T21:17:15.0951966Z -- Docs: https://docs.pytest.org/en/stable/how-to/capture-warnings.html
2026-08-29T21:17:15.0961587Z =========================== short test summary info ============================
2026-08-29T21:17:15.0970654Z FAILED tests/e2e/nightly/multi_node/external_dp/scripts/test_external_dp.py::test_external_dp
2026-08-29T21:17:15.0980290Z ================= 1 failed, 14 warnings in 4291.06s (1:11:31) ==================
2026-08-29T21:17:17.0755105Z pytest exit code: ret=1
2026-08-29T21:17:17.0763165Z Leader: waiting 10s for worker logs...
2026-08-29T21:17:27.0858659Z Leader: notifying workers (/root/.cache/ascend-logs/main/vllm-deepseek-v3-2t-mtp2-pd-860cca/aop_done)
2026-08-29T21:17:27.0868111Z [0;31mFAIL_TAG_DeepSeek_V3.2T_MTP2_PD.yaml ✗ ERROR: Some tests failed[0m
2026-08-29T21:17:28.2676825Z Cleaning up background log streams...
2026-08-29T21:17:28.2835444Z ##[error]Error: failed to run script step: Error: command terminated with non-zero exit code: command terminated with exit code 1
2026-08-29T21:17:28.2870125Z ##[error]Process completed with exit code 1.
2026-08-29T21:17:28.2955520Z ##[error]Executing the custom container implementation failed. Please contact your self hosted runner administrator.
2026-08-29T21:17:28.3382922Z ##[group]Run set -euo pipefail
2026-08-29T21:17:28.3383293Z [36;1mset -euo pipefail[0m
2026-08-29T21:17:28.3383586Z [36;1mmkdir -p /tmp/benchmark_results[0m
2026-08-29T21:17:28.3384166Z [36;1mecho "Fetching benchmark results from PVC at /root/.cache/benchmark_results/main-DeepSeek_V3.2T_MTP2_PD..."[0m
2026-08-29T21:17:28.3384849Z [36;1m# Copy from PVC mounted directory (persists after pod termination)[0m
2026-08-29T21:17:28.3385365Z [36;1mSRC="/root/.cache/benchmark_results/main-DeepSeek_V3.2T_MTP2_PD"[0m
2026-08-29T21:17:28.3385839Z [36;1mif [ -d "$SRC" ] && [ "$(ls -A "$SRC" 2>/dev/null)" ]; then[0m
2026-08-29T21:17:28.3386232Z [36;1m  cp -r "$SRC"/. /tmp/benchmark_results/[0m
2026-08-29T21:17:28.3386660Z [36;1m  echo "Benchmark results fetched successfully from PVC:"[0m
2026-08-29T21:17:28.3387056Z [36;1m  ls -la /tmp/benchmark_results/[0m
2026-08-29T21:17:28.3387387Z [36;1m  # Clean up PVC contents after copying[0m
2026-08-29T21:17:28.3387801Z [36;1m  echo "Cleaning up PVC contents at $SRC..."[0m
2026-08-29T21:17:28.3388136Z [36;1m  rm -rf "${SRC:?}"/*[0m
2026-08-29T21:17:28.3388457Z [36;1m  echo "PVC contents cleaned up successfully"[0m
2026-08-29T21:17:28.3388772Z [36;1melse[0m
2026-08-29T21:17:28.3389076Z [36;1m  echo "Warning: No benchmark results found in PVC at $SRC"[0m
2026-08-29T21:17:28.3389480Z [36;1m  echo "Directory contents (if exists):"[0m
2026-08-29T21:17:28.3389879Z [36;1m  ls -la "$SRC" 2>/dev/null || echo "Directory does not exist"[0m
2026-08-29T21:17:28.3390249Z [36;1mfi[0m
2026-08-29T21:17:28.3390672Z shell: bash -el {0}
2026-08-29T21:17:28.3390903Z env:
2026-08-29T21:17:28.3391166Z   LWS_NAME: vllm-deepseek-v3-2t-mtp2-pd-860cca
2026-08-29T21:17:28.3391554Z   LEADER_POD: vllm-deepseek-v3-2t-mtp2-pd-860cca-0
2026-08-29T21:17:28.3392031Z   LOG_PREFIX: /root/.cache/ascend-logs/main/vllm-deepseek-v3-2t-mtp2-pd-860cca
2026-08-29T21:17:28.3392683Z   FAIL_TAG: FAIL_TAG_DeepSeek_V3.2T_MTP2_PD.yaml
2026-08-29T21:17:28.3393003Z ##[endgroup]
2026-08-29T21:17:28.3481512Z ##[group]Run '/home/runner/k8s/index.js'
2026-08-29T21:17:28.3482679Z shell: /home/runner/externals/node20/bin/node {0}
2026-08-29T21:17:28.3483014Z ##[endgroup]
2026-08-29T21:17:28.7894384Z (node:1280) [DEP0005] DeprecationWarning: Buffer() is deprecated due to security and usability issues. Please use the Buffer.alloc(), Buffer.allocUnsafe(), or Buffer.from() methods instead.
2026-08-29T21:17:28.7895430Z (Use `node --trace-deprecation ...` to show where the warning was created)
2026-08-29T21:17:29.1438156Z Fetching benchmark results from PVC at /root/.cache/benchmark_results/main-DeepSeek_V3.2T_MTP2_PD...
2026-08-29T21:17:29.1467065Z Warning: No benchmark results found in PVC at /root/.cache/benchmark_results/main-DeepSeek_V3.2T_MTP2_PD
2026-08-29T21:17:29.1467650Z Directory contents (if exists):
2026-08-29T21:17:29.1474415Z Directory does not exist
2026-08-29T21:17:29.6805617Z ##[group]Run echo "Current pod status:"
2026-08-29T21:17:29.6806038Z [36;1mecho "Current pod status:"[0m
2026-08-29T21:17:29.6806449Z [36;1mkubectl get pods -n "$NAMESPACE" --ignore-not-found=true[0m
2026-08-29T21:17:29.6806826Z [36;1m[0m
2026-08-29T21:17:29.6807093Z [36;1mecho "Deleting resources for [$LWS_NAME]..."[0m
2026-08-29T21:17:29.6807542Z [36;1mkubectl delete -f ./lws.yaml --ignore-not-found=true || true[0m
2026-08-29T21:17:29.6807926Z [36;1m[0m
2026-08-29T21:17:29.6808235Z [36;1mecho "Waiting for pods of [$LWS_NAME] to fully terminate..."[0m
2026-08-29T21:17:29.6808611Z [36;1mTIMEOUT=300[0m
2026-08-29T21:17:29.6808855Z [36;1mSLEEP_INTERVAL=5[0m
2026-08-29T21:17:29.6809131Z [36;1mSTART_TIME=$(date +%s)[0m
2026-08-29T21:17:29.6809405Z [36;1mwhile true; do[0m
2026-08-29T21:17:29.6809922Z [36;1m  ELAPSED=$(( $(date +%s) - START_TIME ))[0m
2026-08-29T21:17:29.6810300Z [36;1m  if [[ $ELAPSED -ge $TIMEOUT ]]; then[0m
2026-08-29T21:17:29.6810955Z [36;1m    echo "Timeout reached ($TIMEOUT seconds) waiting for termination, continuing anyway."[0m
2026-08-29T21:17:29.6811540Z [36;1m    kubectl get pods -n "$NAMESPACE" | grep "^${LWS_NAME}-" || true[0m
2026-08-29T21:17:29.6811938Z [36;1m    break[0m
2026-08-29T21:17:29.6812323Z [36;1m  fi[0m
2026-08-29T21:17:29.6812763Z [36;1m  PODS_EXIST=$(kubectl get pods -n "$NAMESPACE" -o jsonpath='{.items[*].metadata.name}' 2>/dev/null \[0m
2026-08-29T21:17:29.6813332Z [36;1m    | tr ' ' '\n' | grep "^${LWS_NAME}-" || true)[0m
2026-08-29T21:17:29.6813684Z [36;1m  if [[ -z "$PODS_EXIST" ]]; then[0m
2026-08-29T21:17:29.6814054Z [36;1m    echo "All pods for [$LWS_NAME] have terminated."[0m
2026-08-29T21:17:29.6814395Z [36;1m    break[0m
2026-08-29T21:17:29.6814617Z [36;1m  fi[0m
2026-08-29T21:17:29.6814918Z [36;1m  echo "Waiting for pods to terminate: $PODS_EXIST"[0m
2026-08-29T21:17:29.6815277Z [36;1m  sleep $SLEEP_INTERVAL[0m
2026-08-29T21:17:29.6815557Z [36;1mdone[0m
2026-08-29T21:17:29.6815884Z shell: bash -el {0}
2026-08-29T21:17:29.6816112Z env:
2026-08-29T21:17:29.6816391Z   LWS_NAME: vllm-deepseek-v3-2t-mtp2-pd-860cca
2026-08-29T21:17:29.6816774Z   LEADER_POD: vllm-deepseek-v3-2t-mtp2-pd-860cca-0
2026-08-29T21:17:29.6817256Z   LOG_PREFIX: /root/.cache/ascend-logs/main/vllm-deepseek-v3-2t-mtp2-pd-860cca
2026-08-29T21:17:29.6817733Z   FAIL_TAG: FAIL_TAG_DeepSeek_V3.2T_MTP2_PD.yaml
2026-08-29T21:17:29.6818042Z ##[endgroup]
2026-08-29T21:17:29.6913420Z ##[group]Run '/home/runner/k8s/index.js'
2026-08-29T21:17:29.6914378Z shell: /home/runner/externals/node20/bin/node {0}
2026-08-29T21:17:29.6914697Z ##[endgroup]
2026-08-29T21:17:30.1320385Z (node:1443) [DEP0005] DeprecationWarning: Buffer() is deprecated due to security and usability issues. Please use the Buffer.alloc(), Buffer.allocUnsafe(), or Buffer.from() methods instead.
2026-08-29T21:17:30.1321539Z (Use `node --trace-deprecation ...` to show where the warning was created)
2026-08-29T21:17:30.5094489Z Current pod status:
2026-08-29T21:17:30.6353148Z NAME                                               READY   STATUS      RESTARTS      AGE
2026-08-29T21:17:30.6353810Z ascend-plog-cleaner-29799600-qcqjp                 0/1     Completed   0             17h
2026-08-29T21:17:30.6354444Z linux-aarch64-a3-0-dnlzn-runner-8p62r              1/1     Running     0             74m
2026-08-29T21:17:30.6355092Z linux-aarch64-a3-0-dnlzn-runner-8p62r-workflow     1/1     Running     0             73m
2026-08-29T21:17:30.6355719Z linux-aarch64-a3-0-dnlzn-runner-mwphc              1/1     Running     0             11m
2026-08-29T21:17:30.6356347Z linux-aarch64-a3-0-dnlzn-runner-mwphc-workflow     1/1     Running     0             10m
2026-08-29T21:17:30.6356987Z linux-aarch64-a3-16-ww2np-runner-g4vdd             0/1     Pending     0             6h11m
2026-08-29T21:17:30.6357561Z model-downloader                                   1/1     Running     0             23d
2026-08-29T21:17:30.6358467Z vllm-deepseek-v3-2t-mtp2-pd-860cca-0               1/1     Running     1 (3s ago)    73m
2026-08-29T21:17:30.6359085Z vllm-deepseek-v3-2t-mtp2-pd-860cca-0-1             1/1     Running     1 (13s ago)   73m
2026-08-29T21:17:30.6359696Z vllm-deepseek-v3-2t-mtp2-pd-860cca-0-2             1/1     Running     0             73m
2026-08-29T21:17:30.6360282Z vllm-deepseek-v3-2t-mtp2-pd-860cca-0-3             1/1     Running     1 (7s ago)    73m
2026-08-29T21:17:30.6360970Z vllm-glm-5-1-w8a8c8-3-5k-1-5k-0-20-pd-e11504-0     1/1     Running     0             10m
2026-08-29T21:17:30.6361583Z vllm-glm-5-1-w8a8c8-3-5k-1-5k-0-20-pd-e11504-0-1   1/1     Running     0             10m
2026-08-29T21:17:30.6362352Z vllm-glm-5-1-w8a8c8-3-5k-1-5k-0-20-pd-e11504-0-2   1/1     Running     0             10m
2026-08-29T21:17:30.6362960Z vllm-glm-5-1-w8a8c8-3-5k-1-5k-0-20-pd-e11504-0-3   1/1     Running     0             10m
2026-08-29T21:17:30.6375296Z Deleting resources for [vllm-deepseek-v3-2t-mtp2-pd-860cca]...
2026-08-29T21:17:30.7057665Z leaderworkerset.leaderworkerset.x-k8s.io "vllm-deepseek-v3-2t-mtp2-pd-860cca" deleted from vllm-project namespace
2026-08-29T21:17:30.7385465Z service "vllm-deepseek-v3-2t-mtp2-pd-860cca-leader" deleted from vllm-project namespace
2026-08-29T21:17:30.7508088Z Waiting for pods of [vllm-deepseek-v3-2t-mtp2-pd-860cca] to fully terminate...
2026-08-29T21:17:30.8991586Z Waiting for pods to terminate: vllm-deepseek-v3-2t-mtp2-pd-860cca-0
2026-08-29T21:17:30.8992177Z vllm-deepseek-v3-2t-mtp2-pd-860cca-0-1
2026-08-29T21:17:30.8992536Z vllm-deepseek-v3-2t-mtp2-pd-860cca-0-2
2026-08-29T21:17:30.8992856Z vllm-deepseek-v3-2t-mtp2-pd-860cca-0-3
2026-08-29T21:17:35.9882999Z Waiting for pods to terminate: vllm-deepseek-v3-2t-mtp2-pd-860cca-0
2026-08-29T21:17:35.9883509Z vllm-deepseek-v3-2t-mtp2-pd-860cca-0-1
2026-08-29T21:17:35.9883865Z vllm-deepseek-v3-2t-mtp2-pd-860cca-0-2
2026-08-29T21:17:35.9884226Z vllm-deepseek-v3-2t-mtp2-pd-860cca-0-3
2026-08-29T21:17:41.0763885Z Waiting for pods to terminate: vllm-deepseek-v3-2t-mtp2-pd-860cca-0
2026-08-29T21:17:41.0764446Z vllm-deepseek-v3-2t-mtp2-pd-860cca-0-1
2026-08-29T21:17:41.0764791Z vllm-deepseek-v3-2t-mtp2-pd-860cca-0-2
2026-08-29T21:17:41.0765115Z vllm-deepseek-v3-2t-mtp2-pd-860cca-0-3
2026-08-29T21:17:46.1876051Z Waiting for pods to terminate: vllm-deepseek-v3-2t-mtp2-pd-860cca-0
2026-08-29T21:17:46.1876578Z vllm-deepseek-v3-2t-mtp2-pd-860cca-0-1
2026-08-29T21:17:46.1876925Z vllm-deepseek-v3-2t-mtp2-pd-860cca-0-2
2026-08-29T21:17:46.1877263Z vllm-deepseek-v3-2t-mtp2-pd-860cca-0-3
2026-08-29T21:17:51.2822442Z Waiting for pods to terminate: vllm-deepseek-v3-2t-mtp2-pd-860cca-0
2026-08-29T21:17:51.2822965Z vllm-deepseek-v3-2t-mtp2-pd-860cca-0-1
2026-08-29T21:17:51.2823312Z vllm-deepseek-v3-2t-mtp2-pd-860cca-0-2
2026-08-29T21:17:56.4122131Z vllm-deepseek-v3-2t-mtp2-pd-860cca-0-3
2026-08-29T21:17:56.4122686Z Waiting for pods to terminate: vllm-deepseek-v3-2t-mtp2-pd-860cca-0
2026-08-29T21:17:56.4123176Z vllm-deepseek-v3-2t-mtp2-pd-860cca-0-1
2026-08-29T21:17:56.4123507Z vllm-deepseek-v3-2t-mtp2-pd-860cca-0-2
2026-08-29T21:17:56.4123847Z vllm-deepseek-v3-2t-mtp2-pd-860cca-0-3
2026-08-29T21:18:01.5004418Z Waiting for pods to terminate: vllm-deepseek-v3-2t-mtp2-pd-860cca-0
2026-08-29T21:18:01.5004939Z vllm-deepseek-v3-2t-mtp2-pd-860cca-0-1
2026-08-29T21:18:01.5005292Z vllm-deepseek-v3-2t-mtp2-pd-860cca-0-2
2026-08-29T21:18:01.5005621Z vllm-deepseek-v3-2t-mtp2-pd-860cca-0-3
2026-08-29T21:18:06.6291409Z Waiting for pods to terminate: vllm-deepseek-v3-2t-mtp2-pd-860cca-0-1
2026-08-29T21:18:06.6291924Z vllm-deepseek-v3-2t-mtp2-pd-860cca-0-2
2026-08-29T21:18:06.6292473Z vllm-deepseek-v3-2t-mtp2-pd-860cca-0-3
2026-08-29T21:18:11.7130909Z Waiting for pods to terminate: vllm-deepseek-v3-2t-mtp2-pd-860cca-0-1
2026-08-29T21:18:11.7131439Z vllm-deepseek-v3-2t-mtp2-pd-860cca-0-2
2026-08-29T21:18:11.7131802Z vllm-deepseek-v3-2t-mtp2-pd-860cca-0-3
2026-08-29T21:18:16.8576181Z Waiting for pods to terminate: vllm-deepseek-v3-2t-mtp2-pd-860cca-0-1
2026-08-29T21:18:16.8576700Z vllm-deepseek-v3-2t-mtp2-pd-860cca-0-2
2026-08-29T21:18:16.8577512Z vllm-deepseek-v3-2t-mtp2-pd-860cca-0-3
2026-08-29T21:18:21.9366479Z Waiting for pods to terminate: vllm-deepseek-v3-2t-mtp2-pd-860cca-0-1
2026-08-29T21:18:21.9366999Z vllm-deepseek-v3-2t-mtp2-pd-860cca-0-2
2026-08-29T21:18:21.9367358Z vllm-deepseek-v3-2t-mtp2-pd-860cca-0-3
2026-08-29T21:18:27.1147541Z Waiting for pods to terminate: vllm-deepseek-v3-2t-mtp2-pd-860cca-0-1
2026-08-29T21:18:27.1148065Z vllm-deepseek-v3-2t-mtp2-pd-860cca-0-2
2026-08-29T21:18:27.1148395Z vllm-deepseek-v3-2t-mtp2-pd-860cca-0-3
2026-08-29T21:18:32.2191299Z Waiting for pods to terminate: vllm-deepseek-v3-2t-mtp2-pd-860cca-0-1
2026-08-29T21:18:32.2191846Z vllm-deepseek-v3-2t-mtp2-pd-860cca-0-2
2026-08-29T21:18:32.2192321Z vllm-deepseek-v3-2t-mtp2-pd-860cca-0-3
2026-08-29T21:18:37.3171448Z All pods for [vllm-deepseek-v3-2t-mtp2-pd-860cca] have terminated.
2026-08-29T21:18:37.6437952Z ##[group]Run set -euo pipefail
2026-08-29T21:18:37.6438336Z [36;1mset -euo pipefail[0m
2026-08-29T21:18:37.6438600Z [36;1msize="4"[0m
2026-08-29T21:18:37.6438868Z [36;1mDEST="/tmp/collected-logs"[0m
2026-08-29T21:18:37.6439183Z [36;1mPLOG_PATH=/root/ascend/log[0m
2026-08-29T21:18:37.6439491Z [36;1mKUBE_LOG_PATH=/var/log[0m
2026-08-29T21:18:37.6439783Z [36;1mEXT_LOG_PATH=/external-dp[0m
2026-08-29T21:18:37.6440097Z [36;1mfor i in $(seq 0 $((size - 1))); do[0m
2026-08-29T21:18:37.6440420Z [36;1m  if [ "${i}" -eq 0 ]; then[0m
2026-08-29T21:18:37.6440710Z [36;1m    POD="${LWS_NAME}-0"[0m
2026-08-29T21:18:37.6440974Z [36;1m  else[0m
2026-08-29T21:18:37.6441211Z [36;1m    POD="${LWS_NAME}-0-${i}"[0m
2026-08-29T21:18:37.6441483Z [36;1m  fi[0m
2026-08-29T21:18:37.6441849Z [36;1m  mkdir -p "${DEST}/node${i}/${PLOG_PATH}" "${DEST}/node${i}/${KUBE_LOG_PATH}"[0m
2026-08-29T21:18:37.6442474Z [36;1m  # pod stdout.[0m
2026-08-29T21:18:37.6442919Z [36;1m  cp "/tmp/${POD}_logs.txt" "${DEST}/node${i}/${KUBE_LOG_PATH}/" 2>/dev/null || true[0m
2026-08-29T21:18:37.6443446Z [36;1m  # Ascend plogs from PVC.[0m
2026-08-29T21:18:37.6443767Z [36;1m  SRC="${LOG_PREFIX}/node_${i}_plogs"[0m
2026-08-29T21:18:37.6444091Z [36;1m  if [ -d "$SRC" ]; then[0m
2026-08-29T21:18:37.6444469Z [36;1m    cp -r "$SRC"/. "${DEST}/node${i}/${PLOG_PATH}/" 2>/dev/null || true[0m
2026-08-29T21:18:37.6444848Z [36;1m  fi[0m
2026-08-29T21:18:37.6445192Z [36;1m  # External DP packs per-rank raw logs into a single archive per node.[0m
2026-08-29T21:18:37.6445701Z [36;1m  EXT_SRC="${LOG_PREFIX}/node_${i}_external_dp_logs.tar.gz"[0m
2026-08-29T21:18:37.6446083Z [36;1m  if [ -f "$EXT_SRC" ]; then[0m
2026-08-29T21:18:37.6446415Z [36;1m    mkdir -p "${DEST}/node${i}/${EXT_LOG_PATH}"[0m
2026-08-29T21:18:37.6446851Z [36;1m    cp "$EXT_SRC" "${DEST}/node${i}/${EXT_LOG_PATH}/" 2>/dev/null || true[0m
2026-08-29T21:18:37.6447229Z [36;1m  fi[0m
2026-08-29T21:18:37.6447441Z [36;1mdone[0m
2026-08-29T21:18:37.6447658Z [36;1m[0m
2026-08-29T21:18:37.6447962Z [36;1mtar -czf /tmp/ascend-logs.tar.gz -C /tmp collected-logs[0m
2026-08-29T21:18:37.6448443Z shell: bash -el {0}
2026-08-29T21:18:37.6448673Z env:
2026-08-29T21:18:37.6448934Z   LWS_NAME: vllm-deepseek-v3-2t-mtp2-pd-860cca
2026-08-29T21:18:37.6449330Z   LEADER_POD: vllm-deepseek-v3-2t-mtp2-pd-860cca-0
2026-08-29T21:18:37.6449806Z   LOG_PREFIX: /root/.cache/ascend-logs/main/vllm-deepseek-v3-2t-mtp2-pd-860cca
2026-08-29T21:18:37.6450281Z   FAIL_TAG: FAIL_TAG_DeepSeek_V3.2T_MTP2_PD.yaml
2026-08-29T21:18:37.6450594Z ##[endgroup]
2026-08-29T21:18:37.6551522Z ##[group]Run '/home/runner/k8s/index.js'
2026-08-29T21:18:37.6552630Z shell: /home/runner/externals/node20/bin/node {0}
2026-08-29T21:18:37.6552961Z ##[endgroup]
2026-08-29T21:18:38.0927511Z (node:1629) [DEP0005] DeprecationWarning: Buffer() is deprecated due to security and usability issues. Please use the Buffer.alloc(), Buffer.allocUnsafe(), or Buffer.from() methods instead.
2026-08-29T21:18:38.0928591Z (Use `node --trace-deprecation ...` to show where the warning was created)
2026-08-29T21:18:39.4106184Z ##[group]Run ascend-gha-runners/artifact/upload@v0.3
2026-08-29T21:18:39.4106558Z with:
2026-08-29T21:18:39.4106886Z   access_key: ***
2026-08-29T21:18:39.4107211Z   secret_key: ***
2026-08-29T21:18:39.4107473Z   name: DeepSeek_V3.2T_MTP2_PD.yaml-ascend-logs
2026-08-29T21:18:39.4107817Z   path: /tmp/ascend-logs.tar.gz
2026-08-29T21:18:39.4108093Z   retention-days: 7
2026-08-29T21:18:39.4108339Z   if-no-files-found: warn
2026-08-29T21:18:39.4108605Z   bucket: ascend-ci-cache-hk
2026-08-29T21:18:39.4108922Z   endpoint: obs.ap-southeast-1.myhuaweicloud.com
2026-08-29T21:18:39.4109238Z env:
2026-08-29T21:18:39.4109491Z   LWS_NAME: vllm-deepseek-v3-2t-mtp2-pd-860cca
2026-08-29T21:18:39.4109861Z   LEADER_POD: vllm-deepseek-v3-2t-mtp2-pd-860cca-0
2026-08-29T21:18:39.4110340Z   LOG_PREFIX: /root/.cache/ascend-logs/main/vllm-deepseek-v3-2t-mtp2-pd-860cca
2026-08-29T21:18:39.4110802Z   FAIL_TAG: FAIL_TAG_DeepSeek_V3.2T_MTP2_PD.yaml
2026-08-29T21:18:39.4111276Z ##[endgroup]
2026-08-29T21:18:39.4174670Z ##[start-action display=Setup obsutil;id=__ascend-gha-runners_artifact.__run]
2026-08-29T21:18:39.4770980Z ##[group]Run if command -v obsutil &>/dev/null; then
2026-08-29T21:18:39.4771425Z [36;1mif command -v obsutil &>/dev/null; then[0m
2026-08-29T21:18:39.4771816Z [36;1m  echo "obsutil already installed, skipping setup"[0m
2026-08-29T21:18:39.4772369Z [36;1m  exit 0[0m
2026-08-29T21:18:39.4772595Z [36;1mfi[0m
2026-08-29T21:18:39.4772800Z [36;1m{[0m
2026-08-29T21:18:39.4773027Z [36;1m  ARCH=$(uname -m)[0m
2026-08-29T21:18:39.4773449Z [36;1m  if [ "${ARCH}" = "aarch64" ] || [ "${ARCH}" = "arm64" ]; then[0m
2026-08-29T21:18:39.4773834Z [36;1m    OBSUTIL_ARCH="arm64"[0m
2026-08-29T21:18:39.4774106Z [36;1m  else[0m
2026-08-29T21:18:39.4774337Z [36;1m    OBSUTIL_ARCH="amd64"[0m
2026-08-29T21:18:39.4774595Z [36;1m  fi[0m
2026-08-29T21:18:39.4775219Z [36;1m  curl -sSL "https://obs-community.obs.cn-north-1.myhuaweicloud.com/obsutil/current/obsutil_linux_${OBSUTIL_ARCH}.tar.gz" \[0m
2026-08-29T21:18:39.4775886Z [36;1m    -o /tmp/obsutil.tar.gz[0m
2026-08-29T21:18:39.4776213Z [36;1m  tar -xzf /tmp/obsutil.tar.gz -C /tmp[0m
2026-08-29T21:18:39.4776744Z [36;1m  OBSUTIL_DIR=$(find /tmp -maxdepth 1 -name "obsutil_linux_${OBSUTIL_ARCH}_*" -type d | head -1)[0m
2026-08-29T21:18:39.4777261Z [36;1m  chmod +x "${OBSUTIL_DIR}/obsutil"[0m
2026-08-29T21:18:39.4777601Z [36;1m  echo "${OBSUTIL_DIR}" >> $GITHUB_PATH[0m
2026-08-29T21:18:39.4777916Z [36;1m} > /dev/null 2>&1[0m
2026-08-29T21:18:39.4778205Z [36;1mecho "obsutil setup complete"[0m
2026-08-29T21:18:39.4780327Z shell: bash --noprofile --norc -e -o pipefail {0}
2026-08-29T21:18:39.4780650Z env:
2026-08-29T21:18:39.4780925Z   LWS_NAME: vllm-deepseek-v3-2t-mtp2-pd-860cca
2026-08-29T21:18:39.4781313Z   LEADER_POD: vllm-deepseek-v3-2t-mtp2-pd-860cca-0
2026-08-29T21:18:39.4781820Z   LOG_PREFIX: /root/.cache/ascend-logs/main/vllm-deepseek-v3-2t-mtp2-pd-860cca
2026-08-29T21:18:39.4782523Z   FAIL_TAG: FAIL_TAG_DeepSeek_V3.2T_MTP2_PD.yaml
2026-08-29T21:18:39.4782849Z ##[endgroup]
2026-08-29T21:18:39.4878112Z ##[group]Run '/home/runner/k8s/index.js'
2026-08-29T21:18:39.4879031Z shell: /home/runner/externals/node20/bin/node {0}
2026-08-29T21:18:39.4879352Z ##[endgroup]
2026-08-29T21:18:39.9379747Z (node:1828) [DEP0005] DeprecationWarning: Buffer() is deprecated due to security and usability issues. Please use the Buffer.alloc(), Buffer.allocUnsafe(), or Buffer.from() methods instead.
2026-08-29T21:18:39.9380782Z (Use `node --trace-deprecation ...` to show where the warning was created)
2026-08-29T21:18:40.9998631Z obsutil setup complete
2026-08-29T21:18:42.4780358Z ##[end-action id=__ascend-gha-runners_artifact.__run;outcome=success;conclusion=success;duration_ms=3060]
2026-08-29T21:18:42.4784158Z ##[start-action display=Configure obsutil;id=__ascend-gha-runners_artifact.__run_2]
2026-08-29T21:18:42.5184063Z ##[group]Run obsutil config \
2026-08-29T21:18:42.5184652Z [36;1mobsutil config \[0m
2026-08-29T21:18:42.5185267Z [36;1m  -i=*** \[0m
2026-08-29T21:18:42.5186048Z [36;1m  -k=*** \[0m
2026-08-29T21:18:42.5186406Z [36;1m  -e=obs.ap-southeast-1.myhuaweicloud.com > /dev/null 2>&1[0m
2026-08-29T21:18:42.5186840Z [36;1mecho "OBS credentials configured"[0m
2026-08-29T21:18:42.5187595Z shell: bash --noprofile --norc -e -o pipefail {0}
2026-08-29T21:18:42.5187918Z env:
2026-08-29T21:18:42.5188175Z   LWS_NAME: vllm-deepseek-v3-2t-mtp2-pd-860cca
2026-08-29T21:18:42.5188563Z   LEADER_POD: vllm-deepseek-v3-2t-mtp2-pd-860cca-0
2026-08-29T21:18:42.5189038Z   LOG_PREFIX: /root/.cache/ascend-logs/main/vllm-deepseek-v3-2t-mtp2-pd-860cca
2026-08-29T21:18:42.5189513Z   FAIL_TAG: FAIL_TAG_DeepSeek_V3.2T_MTP2_PD.yaml
2026-08-29T21:18:42.5189819Z ##[endgroup]
2026-08-29T21:18:42.5288167Z ##[group]Run '/home/runner/k8s/index.js'
2026-08-29T21:18:42.5289715Z shell: /home/runner/externals/node20/bin/node {0}
2026-08-29T21:18:42.5290318Z ##[endgroup]
2026-08-29T21:18:42.9766723Z (node:2159) [DEP0005] DeprecationWarning: Buffer() is deprecated due to security and usability issues. Please use the Buffer.alloc(), Buffer.allocUnsafe(), or Buffer.from() methods instead.
2026-08-29T21:18:42.9767787Z (Use `node --trace-deprecation ...` to show where the warning was created)
2026-08-29T21:18:43.5014877Z OBS credentials configured
2026-08-29T21:18:43.8098417Z ##[end-action id=__ascend-gha-runners_artifact.__run_2;outcome=success;conclusion=success;duration_ms=1331]
2026-08-29T21:18:43.8101209Z ##[start-action display=Upload artifact;id=__ascend-gha-runners_artifact.upload]
2026-08-29T21:18:43.8488133Z ##[group]Run set -euo pipefail
2026-08-29T21:18:43.8488745Z [36;1mset -euo pipefail[0m
2026-08-29T21:18:43.8489014Z [36;1m[0m
2026-08-29T21:18:43.8489245Z [36;1mBUCKET="ascend-ci-cache-hk"[0m
2026-08-29T21:18:43.8489616Z [36;1mENDPOINT="obs.ap-southeast-1.myhuaweicloud.com"[0m
2026-08-29T21:18:43.8490050Z [36;1mNAME="DeepSeek_V3.2T_MTP2_PD.yaml-ascend-logs"[0m
2026-08-29T21:18:43.8490443Z [36;1mFILE_PATH="/tmp/ascend-logs.tar.gz"[0m
2026-08-29T21:18:43.8490788Z [36;1mREPO="vllm-project/vllm-ascend"[0m
2026-08-29T21:18:43.8491093Z [36;1mRUN_ID="33261092260"[0m
2026-08-29T21:18:43.8491339Z [36;1m[0m
2026-08-29T21:18:43.8491640Z [36;1m# Deterministic path: artifacts/{repo}/{run_id}/{name}/[0m
2026-08-29T21:18:43.8492225Z [36;1mOBJECT_PREFIX="artifacts/${REPO}/${RUN_ID}/${NAME}"[0m
2026-08-29T21:18:43.8492706Z [36;1mMETA_KEY="artifacts/${REPO}/${RUN_ID}/_meta/${NAME}.json"[0m
2026-08-29T21:18:43.8493079Z [36;1m[0m
2026-08-29T21:18:43.8493581Z [36;1m# ── Expand multiline path input into include/exclude lists ──[0m
2026-08-29T21:18:43.8494098Z [36;1m# Supports: single path, directory, glob, multiline, ! exclusions[0m
2026-08-29T21:18:43.8494514Z [36;1mINCLUDE_PATTERNS=()[0m
2026-08-29T21:18:43.8494791Z [36;1mEXCLUDE_PATTERNS=()[0m
2026-08-29T21:18:43.8495075Z [36;1mwhile IFS= read -r line; do[0m
2026-08-29T21:18:43.8495494Z [36;1m  line="${line#"${line%%[![:space:]]*}"}"  # trim leading whitespace[0m
2026-08-29T21:18:43.8496012Z [36;1m  line="${line%"${line##*[![:space:]]}"}"  # trim trailing whitespace[0m
2026-08-29T21:18:43.8496403Z [36;1m  [ -z "${line}" ] && continue[0m
2026-08-29T21:18:43.8496710Z [36;1m  if [[ "${line}" == '!'* ]]; then[0m
2026-08-29T21:18:43.8497037Z [36;1m    EXCLUDE_PATTERNS+=("${line:1}")[0m
2026-08-29T21:18:43.8497329Z [36;1m  else[0m
2026-08-29T21:18:43.8497611Z [36;1m    INCLUDE_PATTERNS+=("${line}")[0m
2026-08-29T21:18:43.8497893Z [36;1m  fi[0m
2026-08-29T21:18:43.8498120Z [36;1mdone <<< "${FILE_PATH}"[0m
2026-08-29T21:18:43.8498389Z [36;1m[0m
2026-08-29T21:18:43.8498669Z [36;1m# Collect matching files using find + glob expansion[0m
2026-08-29T21:18:43.8499038Z [36;1mSTAGING_DIR=$(mktemp -d)[0m
2026-08-29T21:18:43.8499328Z [36;1mFILE_COUNT=0[0m
2026-08-29T21:18:43.8499559Z [36;1m[0m
2026-08-29T21:18:43.8499816Z [36;1mfor PATTERN in "${INCLUDE_PATTERNS[@]}"; do[0m
2026-08-29T21:18:43.8500213Z [36;1m  # Use bash glob expansion; fall back to literal path[0m
2026-08-29T21:18:43.8500829Z [36;1m  shopt -s globstar nullglob[0m
2026-08-29T21:18:43.8501143Z [36;1m  for MATCH in ${PATTERN}; do[0m
2026-08-29T21:18:43.8501452Z [36;1m    [ -e "${MATCH}" ] || continue[0m
2026-08-29T21:18:43.8501767Z [36;1m    if [ -d "${MATCH}" ]; then[0m
2026-08-29T21:18:43.8502216Z [36;1m      while IFS= read -r -d '' f; do[0m
2026-08-29T21:18:43.8502551Z [36;1m        REL="${f#./}"[0m
2026-08-29T21:18:43.8502859Z [36;1m        # Check against exclude patterns[0m
2026-08-29T21:18:43.8503177Z [36;1m        EXCLUDED=false[0m
2026-08-29T21:18:43.8503548Z [36;1m        for EXCL in "${EXCLUDE_PATTERNS[@]}"; do[0m
2026-08-29T21:18:43.8519405Z [36;1m          case "${REL}" in[0m
2026-08-29T21:18:43.8519820Z [36;1m            ${EXCL}) EXCLUDED=true; break ;;[0m
2026-08-29T21:18:43.8520215Z [36;1m          esac[0m
2026-08-29T21:18:43.8520442Z [36;1m        done[0m
2026-08-29T21:18:43.8520690Z [36;1m        if [ "${EXCLUDED}" = "false" ]; then[0m
2026-08-29T21:18:43.8521262Z [36;1m          TARGET="${STAGING_DIR}/${REL}"[0m
2026-08-29T21:18:43.8521613Z [36;1m          mkdir -p "$(dirname "${TARGET}")"[0m
2026-08-29T21:18:43.8521946Z [36;1m          cp "${f}" "${TARGET}"[0m
2026-08-29T21:18:43.8522451Z [36;1m          FILE_COUNT=$((FILE_COUNT + 1))[0m
2026-08-29T21:18:43.8522747Z [36;1m        fi[0m
2026-08-29T21:18:43.8523041Z [36;1m      done < <(find "${MATCH}" -type f -print0)[0m
2026-08-29T21:18:43.8523360Z [36;1m    else[0m
2026-08-29T21:18:43.8523651Z [36;1m      REL="${MATCH#./}"[0m
2026-08-29T21:18:43.8523933Z [36;1m      EXCLUDED=false[0m
2026-08-29T21:18:43.8524233Z [36;1m      for EXCL in "${EXCLUDE_PATTERNS[@]}"; do[0m
2026-08-29T21:18:43.8524569Z [36;1m        case "${REL}" in[0m
2026-08-29T21:18:43.8524871Z [36;1m          ${EXCL}) EXCLUDED=true; break ;;[0m
2026-08-29T21:18:43.8525174Z [36;1m        esac[0m
2026-08-29T21:18:43.8525411Z [36;1m      done[0m
2026-08-29T21:18:43.8525675Z [36;1m      if [ "${EXCLUDED}" = "false" ]; then[0m
2026-08-29T21:18:43.8526024Z [36;1m        TARGET="${STAGING_DIR}/${REL}"[0m
2026-08-29T21:18:43.8526361Z [36;1m        mkdir -p "$(dirname "${TARGET}")"[0m
2026-08-29T21:18:43.8526684Z [36;1m        cp "${MATCH}" "${TARGET}"[0m
2026-08-29T21:18:43.8527001Z [36;1m        FILE_COUNT=$((FILE_COUNT + 1))[0m
2026-08-29T21:18:43.8527294Z [36;1m      fi[0m
2026-08-29T21:18:43.8527511Z [36;1m    fi[0m
2026-08-29T21:18:43.8527718Z [36;1m  done[0m
2026-08-29T21:18:43.8527946Z [36;1m  shopt -u globstar nullglob[0m
2026-08-29T21:18:43.8528227Z [36;1mdone[0m
2026-08-29T21:18:43.8528436Z [36;1m[0m
2026-08-29T21:18:43.8528661Z [36;1m# ── Handle no files found ──[0m
2026-08-29T21:18:43.8528973Z [36;1mif [ "${FILE_COUNT}" -eq 0 ]; then[0m
2026-08-29T21:18:43.8529273Z [36;1m  case "warn" in[0m
2026-08-29T21:18:43.8529515Z [36;1m    error)[0m
2026-08-29T21:18:43.8529824Z [36;1m      echo "::error::No files found for path: ${FILE_PATH}"[0m
2026-08-29T21:18:43.8530186Z [36;1m      exit 1[0m
2026-08-29T21:18:43.8530427Z [36;1m      ;;[0m
2026-08-29T21:18:43.8530646Z [36;1m    warn)[0m
2026-08-29T21:18:43.8531005Z [36;1m      echo "::warning::No files found for path: ${FILE_PATH}, skipping upload"[0m
2026-08-29T21:18:43.8531429Z [36;1m      exit 0[0m
2026-08-29T21:18:43.8531651Z [36;1m      ;;[0m
2026-08-29T21:18:43.8531875Z [36;1m    ignore)[0m
2026-08-29T21:18:43.8532244Z [36;1m      exit 0[0m
2026-08-29T21:18:43.8532477Z [36;1m      ;;[0m
2026-08-29T21:18:43.8532704Z [36;1m  esac[0m
2026-08-29T21:18:43.8532917Z [36;1mfi[0m
2026-08-29T21:18:43.8533129Z [36;1m[0m
2026-08-29T21:18:43.8533371Z [36;1m# ── Upload staged files ──[0m
2026-08-29T21:18:43.8533807Z [36;1mTOTAL_SIZE=$(du -sb "${STAGING_DIR}" | awk '{print $1}')[0m
2026-08-29T21:18:43.8534318Z [36;1mecho "Uploading ${FILE_COUNT} file(s), total size: ${TOTAL_SIZE} bytes"[0m
2026-08-29T21:18:43.8534724Z [36;1m[0m
2026-08-29T21:18:43.8535145Z [36;1m# Upload each top-level entry individually to avoid staging dir name leaking into OBS path[0m
2026-08-29T21:18:43.8535803Z [36;1m> /tmp/obsutil_upload.log[0m
2026-08-29T21:18:43.8536116Z [36;1mfor item in "${STAGING_DIR}"/*; do[0m
2026-08-29T21:18:43.8536447Z [36;1m  [ -e "${item}" ] || continue[0m
2026-08-29T21:18:43.8536974Z [36;1m  if ! obsutil cp "${item}" "obs://${BUCKET}/${OBJECT_PREFIX}/" -r -f >> /tmp/obsutil_upload.log 2>&1; then[0m
2026-08-29T21:18:43.8537523Z [36;1m    echo "::error::Upload failed. See log:"[0m
2026-08-29T21:18:43.8537860Z [36;1m    cat /tmp/obsutil_upload.log[0m
2026-08-29T21:18:43.8538146Z [36;1m    exit 1[0m
2026-08-29T21:18:43.8538376Z [36;1m  fi[0m
2026-08-29T21:18:43.8538587Z [36;1mdone[0m
2026-08-29T21:18:43.8538792Z [36;1m[0m
2026-08-29T21:18:43.8539025Z [36;1mrm -rf "${STAGING_DIR}"[0m
2026-08-29T21:18:43.8539495Z [36;1mecho "Uploaded ${FILE_COUNT} file(s), total size: ${TOTAL_SIZE} bytes"[0m
2026-08-29T21:18:43.8539917Z [36;1m[0m
2026-08-29T21:18:43.8540300Z [36;1m# ── Write metadata ──[0m
2026-08-29T21:18:43.8540628Z [36;1mCREATED_AT=$(date -u +%Y-%m-%dT%H:%M:%SZ)[0m
2026-08-29T21:18:43.8540993Z [36;1mcat > /tmp/_artifact_meta.json <<METAEOF[0m
2026-08-29T21:18:43.8541306Z [36;1m{[0m
2026-08-29T21:18:43.8541525Z [36;1m  "name": "${NAME}",[0m
2026-08-29T21:18:43.8541816Z [36;1m  "repository": "${REPO}",[0m
2026-08-29T21:18:43.8542245Z [36;1m  "run_id": "${RUN_ID}",[0m
2026-08-29T21:18:43.8542576Z [36;1m  "object_prefix": "${OBJECT_PREFIX}",[0m
2026-08-29T21:18:43.8542909Z [36;1m  "file_count": ${FILE_COUNT},[0m
2026-08-29T21:18:43.8543210Z [36;1m  "total_size": ${TOTAL_SIZE},[0m
2026-08-29T21:18:43.8543585Z [36;1m  "created_at": "${CREATED_AT}",[0m
2026-08-29T21:18:43.8543888Z [36;1m  "retention_days": 7,[0m
2026-08-29T21:18:43.8544176Z [36;1m  "workflow": "Weekly-A3",[0m
2026-08-29T21:18:43.8544453Z [36;1m  "job": "e2e",[0m
2026-08-29T21:18:43.8544767Z [36;1m  "sha": "e6a133f710c54e84cefcd29be46678c50008e8ea"[0m
2026-08-29T21:18:43.8545118Z [36;1m}[0m
2026-08-29T21:18:43.8545324Z [36;1mMETAEOF[0m
2026-08-29T21:18:43.8545542Z [36;1m[0m
2026-08-29T21:18:43.8545916Z [36;1mobsutil cp /tmp/_artifact_meta.json "obs://${BUCKET}/${META_KEY}" > /dev/null 2>&1[0m
2026-08-29T21:18:43.8546373Z [36;1mif [ $? -ne 0 ]; then[0m
2026-08-29T21:18:43.8546830Z [36;1m  echo "::warning::Failed to upload metadata, artifact files were uploaded successfully"[0m
2026-08-29T21:18:43.8547297Z [36;1mfi[0m
2026-08-29T21:18:43.8547496Z [36;1m[0m
2026-08-29T21:18:43.8547720Z [36;1m# ── Set outputs ──[0m
2026-08-29T21:18:43.8548080Z [36;1mARTIFACT_URL="https://${BUCKET}.${ENDPOINT}/${OBJECT_PREFIX}"[0m
2026-08-29T21:18:43.8548544Z [36;1mecho "artifact_id=${OBJECT_PREFIX}" >> $GITHUB_OUTPUT[0m
2026-08-29T21:18:43.8548962Z [36;1mecho "artifact_url=${ARTIFACT_URL}" >> $GITHUB_OUTPUT[0m
2026-08-29T21:18:43.8549294Z [36;1m[0m
2026-08-29T21:18:43.8549574Z [36;1mecho "Artifact '${NAME}' uploaded successfully"[0m
2026-08-29T21:18:43.8549931Z [36;1mecho "  URL: ${ARTIFACT_URL}"[0m
2026-08-29T21:18:43.8550415Z shell: bash --noprofile --norc -e -o pipefail {0}
2026-08-29T21:18:43.8550743Z env:
2026-08-29T21:18:43.8551004Z   LWS_NAME: vllm-deepseek-v3-2t-mtp2-pd-860cca
2026-08-29T21:18:43.8551394Z   LEADER_POD: vllm-deepseek-v3-2t-mtp2-pd-860cca-0
2026-08-29T21:18:43.8551868Z   LOG_PREFIX: /root/.cache/ascend-logs/main/vllm-deepseek-v3-2t-mtp2-pd-860cca
2026-08-29T21:18:43.8552582Z   FAIL_TAG: FAIL_TAG_DeepSeek_V3.2T_MTP2_PD.yaml
2026-08-29T21:18:43.8552893Z ##[endgroup]
2026-08-29T21:18:43.8642997Z ##[group]Run '/home/runner/k8s/index.js'
2026-08-29T21:18:43.8644004Z shell: /home/runner/externals/node20/bin/node {0}
2026-08-29T21:18:43.8644323Z ##[endgroup]
2026-08-29T21:18:44.3118301Z (node:2399) [DEP0005] DeprecationWarning: Buffer() is deprecated due to security and usability issues. Please use the Buffer.alloc(), Buffer.allocUnsafe(), or Buffer.from() methods instead.
2026-08-29T21:18:44.3119348Z (Use `node --trace-deprecation ...` to show where the warning was created)
2026-08-29T21:18:44.7667097Z Uploading 1 file(s), total size: 1436664 bytes
2026-08-29T21:18:46.0546281Z ##[error]Upload failed. See log:
2026-08-29T21:18:46.0548643Z Start at 2026-08-29 21:18:44.826055132 +0000 UTC
2026-08-29T21:18:46.0548878Z 
2026-08-29T21:18:46.0548883Z 
2026-08-29T21:18:46.0549049Z Parallel:      5                   Jobs:          5                   
2026-08-29T21:18:46.0549497Z Threshold:     50.00MB             PartSize:      auto                
2026-08-29T21:18:46.0549941Z VerifyLength:  false               VerifyMd5:     false               
2026-08-29T21:18:46.0550367Z CheckpointDir: /root/.obsutil_checkpoint     
2026-08-29T21:18:46.0550597Z 
2026-08-29T21:18:46.0550727Z Task id: 6063c9a7-0e1c-4a05-9f30-772233990494
2026-08-29T21:18:46.0551053Z OutputDir: /root/.obsutil_output         
2026-08-29T21:18:46.0551256Z 
2026-08-29T21:18:46.0551488Z [----->______________________________________________] 11.47% tps:0.00 ?/s 2/2 160.00KB/1.36MB 104ms
2026-08-29T21:18:46.0552507Z Succeed count:      0         Failed count:       2         
2026-08-29T21:18:46.0552892Z Succeed bytes:      0B        
2026-08-29T21:18:46.0553367Z Metrics [max cost:104 ms, min cost:74 ms, average cost:89.00 ms, average tps:19.05, transferred size:0B]
2026-08-29T21:18:46.0553825Z 
2026-08-29T21:18:46.0553954Z Task id: 6063c9a7-0e1c-4a05-9f30-772233990494
2026-08-29T21:18:46.0611173Z ##[error]Error: failed to run script step: Error: command terminated with non-zero exit code: command terminated with exit code 1
2026-08-29T21:18:46.0674044Z ##[error]Process completed with exit code 1.
2026-08-29T21:18:46.0726775Z ##[error]Executing the custom container implementation failed. Please contact your self hosted runner administrator.
2026-08-29T21:18:46.0734155Z ##[end-action id=__ascend-gha-runners_artifact.upload;outcome=failure;conclusion=failure;duration_ms=2263]
2026-08-29T21:18:46.1214591Z ##[group]Run actions/upload-artifact@v7
2026-08-29T21:18:46.1214909Z with:
2026-08-29T21:18:46.1215194Z   name: main-DeepSeek_V3.2T_MTP2_PD-ascend-logs
2026-08-29T21:18:46.1215539Z   path: /tmp/ascend-logs.tar.gz
2026-08-29T21:18:46.1215808Z   retention-days: 7
2026-08-29T21:18:46.1216057Z   if-no-files-found: warn
2026-08-29T21:18:46.1216309Z   compression-level: 6
2026-08-29T21:18:46.1216555Z   overwrite: false
2026-08-29T21:18:46.1216796Z   include-hidden-files: false
2026-08-29T21:18:46.1217054Z   archive: true
2026-08-29T21:18:46.1217268Z env:
2026-08-29T21:18:46.1217516Z   LWS_NAME: vllm-deepseek-v3-2t-mtp2-pd-860cca
2026-08-29T21:18:46.1217899Z   LEADER_POD: vllm-deepseek-v3-2t-mtp2-pd-860cca-0
2026-08-29T21:18:46.1218376Z   LOG_PREFIX: /root/.cache/ascend-logs/main/vllm-deepseek-v3-2t-mtp2-pd-860cca
2026-08-29T21:18:46.1218836Z   FAIL_TAG: FAIL_TAG_DeepSeek_V3.2T_MTP2_PD.yaml
2026-08-29T21:18:46.1219144Z ##[endgroup]
2026-08-29T21:18:46.1247322Z ##[group]Run '/home/runner/k8s/index.js'
2026-08-29T21:18:46.1248218Z shell: /home/runner/externals/node20/bin/node {0}
2026-08-29T21:18:46.1248536Z ##[endgroup]
2026-08-29T21:18:46.5653165Z (node:2534) [DEP0005] DeprecationWarning: Buffer() is deprecated due to security and usability issues. Please use the Buffer.alloc(), Buffer.allocUnsafe(), or Buffer.from() methods instead.
2026-08-29T21:18:46.5654252Z (Use `node --trace-deprecation ...` to show where the warning was created)
2026-08-29T21:18:47.1719501Z With the provided path, there will be 1 file uploaded
2026-08-29T21:18:47.1723285Z Artifact name is valid!
2026-08-29T21:18:47.1723834Z Root directory input is valid!
2026-08-29T21:18:48.2243321Z Uploading artifact: main-DeepSeek_V3.2T_MTP2_PD-ascend-logs.zip
2026-08-29T21:18:48.2282824Z Beginning upload of artifact content to blob storage
2026-08-29T21:18:51.1673110Z Uploaded bytes 1408176
2026-08-29T21:18:51.4296030Z Finished uploading artifact content to blob storage!
2026-08-29T21:18:51.4296714Z SHA256 digest of uploaded artifact is 8131bed1cb688b4419b35d684193185ec196c959b2d4aaf919caf52a4380584e
2026-08-29T21:18:51.4297315Z Finalizing artifact upload
2026-08-29T21:18:52.4216221Z Artifact main-DeepSeek_V3.2T_MTP2_PD-ascend-logs successfully finalized. Artifact ID 9721427794
2026-08-29T21:18:52.4217101Z Artifact main-DeepSeek_V3.2T_MTP2_PD-ascend-logs has been successfully uploaded! Final size is 1408176 bytes. Artifact ID is 9721427794
2026-08-29T21:18:52.4218192Z Artifact download URL: https://github.com/vllm-project/vllm-ascend/actions/runs/33261092260/artifacts/9721427794
2026-08-29T21:18:54.0589704Z ##[group]Run echo "artifact_ts=$(date -u +%Y%m%dT%H%M%SZ)" >> $GITHUB_OUTPUT
2026-08-29T21:18:54.0590321Z [36;1mecho "artifact_ts=$(date -u +%Y%m%dT%H%M%SZ)" >> $GITHUB_OUTPUT[0m
2026-08-29T21:18:54.0590838Z shell: bash -el {0}
2026-08-29T21:18:54.0591081Z env:
2026-08-29T21:18:54.0591371Z   LWS_NAME: vllm-deepseek-v3-2t-mtp2-pd-860cca
2026-08-29T21:18:54.0591767Z   LEADER_POD: vllm-deepseek-v3-2t-mtp2-pd-860cca-0
2026-08-29T21:18:54.0592462Z   LOG_PREFIX: /root/.cache/ascend-logs/main/vllm-deepseek-v3-2t-mtp2-pd-860cca
2026-08-29T21:18:54.0592946Z   FAIL_TAG: FAIL_TAG_DeepSeek_V3.2T_MTP2_PD.yaml
2026-08-29T21:18:54.0593447Z ##[endgroup]
2026-08-29T21:18:54.0678562Z ##[group]Run '/home/runner/k8s/index.js'
2026-08-29T21:18:54.0679482Z shell: /home/runner/externals/node20/bin/node {0}
2026-08-29T21:18:54.0679816Z ##[endgroup]
2026-08-29T21:18:54.5095921Z (node:2934) [DEP0005] DeprecationWarning: Buffer() is deprecated due to security and usability issues. Please use the Buffer.alloc(), Buffer.allocUnsafe(), or Buffer.from() methods instead.
2026-08-29T21:18:54.5096991Z (Use `node --trace-deprecation ...` to show where the warning was created)
2026-08-29T21:18:56.6573846Z ##[group]Run ascend-gha-runners/artifact/upload@v0.3
2026-08-29T21:18:56.6574344Z with:
2026-08-29T21:18:56.6574697Z   access_key: ***
2026-08-29T21:18:56.6575012Z   secret_key: ***
2026-08-29T21:18:56.6575417Z   name: nightly-test-benchmark-results-DeepSeek_V3.2T_MTP2_PD-20260829T211855Z
2026-08-29T21:18:56.6575895Z   path: /tmp/benchmark_results/
2026-08-29T21:18:56.6576193Z   if-no-files-found: warn
2026-08-29T21:18:56.6576471Z   retention-days: 90
2026-08-29T21:18:56.6576736Z   bucket: ascend-ci-cache-hk
2026-08-29T21:18:56.6577061Z   endpoint: obs.ap-southeast-1.myhuaweicloud.com
2026-08-29T21:18:56.6577392Z env:
2026-08-29T21:18:56.6577650Z   LWS_NAME: vllm-deepseek-v3-2t-mtp2-pd-860cca
2026-08-29T21:18:56.6578044Z   LEADER_POD: vllm-deepseek-v3-2t-mtp2-pd-860cca-0
2026-08-29T21:18:56.6578526Z   LOG_PREFIX: /root/.cache/ascend-logs/main/vllm-deepseek-v3-2t-mtp2-pd-860cca
2026-08-29T21:18:56.6579007Z   FAIL_TAG: FAIL_TAG_DeepSeek_V3.2T_MTP2_PD.yaml
2026-08-29T21:18:56.6579357Z ##[endgroup]
2026-08-29T21:18:56.6584567Z ##[start-action display=Setup obsutil;id=__ascend-gha-runners_artifact_2.__run]
2026-08-29T21:18:56.6984046Z ##[group]Run if command -v obsutil &>/dev/null; then
2026-08-29T21:18:56.6984506Z [36;1mif command -v obsutil &>/dev/null; then[0m
2026-08-29T21:18:56.6984911Z [36;1m  echo "obsutil already installed, skipping setup"[0m
2026-08-29T21:18:56.6985285Z [36;1m  exit 0[0m
2026-08-29T21:18:56.6985523Z [36;1mfi[0m
2026-08-29T21:18:56.6985744Z [36;1m{[0m
2026-08-29T21:18:56.6985973Z [36;1m  ARCH=$(uname -m)[0m
2026-08-29T21:18:56.6986328Z [36;1m  if [ "${ARCH}" = "aarch64" ] || [ "${ARCH}" = "arm64" ]; then[0m
2026-08-29T21:18:56.6986705Z [36;1m    OBSUTIL_ARCH="arm64"[0m
2026-08-29T21:18:56.6986984Z [36;1m  else[0m
2026-08-29T21:18:56.6987219Z [36;1m    OBSUTIL_ARCH="amd64"[0m
2026-08-29T21:18:56.6987491Z [36;1m  fi[0m
2026-08-29T21:18:56.6988123Z [36;1m  curl -sSL "https://obs-community.obs.cn-north-1.myhuaweicloud.com/obsutil/current/obsutil_linux_${OBSUTIL_ARCH}.tar.gz" \[0m
2026-08-29T21:18:56.6988839Z [36;1m    -o /tmp/obsutil.tar.gz[0m
2026-08-29T21:18:56.6989180Z [36;1m  tar -xzf /tmp/obsutil.tar.gz -C /tmp[0m
2026-08-29T21:18:56.6989719Z [36;1m  OBSUTIL_DIR=$(find /tmp -maxdepth 1 -name "obsutil_linux_${OBSUTIL_ARCH}_*" -type d | head -1)[0m
2026-08-29T21:18:56.6990257Z [36;1m  chmod +x "${OBSUTIL_DIR}/obsutil"[0m
2026-08-29T21:18:56.6990599Z [36;1m  echo "${OBSUTIL_DIR}" >> $GITHUB_PATH[0m
2026-08-29T21:18:56.6990943Z [36;1m} > /dev/null 2>&1[0m
2026-08-29T21:18:56.6991231Z [36;1mecho "obsutil setup complete"[0m
2026-08-29T21:18:56.6991670Z shell: bash --noprofile --norc -e -o pipefail {0}
2026-08-29T21:18:56.6991985Z env:
2026-08-29T21:18:56.6992413Z   LWS_NAME: vllm-deepseek-v3-2t-mtp2-pd-860cca
2026-08-29T21:18:56.6992811Z   LEADER_POD: vllm-deepseek-v3-2t-mtp2-pd-860cca-0
2026-08-29T21:18:56.6993291Z   LOG_PREFIX: /root/.cache/ascend-logs/main/vllm-deepseek-v3-2t-mtp2-pd-860cca
2026-08-29T21:18:56.6993780Z   FAIL_TAG: FAIL_TAG_DeepSeek_V3.2T_MTP2_PD.yaml
2026-08-29T21:18:56.6994188Z ##[endgroup]
2026-08-29T21:18:56.7094430Z ##[group]Run '/home/runner/k8s/index.js'
2026-08-29T21:18:56.7095365Z shell: /home/runner/externals/node20/bin/node {0}
2026-08-29T21:18:56.7095709Z ##[endgroup]
2026-08-29T21:18:57.1490346Z (node:3358) [DEP0005] DeprecationWarning: Buffer() is deprecated due to security and usability issues. Please use the Buffer.alloc(), Buffer.allocUnsafe(), or Buffer.from() methods instead.
2026-08-29T21:18:57.1491551Z (Use `node --trace-deprecation ...` to show where the warning was created)
2026-08-29T21:18:57.7243363Z obsutil already installed, skipping setup
2026-08-29T21:18:58.1071018Z ##[end-action id=__ascend-gha-runners_artifact_2.__run;outcome=success;conclusion=success;duration_ms=1448]
2026-08-29T21:18:58.1074307Z ##[start-action display=Configure obsutil;id=__ascend-gha-runners_artifact_2.__run_2]
2026-08-29T21:18:58.1547609Z ##[group]Run obsutil config \
2026-08-29T21:18:58.1548149Z [36;1mobsutil config \[0m
2026-08-29T21:18:58.1548560Z [36;1m  -i=*** \[0m
2026-08-29T21:18:58.1548910Z [36;1m  -k=*** \[0m
2026-08-29T21:18:58.1549264Z [36;1m  -e=obs.ap-southeast-1.myhuaweicloud.com > /dev/null 2>&1[0m
2026-08-29T21:18:58.1549690Z [36;1mecho "OBS credentials configured"[0m
2026-08-29T21:18:58.1550121Z shell: bash --noprofile --norc -e -o pipefail {0}
2026-08-29T21:18:58.1550445Z env:
2026-08-29T21:18:58.1550718Z   LWS_NAME: vllm-deepseek-v3-2t-mtp2-pd-860cca
2026-08-29T21:18:58.1551115Z   LEADER_POD: vllm-deepseek-v3-2t-mtp2-pd-860cca-0
2026-08-29T21:18:58.1551618Z   LOG_PREFIX: /root/.cache/ascend-logs/main/vllm-deepseek-v3-2t-mtp2-pd-860cca
2026-08-29T21:18:58.1552280Z   FAIL_TAG: FAIL_TAG_DeepSeek_V3.2T_MTP2_PD.yaml
2026-08-29T21:18:58.1552627Z ##[endgroup]
2026-08-29T21:18:58.1663119Z ##[group]Run '/home/runner/k8s/index.js'
2026-08-29T21:18:58.1664224Z shell: /home/runner/externals/node20/bin/node {0}
2026-08-29T21:18:58.1664564Z ##[endgroup]
2026-08-29T21:18:58.6112428Z (node:3674) [DEP0005] DeprecationWarning: Buffer() is deprecated due to security and usability issues. Please use the Buffer.alloc(), Buffer.allocUnsafe(), or Buffer.from() methods instead.
2026-08-29T21:18:58.6113414Z (Use `node --trace-deprecation ...` to show where the warning was created)
2026-08-29T21:18:59.2782589Z OBS credentials configured
2026-08-29T21:18:59.6453481Z ##[end-action id=__ascend-gha-runners_artifact_2.__run_2;outcome=success;conclusion=success;duration_ms=1537]
2026-08-29T21:18:59.6456274Z ##[start-action display=Upload artifact;id=__ascend-gha-runners_artifact_2.upload]
2026-08-29T21:18:59.6859979Z ##[group]Run set -euo pipefail
2026-08-29T21:18:59.6860519Z [36;1mset -euo pipefail[0m
2026-08-29T21:18:59.6860793Z [36;1m[0m
2026-08-29T21:18:59.6861032Z [36;1mBUCKET="ascend-ci-cache-hk"[0m
2026-08-29T21:18:59.6861424Z [36;1mENDPOINT="obs.ap-southeast-1.myhuaweicloud.com"[0m
2026-08-29T21:18:59.6861990Z [36;1mNAME="nightly-test-benchmark-results-DeepSeek_V3.2T_MTP2_PD-20260829T211855Z"[0m
2026-08-29T21:18:59.6862730Z [36;1mFILE_PATH="/tmp/benchmark_results/"[0m
2026-08-29T21:18:59.6863085Z [36;1mREPO="vllm-project/vllm-ascend"[0m
2026-08-29T21:18:59.6863396Z [36;1mRUN_ID="33261092260"[0m
2026-08-29T21:18:59.6863659Z [36;1m[0m
2026-08-29T21:18:59.6863968Z [36;1m# Deterministic path: artifacts/{repo}/{run_id}/{name}/[0m
2026-08-29T21:18:59.6864491Z [36;1mOBJECT_PREFIX="artifacts/${REPO}/${RUN_ID}/${NAME}"[0m
2026-08-29T21:18:59.6864946Z [36;1mMETA_KEY="artifacts/${REPO}/${RUN_ID}/_meta/${NAME}.json"[0m
2026-08-29T21:18:59.6865317Z [36;1m[0m
2026-08-29T21:18:59.6865652Z [36;1m# ── Expand multiline path input into include/exclude lists ──[0m
2026-08-29T21:18:59.6866173Z [36;1m# Supports: single path, directory, glob, multiline, ! exclusions[0m
2026-08-29T21:18:59.6866589Z [36;1mINCLUDE_PATTERNS=()[0m
2026-08-29T21:18:59.6866873Z [36;1mEXCLUDE_PATTERNS=()[0m
2026-08-29T21:18:59.6867159Z [36;1mwhile IFS= read -r line; do[0m
2026-08-29T21:18:59.6867564Z [36;1m  line="${line#"${line%%[![:space:]]*}"}"  # trim leading whitespace[0m
2026-08-29T21:18:59.6868052Z [36;1m  line="${line%"${line##*[![:space:]]}"}"  # trim trailing whitespace[0m
2026-08-29T21:18:59.6868449Z [36;1m  [ -z "${line}" ] && continue[0m
2026-08-29T21:18:59.6868765Z [36;1m  if [[ "${line}" == '!'* ]]; then[0m
2026-08-29T21:18:59.6869092Z [36;1m    EXCLUDE_PATTERNS+=("${line:1}")[0m
2026-08-29T21:18:59.6869399Z [36;1m  else[0m
2026-08-29T21:18:59.6869874Z [36;1m    INCLUDE_PATTERNS+=("${line}")[0m
2026-08-29T21:18:59.6870501Z [36;1m  fi[0m
2026-08-29T21:18:59.6870749Z [36;1mdone <<< "${FILE_PATH}"[0m
2026-08-29T21:18:59.6871036Z [36;1m[0m
2026-08-29T21:18:59.6871336Z [36;1m# Collect matching files using find + glob expansion[0m
2026-08-29T21:18:59.6871725Z [36;1mSTAGING_DIR=$(mktemp -d)[0m
2026-08-29T21:18:59.6872022Z [36;1mFILE_COUNT=0[0m
2026-08-29T21:18:59.6872442Z [36;1m[0m
2026-08-29T21:18:59.6872704Z [36;1mfor PATTERN in "${INCLUDE_PATTERNS[@]}"; do[0m
2026-08-29T21:18:59.6873279Z [36;1m  # Use bash glob expansion; fall back to literal path[0m
2026-08-29T21:18:59.6873673Z [36;1m  shopt -s globstar nullglob[0m
2026-08-29T21:18:59.6873981Z [36;1m  for MATCH in ${PATTERN}; do[0m
2026-08-29T21:18:59.6874362Z [36;1m    [ -e "${MATCH}" ] || continue[0m
2026-08-29T21:18:59.6874668Z [36;1m    if [ -d "${MATCH}" ]; then[0m
2026-08-29T21:18:59.6874983Z [36;1m      while IFS= read -r -d '' f; do[0m
2026-08-29T21:18:59.6875309Z [36;1m        REL="${f#./}"[0m
2026-08-29T21:18:59.6875618Z [36;1m        # Check against exclude patterns[0m
2026-08-29T21:18:59.6875948Z [36;1m        EXCLUDED=false[0m
2026-08-29T21:18:59.6876278Z [36;1m        for EXCL in "${EXCLUDE_PATTERNS[@]}"; do[0m
2026-08-29T21:18:59.6876621Z [36;1m          case "${REL}" in[0m
2026-08-29T21:18:59.6876950Z [36;1m            ${EXCL}) EXCLUDED=true; break ;;[0m
2026-08-29T21:18:59.6877267Z [36;1m          esac[0m
2026-08-29T21:18:59.6877514Z [36;1m        done[0m
2026-08-29T21:18:59.6877789Z [36;1m        if [ "${EXCLUDED}" = "false" ]; then[0m
2026-08-29T21:18:59.6878137Z [36;1m          TARGET="${STAGING_DIR}/${REL}"[0m
2026-08-29T21:18:59.6878489Z [36;1m          mkdir -p "$(dirname "${TARGET}")"[0m
2026-08-29T21:18:59.6878824Z [36;1m          cp "${f}" "${TARGET}"[0m
2026-08-29T21:18:59.6879153Z [36;1m          FILE_COUNT=$((FILE_COUNT + 1))[0m
2026-08-29T21:18:59.6879457Z [36;1m        fi[0m
2026-08-29T21:18:59.6879753Z [36;1m      done < <(find "${MATCH}" -type f -print0)[0m
2026-08-29T21:18:59.6880083Z [36;1m    else[0m
2026-08-29T21:18:59.6880327Z [36;1m      REL="${MATCH#./}"[0m
2026-08-29T21:18:59.6880607Z [36;1m      EXCLUDED=false[0m
2026-08-29T21:18:59.6880924Z [36;1m      for EXCL in "${EXCLUDE_PATTERNS[@]}"; do[0m
2026-08-29T21:18:59.6881257Z [36;1m        case "${REL}" in[0m
2026-08-29T21:18:59.6881570Z [36;1m          ${EXCL}) EXCLUDED=true; break ;;[0m
2026-08-29T21:18:59.6881875Z [36;1m        esac[0m
2026-08-29T21:18:59.6882310Z [36;1m      done[0m
2026-08-29T21:18:59.6882587Z [36;1m      if [ "${EXCLUDED}" = "false" ]; then[0m
2026-08-29T21:18:59.6882946Z [36;1m        TARGET="${STAGING_DIR}/${REL}"[0m
2026-08-29T21:18:59.6883296Z [36;1m        mkdir -p "$(dirname "${TARGET}")"[0m
2026-08-29T21:18:59.6883652Z [36;1m        cp "${MATCH}" "${TARGET}"[0m
2026-08-29T21:18:59.6883994Z [36;1m        FILE_COUNT=$((FILE_COUNT + 1))[0m
2026-08-29T21:18:59.6884356Z [36;1m      fi[0m
2026-08-29T21:18:59.6884582Z [36;1m    fi[0m
2026-08-29T21:18:59.6884791Z [36;1m  done[0m
2026-08-29T21:18:59.6885035Z [36;1m  shopt -u globstar nullglob[0m
2026-08-29T21:18:59.6885321Z [36;1mdone[0m
2026-08-29T21:18:59.6885545Z [36;1m[0m
2026-08-29T21:18:59.6885774Z [36;1m# ── Handle no files found ──[0m
2026-08-29T21:18:59.6886100Z [36;1mif [ "${FILE_COUNT}" -eq 0 ]; then[0m
2026-08-29T21:18:59.6886412Z [36;1m  case "warn" in[0m
2026-08-29T21:18:59.6886672Z [36;1m    error)[0m
2026-08-29T21:18:59.6886985Z [36;1m      echo "::error::No files found for path: ${FILE_PATH}"[0m
2026-08-29T21:18:59.6887363Z [36;1m      exit 1[0m
2026-08-29T21:18:59.6887589Z [36;1m      ;;[0m
2026-08-29T21:18:59.6887814Z [36;1m    warn)[0m
2026-08-29T21:18:59.6888178Z [36;1m      echo "::warning::No files found for path: ${FILE_PATH}, skipping upload"[0m
2026-08-29T21:18:59.6888606Z [36;1m      exit 0[0m
2026-08-29T21:18:59.6888841Z [36;1m      ;;[0m
2026-08-29T21:18:59.6889071Z [36;1m    ignore)[0m
2026-08-29T21:18:59.6889452Z [36;1m      exit 0[0m
2026-08-29T21:18:59.6889692Z [36;1m      ;;[0m
2026-08-29T21:18:59.6889908Z [36;1m  esac[0m
2026-08-29T21:18:59.6890132Z [36;1mfi[0m
2026-08-29T21:18:59.6890341Z [36;1m[0m
2026-08-29T21:18:59.6890578Z [36;1m# ── Upload staged files ──[0m
2026-08-29T21:18:59.6890955Z [36;1mTOTAL_SIZE=$(du -sb "${STAGING_DIR}" | awk '{print $1}')[0m
2026-08-29T21:18:59.6891479Z [36;1mecho "Uploading ${FILE_COUNT} file(s), total size: ${TOTAL_SIZE} bytes"[0m
2026-08-29T21:18:59.6891907Z [36;1m[0m
2026-08-29T21:18:59.6892618Z [36;1m# Upload each top-level entry individually to avoid staging dir name leaking into OBS path[0m
2026-08-29T21:18:59.6893165Z [36;1m> /tmp/obsutil_upload.log[0m
2026-08-29T21:18:59.6893479Z [36;1mfor item in "${STAGING_DIR}"/*; do[0m
2026-08-29T21:18:59.6893813Z [36;1m  [ -e "${item}" ] || continue[0m
2026-08-29T21:18:59.6894444Z [36;1m  if ! obsutil cp "${item}" "obs://${BUCKET}/${OBJECT_PREFIX}/" -r -f >> /tmp/obsutil_upload.log 2>&1; then[0m
2026-08-29T21:18:59.6895027Z [36;1m    echo "::error::Upload failed. See log:"[0m
2026-08-29T21:18:59.6895377Z [36;1m    cat /tmp/obsutil_upload.log[0m
2026-08-29T21:18:59.6895679Z [36;1m    exit 1[0m
2026-08-29T21:18:59.6895907Z [36;1m  fi[0m
2026-08-29T21:18:59.6896132Z [36;1mdone[0m
2026-08-29T21:18:59.6896345Z [36;1m[0m
2026-08-29T21:18:59.6896569Z [36;1mrm -rf "${STAGING_DIR}"[0m
2026-08-29T21:18:59.6896987Z [36;1mecho "Uploaded ${FILE_COUNT} file(s), total size: ${TOTAL_SIZE} bytes"[0m
2026-08-29T21:18:59.6897391Z [36;1m[0m
2026-08-29T21:18:59.6897621Z [36;1m# ── Write metadata ──[0m
2026-08-29T21:18:59.6897937Z [36;1mCREATED_AT=$(date -u +%Y-%m-%dT%H:%M:%SZ)[0m
2026-08-29T21:18:59.6898307Z [36;1mcat > /tmp/_artifact_meta.json <<METAEOF[0m
2026-08-29T21:18:59.6898621Z [36;1m{[0m
2026-08-29T21:18:59.6898853Z [36;1m  "name": "${NAME}",[0m
2026-08-29T21:18:59.6899134Z [36;1m  "repository": "${REPO}",[0m
2026-08-29T21:18:59.6899438Z [36;1m  "run_id": "${RUN_ID}",[0m
2026-08-29T21:18:59.6899757Z [36;1m  "object_prefix": "${OBJECT_PREFIX}",[0m
2026-08-29T21:18:59.6913871Z [36;1m  "file_count": ${FILE_COUNT},[0m
2026-08-29T21:18:59.6914339Z [36;1m  "total_size": ${TOTAL_SIZE},[0m
2026-08-29T21:18:59.6914653Z [36;1m  "created_at": "${CREATED_AT}",[0m
2026-08-29T21:18:59.6914963Z [36;1m  "retention_days": 90,[0m
2026-08-29T21:18:59.6915265Z [36;1m  "workflow": "Weekly-A3",[0m
2026-08-29T21:18:59.6915553Z [36;1m  "job": "e2e",[0m
2026-08-29T21:18:59.6915886Z [36;1m  "sha": "e6a133f710c54e84cefcd29be46678c50008e8ea"[0m
2026-08-29T21:18:59.6916251Z [36;1m}[0m
2026-08-29T21:18:59.6916464Z [36;1mMETAEOF[0m
2026-08-29T21:18:59.6916686Z [36;1m[0m
2026-08-29T21:18:59.6917159Z [36;1mobsutil cp /tmp/_artifact_meta.json "obs://${BUCKET}/${META_KEY}" > /dev/null 2>&1[0m
2026-08-29T21:18:59.6917650Z [36;1mif [ $? -ne 0 ]; then[0m
2026-08-29T21:18:59.6918124Z [36;1m  echo "::warning::Failed to upload metadata, artifact files were uploaded successfully"[0m
2026-08-29T21:18:59.6918629Z [36;1mfi[0m
2026-08-29T21:18:59.6918841Z [36;1m[0m
2026-08-29T21:18:59.6919068Z [36;1m# ── Set outputs ──[0m
2026-08-29T21:18:59.6919442Z [36;1mARTIFACT_URL="https://${BUCKET}.${ENDPOINT}/${OBJECT_PREFIX}"[0m
2026-08-29T21:18:59.6919922Z [36;1mecho "artifact_id=${OBJECT_PREFIX}" >> $GITHUB_OUTPUT[0m
2026-08-29T21:18:59.6920359Z [36;1mecho "artifact_url=${ARTIFACT_URL}" >> $GITHUB_OUTPUT[0m
2026-08-29T21:18:59.6920705Z [36;1m[0m
2026-08-29T21:18:59.6920975Z [36;1mecho "Artifact '${NAME}' uploaded successfully"[0m
2026-08-29T21:18:59.6921352Z [36;1mecho "  URL: ${ARTIFACT_URL}"[0m
2026-08-29T21:18:59.6921788Z shell: bash --noprofile --norc -e -o pipefail {0}
2026-08-29T21:18:59.6922300Z env:
2026-08-29T21:18:59.6922580Z   LWS_NAME: vllm-deepseek-v3-2t-mtp2-pd-860cca
2026-08-29T21:18:59.6922974Z   LEADER_POD: vllm-deepseek-v3-2t-mtp2-pd-860cca-0
2026-08-29T21:18:59.6923466Z   LOG_PREFIX: /root/.cache/ascend-logs/main/vllm-deepseek-v3-2t-mtp2-pd-860cca
2026-08-29T21:18:59.6924233Z   FAIL_TAG: FAIL_TAG_DeepSeek_V3.2T_MTP2_PD.yaml
2026-08-29T21:18:59.6924568Z ##[endgroup]
2026-08-29T21:18:59.7030779Z ##[group]Run '/home/runner/k8s/index.js'
2026-08-29T21:18:59.7031695Z shell: /home/runner/externals/node20/bin/node {0}
2026-08-29T21:18:59.7032035Z ##[endgroup]
2026-08-29T21:19:00.1439142Z (node:4006) [DEP0005] DeprecationWarning: Buffer() is deprecated due to security and usability issues. Please use the Buffer.alloc(), Buffer.allocUnsafe(), or Buffer.from() methods instead.
2026-08-29T21:19:00.1440511Z (Use `node --trace-deprecation ...` to show where the warning was created)
2026-08-29T21:19:00.7235576Z ##[warning]No files found for path: /tmp/benchmark_results/, skipping upload
2026-08-29T21:19:01.1107476Z ##[end-action id=__ascend-gha-runners_artifact_2.upload;outcome=success;conclusion=success;duration_ms=1465]
2026-08-29T21:19:01.1564536Z ##[group]Run actions/upload-artifact@v7
2026-08-29T21:19:01.1564867Z with:
2026-08-29T21:19:01.1565294Z   name: nightly-test-benchmark-results-main-DeepSeek_V3.2T_MTP2_PD-20260829T211855Z
2026-08-29T21:19:01.1565815Z   path: /tmp/benchmark_results/
2026-08-29T21:19:01.1566106Z   if-no-files-found: warn
2026-08-29T21:19:01.1566373Z   retention-days: 90
2026-08-29T21:19:01.1566622Z   compression-level: 0
2026-08-29T21:19:01.1566871Z   overwrite: false
2026-08-29T21:19:01.1567115Z   include-hidden-files: false
2026-08-29T21:19:01.1567390Z   archive: true
2026-08-29T21:19:01.1567610Z env:
2026-08-29T21:19:01.1567871Z   LWS_NAME: vllm-deepseek-v3-2t-mtp2-pd-860cca
2026-08-29T21:19:01.1568252Z   LEADER_POD: vllm-deepseek-v3-2t-mtp2-pd-860cca-0
2026-08-29T21:19:01.1568738Z   LOG_PREFIX: /root/.cache/ascend-logs/main/vllm-deepseek-v3-2t-mtp2-pd-860cca
2026-08-29T21:19:01.1569210Z   FAIL_TAG: FAIL_TAG_DeepSeek_V3.2T_MTP2_PD.yaml
2026-08-29T21:19:01.1569534Z ##[endgroup]
2026-08-29T21:19:01.1589219Z ##[group]Run '/home/runner/k8s/index.js'
2026-08-29T21:19:01.1590170Z shell: /home/runner/externals/node20/bin/node {0}
2026-08-29T21:19:01.1590517Z ##[endgroup]
2026-08-29T21:19:01.6242728Z (node:4354) [DEP0005] DeprecationWarning: Buffer() is deprecated due to security and usability issues. Please use the Buffer.alloc(), Buffer.allocUnsafe(), or Buffer.from() methods instead.
2026-08-29T21:19:01.6243723Z (Use `node --trace-deprecation ...` to show where the warning was created)
2026-08-29T21:19:02.3709870Z ##[warning]No files were found with the provided path: /tmp/benchmark_results/. No artifacts will be uploaded.
2026-08-29T21:19:03.0382324Z Post job cleanup.
2026-08-29T21:19:03.0431682Z ##[group]Run '/home/runner/k8s/index.js'
2026-08-29T21:19:03.0432825Z shell: /home/runner/externals/node20/bin/node {0}
2026-08-29T21:19:03.0433166Z ##[endgroup]
2026-08-29T21:19:03.4869231Z (node:4716) [DEP0005] DeprecationWarning: Buffer() is deprecated due to security and usability issues. Please use the Buffer.alloc(), Buffer.allocUnsafe(), or Buffer.from() methods instead.
2026-08-29T21:19:03.4870277Z (Use `node --trace-deprecation ...` to show where the warning was created)
2026-08-29T21:19:04.1356099Z [command]/usr/bin/git version
2026-08-29T21:19:04.1390344Z git version 2.34.1
2026-08-29T21:19:04.1417086Z Copying '/root/.gitconfig' to '/__w/_temp/3ce44a45-14ec-4c08-a005-c896c4b55f99/.gitconfig'
2026-08-29T21:19:04.1425457Z Temporarily overriding HOME='/__w/_temp/3ce44a45-14ec-4c08-a005-c896c4b55f99' before making global git config changes
2026-08-29T21:19:04.1426455Z Adding repository directory to the temporary git global config as a safe directory
2026-08-29T21:19:04.1441440Z [command]/usr/bin/git config --global --add safe.directory /__w/vllm-ascend/vllm-ascend
2026-08-29T21:19:04.1466413Z Removing SSH command configuration
2026-08-29T21:19:04.1473392Z [command]/usr/bin/git config --local --name-only --get-regexp core\.sshCommand
2026-08-29T21:19:04.1502553Z [command]/usr/bin/git submodule foreach --recursive sh -c "git config --local --name-only --get-regexp 'core\.sshCommand' && git config --local --unset-all 'core.sshCommand' || :"
2026-08-29T21:19:04.1678885Z Removing HTTP extra header
2026-08-29T21:19:04.1681280Z [command]/usr/bin/git config --local --name-only --get-regexp http\.https\:\/\/github\.com\/\.extraheader
2026-08-29T21:19:04.1709220Z [command]/usr/bin/git submodule foreach --recursive sh -c "git config --local --name-only --get-regexp 'http\.https\:\/\/github\.com\/\.extraheader' && git config --local --unset-all 'http.https://github.com/.extraheader' || :"
2026-08-29T21:19:04.1878735Z Removing includeIf entries pointing to credentials config files
2026-08-29T21:19:04.1884152Z [command]/usr/bin/git config --local --name-only --get-regexp ^includeIf\.gitdir:
2026-08-29T21:19:04.1902400Z includeif.gitdir:/__w/vllm-ascend/vllm-ascend/.git.path
2026-08-29T21:19:04.1902907Z includeif.gitdir:/__w/vllm-ascend/vllm-ascend/.git/worktrees/*.path
2026-08-29T21:19:04.1903381Z includeif.gitdir:/github/workspace/.git.path
2026-08-29T21:19:04.1903807Z includeif.gitdir:/github/workspace/.git/worktrees/*.path
2026-08-29T21:19:04.1911560Z [command]/usr/bin/git config --local --get-all includeif.gitdir:/__w/vllm-ascend/vllm-ascend/.git.path
2026-08-29T21:19:04.1929405Z /__w/_temp/git-credentials-bec915cc-37ab-4216-88f5-3c94042bc537.config
2026-08-29T21:19:04.1939129Z [command]/usr/bin/git config --local --unset includeif.gitdir:/__w/vllm-ascend/vllm-ascend/.git.path \/__w\/_temp\/git\-credentials\-bec915cc\-37ab\-4216\-88f5\-3c94042bc537\.config
2026-08-29T21:19:04.1967367Z [command]/usr/bin/git config --local --get-all includeif.gitdir:/__w/vllm-ascend/vllm-ascend/.git/worktrees/*.path
2026-08-29T21:19:04.1985662Z /__w/_temp/git-credentials-bec915cc-37ab-4216-88f5-3c94042bc537.config
2026-08-29T21:19:04.1994711Z [command]/usr/bin/git config --local --unset includeif.gitdir:/__w/vllm-ascend/vllm-ascend/.git/worktrees/*.path \/__w\/_temp\/git\-credentials\-bec915cc\-37ab\-4216\-88f5\-3c94042bc537\.config
2026-08-29T21:19:04.2022317Z [command]/usr/bin/git config --local --get-all includeif.gitdir:/github/workspace/.git.path
2026-08-29T21:19:04.2039267Z /github/runner_temp/git-credentials-bec915cc-37ab-4216-88f5-3c94042bc537.config
2026-08-29T21:19:04.2046816Z [command]/usr/bin/git config --local --unset includeif.gitdir:/github/workspace/.git.path \/github\/runner_temp\/git\-credentials\-bec915cc\-37ab\-4216\-88f5\-3c94042bc537\.config
2026-08-29T21:19:04.2073800Z [command]/usr/bin/git config --local --get-all includeif.gitdir:/github/workspace/.git/worktrees/*.path
2026-08-29T21:19:04.2092561Z /github/runner_temp/git-credentials-bec915cc-37ab-4216-88f5-3c94042bc537.config
2026-08-29T21:19:04.2098814Z [command]/usr/bin/git config --local --unset includeif.gitdir:/github/workspace/.git/worktrees/*.path \/github\/runner_temp\/git\-credentials\-bec915cc\-37ab\-4216\-88f5\-3c94042bc537\.config
2026-08-29T21:19:04.2126683Z [command]/usr/bin/git submodule foreach --recursive git config --local --show-origin --name-only --get-regexp remote.origin.url
2026-08-29T21:19:04.2290039Z Removing credentials config '/__w/_temp/git-credentials-bec915cc-37ab-4216-88f5-3c94042bc537.config'
2026-08-29T21:19:23.9424173Z ##[group]Run '/home/runner/k8s/index.js'
2026-08-29T21:19:23.9425296Z shell: /home/runner/externals/node20/bin/node {0}
2026-08-29T21:19:23.9425659Z ##[endgroup]
2026-08-29T21:19:24.4495309Z Cleaning up orphan processes
