2026-08-22T21:32:20.1164439Z Current runner version: '2.336.0'
2026-08-22T21:32:20.1170527Z Runner name: 'linux-aarch64-a3-0-dnlzn-runner-gjpvq'
2026-08-22T21:32:20.1171480Z Runner group name: 'Default'
2026-08-22T21:32:20.1172350Z Machine name: 'linux-aarch64-a3-0-dnlzn-runner-gjpvq'
2026-08-22T21:32:20.1175409Z ##[group]GITHUB_TOKEN Permissions
2026-08-22T21:32:20.1177745Z Contents: read
2026-08-22T21:32:20.1178387Z Issues: read
2026-08-22T21:32:20.1178925Z Metadata: read
2026-08-22T21:32:20.1179505Z PullRequests: read
2026-08-22T21:32:20.1180131Z ##[endgroup]
2026-08-22T21:32:20.1181993Z Secret source: Actions
2026-08-22T21:32:20.1183117Z Prepare workflow directory
2026-08-22T21:32:20.1936827Z Prepare all required actions
2026-08-22T21:32:20.1981233Z Getting action download info
2026-08-22T21:32:21.1549926Z Download action repository 'actions/checkout@v7' (SHA:3d3c42e5aac5ba805825da76410c181273ba90b1)
2026-08-22T21:32:25.2981865Z Download action repository 'ascend-gha-runners/artifact@v0.3' (SHA:1b30485187fb8bbbdd297375647fdecf73b9e0f9)
2026-08-22T21:32:26.0958083Z Download action repository 'actions/upload-artifact@v7' (SHA:043fb46d1a93c77aae656e7c1c64a875d1fc6a0a)
2026-08-22T21:32:29.9170268Z Uses: vllm-project/vllm-ascend/.github/workflows/_e2e_nightly_multi_node.yaml@refs/heads/main (182b75ea84ff13ece27b57391331ef8935410aea)
2026-08-22T21:32:29.9174489Z ##[group] Inputs
2026-08-22T21:32:29.9175106Z   soc_version: a3
2026-08-22T21:32:29.9175476Z   runner: linux-aarch64-a3-0
2026-08-22T21:32:29.9176274Z   image: swr.cn-southwest-2.myhuaweicloud.com/base_image/ascend-ci/vllm-ascend:nightly-ci-main-a3
2026-08-22T21:32:29.9177004Z   config_file_path: DeepSeek_V3.2T_MTP2_PD.yaml
2026-08-22T21:32:29.9177529Z   config_base_path: tests/e2e/weekly/multi_node/external_dp/config
2026-08-22T21:32:29.9178068Z   test_frequency: weekly
2026-08-22T21:32:29.9178400Z   replicas: 1
2026-08-22T21:32:29.9178736Z   size: 4
2026-08-22T21:32:29.9179235Z   vllm_ascend_remote_url: https://github.com/vllm-project/vllm-ascend.git
2026-08-22T21:32:29.9179864Z   vllm_ascend_ref: 182b75ea84ff13ece27b57391331ef8935410aea
2026-08-22T21:32:29.9180924Z   should_run: true
2026-08-22T21:32:29.9181319Z   ascend_log_prefix: /root/.cache/ascend-logs/main
2026-08-22T21:32:29.9181781Z   name: DeepSeek_V3.2T_MTP2_PD
2026-08-22T21:32:29.9182169Z   vllm_ascend_branch: main
2026-08-22T21:32:29.9182543Z   request_id: 
2026-08-22T21:32:29.9182896Z   testcase_timeout: 600
2026-08-22T21:32:29.9183361Z   aop_multi_enabled: false
2026-08-22T21:32:29.9183740Z   bisect_good_commit: 
2026-08-22T21:32:29.9184109Z   bisect_bad_commit: HEAD
2026-08-22T21:32:29.9184562Z   bisect_fail_confirm_retries: 
2026-08-22T21:32:29.9184931Z   bisect_trial_timeout: 
2026-08-22T21:32:29.9185329Z   bisect_barrier_timeout: 
2026-08-22T21:32:29.9185690Z   bisect_no_verify_good: false
2026-08-22T21:32:29.9186242Z   bisect_no_verify_bad: false
2026-08-22T21:32:29.9186693Z   bisect_force_initial_build: false
2026-08-22T21:32:29.9187217Z   bisect_config_base_path: tests/e2e/weekly/multi_node/external_dp/config
2026-08-22T21:32:29.9187783Z   test_cases: all
2026-08-22T21:32:29.9188110Z   skip_build_image: true
2026-08-22T21:32:29.9188580Z   aop_enabled: false
2026-08-22T21:32:29.9188916Z   build_type: release
2026-08-22T21:32:29.9189349Z   base_image_tag: {"cann_version":"2026.08.03","base_image_date":"auto"}
2026-08-22T21:32:29.9189897Z   bisect_args_json: {}
2026-08-22T21:32:29.9190499Z ##[endgroup]
2026-08-22T21:32:29.9191269Z Complete job name: multi-node (main, DeepSeek_V3.2T_MTP2_PD, DeepSeek_V3.2T_MTP2_PD.yaml, tests/e2e/weekly/multi_nod... / DeepSeek_V3.2T_MTP2_PD.yaml
2026-08-22T21:32:29.9984366Z ##[group]Run '/home/runner/k8s/index.js'
2026-08-22T21:32:29.9987436Z shell: /home/runner/externals/node20/bin/node {0}
2026-08-22T21:32:29.9988238Z ##[endgroup]
2026-08-22T21:32:45.5855811Z (node:121) [DEP0005] DeprecationWarning: Buffer() is deprecated due to security and usability issues. Please use the Buffer.alloc(), Buffer.allocUnsafe(), or Buffer.from() methods instead.
2026-08-22T21:32:45.5857088Z (Use `node --trace-deprecation ...` to show where the warning was created)
2026-08-22T21:32:47.1468756Z ##[group]Run echo "***" | base64 -d > "$KUBECONFIG"
2026-08-22T21:32:47.1516168Z [36;1mecho "***" | base64 -d > "$KUBECONFIG"[0m
2026-08-22T21:32:47.1516949Z shell: bash -el {0}
2026-08-22T21:32:47.1517224Z ##[endgroup]
2026-08-22T21:32:47.1747220Z ##[group]Run '/home/runner/k8s/index.js'
2026-08-22T21:32:47.1748309Z shell: /home/runner/externals/node20/bin/node {0}
2026-08-22T21:32:47.1748683Z ##[endgroup]
2026-08-22T21:32:47.6288649Z (node:304) [DEP0005] DeprecationWarning: Buffer() is deprecated due to security and usability issues. Please use the Buffer.alloc(), Buffer.allocUnsafe(), or Buffer.from() methods instead.
2026-08-22T21:32:47.6289741Z (Use `node --trace-deprecation ...` to show where the warning was created)
2026-08-22T21:32:48.7763435Z ##[group]Run actions/checkout@v7
2026-08-22T21:32:48.7763857Z with:
2026-08-22T21:32:48.7764185Z   repository: vllm-project/vllm-ascend
2026-08-22T21:32:48.7767503Z   token: ***
2026-08-22T21:32:48.7767786Z   ssh-strict: true
2026-08-22T21:32:48.7768040Z   ssh-user: git
2026-08-22T21:32:48.7768294Z   persist-credentials: true
2026-08-22T21:32:48.7768570Z   clean: true
2026-08-22T21:32:48.7768833Z   sparse-checkout-cone-mode: true
2026-08-22T21:32:48.7769132Z   fetch-depth: 1
2026-08-22T21:32:48.7769383Z   fetch-tags: false
2026-08-22T21:32:48.7769646Z   show-progress: true
2026-08-22T21:32:48.7769894Z   lfs: false
2026-08-22T21:32:48.7770121Z   submodules: false
2026-08-22T21:32:48.7770386Z   set-safe-directory: true
2026-08-22T21:32:48.7770676Z   allow-unsafe-pr-checkout: false
2026-08-22T21:32:48.7770972Z ##[endgroup]
2026-08-22T21:32:48.7829953Z ##[group]Run '/home/runner/k8s/index.js'
2026-08-22T21:32:48.7830976Z shell: /home/runner/externals/node20/bin/node {0}
2026-08-22T21:32:48.7831425Z ##[endgroup]
2026-08-22T21:32:49.2159896Z (node:338) [DEP0005] DeprecationWarning: Buffer() is deprecated due to security and usability issues. Please use the Buffer.alloc(), Buffer.allocUnsafe(), or Buffer.from() methods instead.
2026-08-22T21:32:49.2160960Z (Use `node --trace-deprecation ...` to show where the warning was created)
2026-08-22T21:32:49.9477650Z Syncing repository: vllm-project/vllm-ascend
2026-08-22T21:32:49.9479019Z ##[group]Getting Git version info
2026-08-22T21:32:49.9479413Z Working directory is '/__w/vllm-ascend/vllm-ascend'
2026-08-22T21:32:49.9480009Z [command]/usr/bin/git version
2026-08-22T21:32:49.9480292Z git version 2.34.1
2026-08-22T21:32:49.9481254Z ##[endgroup]
2026-08-22T21:32:49.9485281Z Copying '/root/.gitconfig' to '/__w/_temp/2246aa79-bb9a-4ade-919a-f15c3b0d1556/.gitconfig'
2026-08-22T21:32:49.9486199Z Temporarily overriding HOME='/__w/_temp/2246aa79-bb9a-4ade-919a-f15c3b0d1556' before making global git config changes
2026-08-22T21:32:49.9487024Z Adding repository directory to the temporary git global config as a safe directory
2026-08-22T21:32:49.9487690Z [command]/usr/bin/git config --global --add safe.directory /__w/vllm-ascend/vllm-ascend
2026-08-22T21:32:49.9515630Z Deleting the contents of '/__w/vllm-ascend/vllm-ascend'
2026-08-22T21:32:49.9518981Z ##[group]Determining repository object format
2026-08-22T21:32:49.9521073Z ##[endgroup]
2026-08-22T21:32:49.9521496Z ##[group]Initializing the repository
2026-08-22T21:32:49.9524753Z [command]/usr/bin/git init /__w/vllm-ascend/vllm-ascend
2026-08-22T21:32:49.9631896Z hint: Using 'master' as the name for the initial branch. This default branch name
2026-08-22T21:32:49.9632497Z hint: is subject to change. To configure the initial branch name to use in all
2026-08-22T21:32:49.9633110Z hint: of your new repositories, which will suppress this warning, call:
2026-08-22T21:32:49.9633521Z hint: 
2026-08-22T21:32:49.9633815Z hint: 	git config --global init.defaultBranch <name>
2026-08-22T21:32:49.9634155Z hint: 
2026-08-22T21:32:49.9634521Z hint: Names commonly chosen instead of 'master' are 'main', 'trunk' and
2026-08-22T21:32:49.9635067Z hint: 'development'. The just-created branch can be renamed via this command:
2026-08-22T21:32:49.9635721Z hint: 
2026-08-22T21:32:49.9635960Z hint: 	git branch -m <name>
2026-08-22T21:32:49.9641819Z Initialized empty Git repository in /__w/vllm-ascend/vllm-ascend/.git/
2026-08-22T21:32:49.9651819Z [command]/usr/bin/git remote add origin https://github.com/vllm-project/vllm-ascend
2026-08-22T21:32:49.9713020Z ##[endgroup]
2026-08-22T21:32:49.9717803Z ##[group]Disabling automatic garbage collection
2026-08-22T21:32:49.9718194Z [command]/usr/bin/git config --local gc.auto 0
2026-08-22T21:32:49.9757408Z ##[endgroup]
2026-08-22T21:32:49.9757796Z ##[group]Setting up auth
2026-08-22T21:32:49.9758103Z Removing SSH command configuration
2026-08-22T21:32:49.9764514Z [command]/usr/bin/git config --local --name-only --get-regexp core\.sshCommand
2026-08-22T21:32:49.9813781Z [command]/usr/bin/git submodule foreach --recursive sh -c "git config --local --name-only --get-regexp 'core\.sshCommand' && git config --local --unset-all 'core.sshCommand' || :"
2026-08-22T21:32:50.0051409Z Removing HTTP extra header
2026-08-22T21:32:50.0055803Z [command]/usr/bin/git config --local --name-only --get-regexp http\.https\:\/\/github\.com\/\.extraheader
2026-08-22T21:32:50.0090061Z [command]/usr/bin/git submodule foreach --recursive sh -c "git config --local --name-only --get-regexp 'http\.https\:\/\/github\.com\/\.extraheader' && git config --local --unset-all 'http.https://github.com/.extraheader' || :"
2026-08-22T21:32:50.0301459Z Removing includeIf entries pointing to credentials config files
2026-08-22T21:32:50.0327851Z [command]/usr/bin/git config --local --name-only --get-regexp ^includeIf\.gitdir:
2026-08-22T21:32:50.0342745Z [command]/usr/bin/git submodule foreach --recursive git config --local --show-origin --name-only --get-regexp remote.origin.url
2026-08-22T21:32:50.0557710Z [command]/usr/bin/git config --file /__w/_temp/git-credentials-2681f84f-4404-4597-a594-8af44fcd5265.config http.https://github.com/.extraheader AUTHORIZATION: basic ***
2026-08-22T21:32:50.0602015Z [command]/usr/bin/git config --local includeIf.gitdir:/__w/vllm-ascend/vllm-ascend/.git.path /__w/_temp/git-credentials-2681f84f-4404-4597-a594-8af44fcd5265.config
2026-08-22T21:32:50.0626649Z [command]/usr/bin/git config --local includeIf.gitdir:/__w/vllm-ascend/vllm-ascend/.git/worktrees/*.path /__w/_temp/git-credentials-2681f84f-4404-4597-a594-8af44fcd5265.config
2026-08-22T21:32:50.0665313Z [command]/usr/bin/git config --local includeIf.gitdir:/github/workspace/.git.path /github/runner_temp/git-credentials-2681f84f-4404-4597-a594-8af44fcd5265.config
2026-08-22T21:32:50.0690970Z [command]/usr/bin/git config --local includeIf.gitdir:/github/workspace/.git/worktrees/*.path /github/runner_temp/git-credentials-2681f84f-4404-4597-a594-8af44fcd5265.config
2026-08-22T21:32:50.0737287Z ##[endgroup]
2026-08-22T21:32:50.0737691Z ##[group]Fetching the repository
2026-08-22T21:32:50.0744726Z [command]/usr/bin/git -c protocol.version=2 fetch --no-tags --prune --no-recurse-submodules --depth=1 origin +182b75ea84ff13ece27b57391331ef8935410aea:refs/remotes/origin/main
2026-08-22T21:32:50.7426557Z warning: redirecting to http://git-cdn-service.git-cdn.svc.cluster.local:8000/vllm-project/vllm-ascend.git/
2026-08-22T21:32:52.2731277Z From http://git-cdn-service.git-cdn.svc.cluster.local:8000/vllm-project/vllm-ascend
2026-08-22T21:32:52.2731966Z  * [new ref]         182b75ea84ff13ece27b57391331ef8935410aea -> origin/main
2026-08-22T21:32:52.2767341Z [command]/usr/bin/git branch --list --remote origin/main
2026-08-22T21:32:52.2805297Z   origin/main
2026-08-22T21:32:52.2817943Z [command]/usr/bin/git rev-parse refs/remotes/origin/main
2026-08-22T21:32:52.2851505Z 182b75ea84ff13ece27b57391331ef8935410aea
2026-08-22T21:32:52.2855131Z ##[endgroup]
2026-08-22T21:32:52.2855549Z ##[group]Determining the checkout info
2026-08-22T21:32:52.2857097Z ##[endgroup]
2026-08-22T21:32:52.2861412Z [command]/usr/bin/git sparse-checkout disable
2026-08-22T21:32:52.2915594Z [command]/usr/bin/git config --local --unset-all extensions.worktreeConfig
2026-08-22T21:32:52.2952777Z ##[group]Checking out the ref
2026-08-22T21:32:52.2957086Z [command]/usr/bin/git checkout --progress --force -B main refs/remotes/origin/main
2026-08-22T21:32:52.5357084Z Switched to a new branch 'main'
2026-08-22T21:32:52.5357510Z Branch 'main' set up to track remote branch 'main' from 'origin'.
2026-08-22T21:32:52.5378757Z ##[endgroup]
2026-08-22T21:32:52.5434547Z [command]/usr/bin/git log -1 --format=%H
2026-08-22T21:32:52.5467094Z 182b75ea84ff13ece27b57391331ef8935410aea
2026-08-22T21:32:53.0642697Z ##[group]Run # Derive a unique, valid k8s resource name from config_file_path.
2026-08-22T21:32:53.0643446Z [36;1m# Derive a unique, valid k8s resource name from config_file_path.[0m
2026-08-22T21:32:53.0644025Z [36;1m# Append 6-char random suffix to avoid conflicts; total length capped at 63 chars.[0m
2026-08-22T21:32:53.0644493Z [36;1m[0m
2026-08-22T21:32:53.0644769Z [36;1mconfig_file="DeepSeek_V3.2T_MTP2_PD.yaml"[0m
2026-08-22T21:32:53.0645130Z [36;1mconfig_stem="${config_file%.yaml}"[0m
2026-08-22T21:32:53.0645645Z [36;1mlws_suffix=$(echo "$config_stem" | tr '[:upper:]' '[:lower:]' | tr '._' '-' | cut -c1-43)[0m
2026-08-22T21:32:53.0646405Z [36;1mrand_suffix=$(tr -d '-' < /proc/sys/kernel/random/uuid | cut -c1-6)[0m
2026-08-22T21:32:53.0646877Z [36;1mLWS_NAME="vllm-${lws_suffix}-${rand_suffix}"[0m
2026-08-22T21:32:53.0647209Z [36;1m[0m
2026-08-22T21:32:53.0647445Z [36;1mbranch="main"[0m
2026-08-22T21:32:53.0647725Z [36;1mif [ -n "$branch" ]; then[0m
2026-08-22T21:32:53.0648142Z [36;1m  ARTIFACT_NAME="${branch}-${config_stem}-ascend-logs"[0m
2026-08-22T21:32:53.0648501Z [36;1melse[0m
2026-08-22T21:32:53.0648786Z [36;1m  ARTIFACT_NAME="${config_stem}-ascend-logs"[0m
2026-08-22T21:32:53.0649108Z [36;1mfi[0m
2026-08-22T21:32:53.0649320Z [36;1m[0m
2026-08-22T21:32:53.0649576Z [36;1mjob_name="DeepSeek_V3.2T_MTP2_PD"[0m
2026-08-22T21:32:53.0649897Z [36;1mif [ -z "$job_name" ]; then[0m
2026-08-22T21:32:53.0650196Z [36;1m  job_name="$config_stem"[0m
2026-08-22T21:32:53.0650481Z [36;1mfi[0m
2026-08-22T21:32:53.0650753Z [36;1mBENCHMARK_JOB_NAME="${branch}-${job_name}"[0m
2026-08-22T21:32:53.0651083Z [36;1m[0m
2026-08-22T21:32:53.0651292Z [36;1m{[0m
2026-08-22T21:32:53.0651529Z [36;1m  echo "LWS_NAME=${LWS_NAME}"[0m
2026-08-22T21:32:53.0651855Z [36;1m  echo "LEADER_POD=${LWS_NAME}-0"[0m
2026-08-22T21:32:53.0652249Z [36;1m  echo "LOG_PREFIX=/root/.cache/ascend-logs/main/${LWS_NAME}"[0m
2026-08-22T21:32:53.0652641Z [36;1m} >> $GITHUB_ENV[0m
2026-08-22T21:32:53.0652899Z [36;1m[0m
2026-08-22T21:32:53.0653164Z [36;1m{[0m
2026-08-22T21:32:53.0653430Z [36;1m  echo "artifact_name=${ARTIFACT_NAME}"[0m
2026-08-22T21:32:53.0653817Z [36;1m  echo "benchmark_job_name=${BENCHMARK_JOB_NAME}"[0m
2026-08-22T21:32:53.0654184Z [36;1m} >> $GITHUB_OUTPUT[0m
2026-08-22T21:32:53.0654606Z shell: bash -el {0}
2026-08-22T21:32:53.0654850Z ##[endgroup]
2026-08-22T21:32:53.0758905Z ##[group]Run '/home/runner/k8s/index.js'
2026-08-22T21:32:53.0759914Z shell: /home/runner/externals/node20/bin/node {0}
2026-08-22T21:32:53.0760273Z ##[endgroup]
2026-08-22T21:32:53.5095149Z (node:387) [DEP0005] DeprecationWarning: Buffer() is deprecated due to security and usability issues. Please use the Buffer.alloc(), Buffer.allocUnsafe(), or Buffer.from() methods instead.
2026-08-22T21:32:53.5096244Z (Use `node --trace-deprecation ...` to show where the warning was created)
2026-08-22T21:32:54.5538151Z ##[group]Run install -D tests/e2e/nightly/multi_node/scripts/run.sh /root/.cache/tests/run.sh
2026-08-22T21:32:54.5538969Z [36;1minstall -D tests/e2e/nightly/multi_node/scripts/run.sh /root/.cache/tests/run.sh[0m
2026-08-22T21:32:54.5539752Z [36;1minstall -D tests/e2e/nightly/scripts/bisect_args.sh /root/.cache/tests/bisect_args.sh[0m
2026-08-22T21:32:54.5540455Z shell: bash -el {0}
2026-08-22T21:32:54.5540786Z env:
2026-08-22T21:32:54.5541179Z   LWS_NAME: vllm-deepseek-v3-2t-mtp2-pd-89246a
2026-08-22T21:32:54.5541672Z   LEADER_POD: vllm-deepseek-v3-2t-mtp2-pd-89246a-0
2026-08-22T21:32:54.5542334Z   LOG_PREFIX: /root/.cache/ascend-logs/main/vllm-deepseek-v3-2t-mtp2-pd-89246a
2026-08-22T21:32:54.5543018Z ##[endgroup]
2026-08-22T21:32:54.5635122Z ##[group]Run '/home/runner/k8s/index.js'
2026-08-22T21:32:54.5636559Z shell: /home/runner/externals/node20/bin/node {0}
2026-08-22T21:32:54.5636978Z ##[endgroup]
2026-08-22T21:32:55.0179770Z (node:454) [DEP0005] DeprecationWarning: Buffer() is deprecated due to security and usability issues. Please use the Buffer.alloc(), Buffer.allocUnsafe(), or Buffer.from() methods instead.
2026-08-22T21:32:55.0180920Z (Use `node --trace-deprecation ...` to show where the warning was created)
2026-08-22T21:32:56.4027702Z ##[group]Run set -euo pipefail
2026-08-22T21:32:56.4028243Z [36;1mset -euo pipefail[0m
2026-08-22T21:32:56.4028666Z [36;1mTIMEOUT=120[0m
2026-08-22T21:32:56.4028989Z [36;1mSLEEP_INTERVAL=2[0m
2026-08-22T21:32:56.4029351Z [36;1m[0m
2026-08-22T21:32:56.4029695Z [36;1m[0m
2026-08-22T21:32:56.4145931Z [36;1mecho "Deleting leaderworkerset [$LWS_NAME] in namespace [$NAMESPACE]..."[0m
2026-08-22T21:32:56.4146765Z [36;1mkubectl delete leaderworkerset "$LWS_NAME" -n "$NAMESPACE" --ignore-not-found[0m
2026-08-22T21:32:56.4147445Z [36;1mkubectl delete service "${LWS_NAME}-leader" -n "$NAMESPACE" --ignore-not-found[0m
2026-08-22T21:32:56.4147963Z [36;1m[0m
2026-08-22T21:32:56.4148379Z [36;1mecho "Waiting for pods of leaderworkerset [$LWS_NAME] to be deleted..."[0m
2026-08-22T21:32:56.4148834Z [36;1mSTART_TIME=$(date +%s)[0m
2026-08-22T21:32:56.4149135Z [36;1mwhile true; do[0m
2026-08-22T21:32:56.4149432Z [36;1m  ELAPSED=$(( $(date +%s) - START_TIME ))[0m
2026-08-22T21:32:56.4149869Z [36;1m  if [[ $ELAPSED -ge $TIMEOUT ]]; then[0m
2026-08-22T21:32:56.4150321Z [36;1m    echo "Timeout reached ($TIMEOUT seconds), some pods still exist:"[0m
2026-08-22T21:32:56.4150848Z [36;1m    kubectl get pods -n "$NAMESPACE" | grep "^${LWS_NAME}-" || true[0m
2026-08-22T21:32:56.4151253Z [36;1m    exit 1[0m
2026-08-22T21:32:56.4151492Z [36;1m  fi[0m
2026-08-22T21:32:56.4151941Z [36;1m  PODS_EXIST=$(kubectl get pods -n "$NAMESPACE" -o jsonpath='{.items[*].metadata.name}' 2>/dev/null \[0m
2026-08-22T21:32:56.4152519Z [36;1m    | tr ' ' '\n' | grep "^${LWS_NAME}-" || true)[0m
2026-08-22T21:32:56.4152875Z [36;1m  if [[ -z "$PODS_EXIST" ]]; then[0m
2026-08-22T21:32:56.4153298Z [36;1m    echo "All pods for [$LWS_NAME] deleted."[0m
2026-08-22T21:32:56.4153623Z [36;1m    break[0m
2026-08-22T21:32:56.4153853Z [36;1m  fi[0m
2026-08-22T21:32:56.4154161Z [36;1m  echo "Waiting for pods to be deleted: $PODS_EXIST"[0m
2026-08-22T21:32:56.4154538Z [36;1m  sleep $SLEEP_INTERVAL[0m
2026-08-22T21:32:56.4154824Z [36;1mdone[0m
2026-08-22T21:32:56.4155635Z shell: bash -el {0}
2026-08-22T21:32:56.4155873Z env:
2026-08-22T21:32:56.4156310Z   LWS_NAME: vllm-deepseek-v3-2t-mtp2-pd-89246a
2026-08-22T21:32:56.4156779Z   LEADER_POD: vllm-deepseek-v3-2t-mtp2-pd-89246a-0
2026-08-22T21:32:56.4157264Z   LOG_PREFIX: /root/.cache/ascend-logs/main/vllm-deepseek-v3-2t-mtp2-pd-89246a
2026-08-22T21:32:56.4157714Z ##[endgroup]
2026-08-22T21:32:56.4618313Z ##[group]Run '/home/runner/k8s/index.js'
2026-08-22T21:32:56.4619275Z shell: /home/runner/externals/node20/bin/node {0}
2026-08-22T21:32:56.4619612Z ##[endgroup]
2026-08-22T21:32:56.9026358Z (node:536) [DEP0005] DeprecationWarning: Buffer() is deprecated due to security and usability issues. Please use the Buffer.alloc(), Buffer.allocUnsafe(), or Buffer.from() methods instead.
2026-08-22T21:32:56.9027403Z (Use `node --trace-deprecation ...` to show where the warning was created)
2026-08-22T21:32:57.6007226Z Deleting leaderworkerset [vllm-deepseek-v3-2t-mtp2-pd-89246a] in namespace [vllm-project]...
2026-08-22T21:32:57.7496887Z Waiting for pods of leaderworkerset [vllm-deepseek-v3-2t-mtp2-pd-89246a] to be deleted...
2026-08-22T21:32:57.8943552Z All pods for [vllm-deepseek-v3-2t-mtp2-pd-89246a] deleted.
2026-08-22T21:32:58.4699317Z ##[group]Run set -euo pipefail
2026-08-22T21:32:58.4699704Z [36;1mset -euo pipefail[0m
2026-08-22T21:32:58.4699981Z [36;1m[0m
2026-08-22T21:32:58.4700375Z [36;1msize="4"[0m
2026-08-22T21:32:58.4700621Z [36;1mreplicas="1"[0m
2026-08-22T21:32:58.4701145Z [36;1mimage="swr.cn-southwest-2.myhuaweicloud.com/base_image/ascend-ci/vllm-ascend:nightly-ci-main-a3"[0m
2026-08-22T21:32:58.4701770Z [36;1mconfig_file_path="DeepSeek_V3.2T_MTP2_PD.yaml"[0m
2026-08-22T21:32:58.4702241Z [36;1mconfig_base_path="tests/e2e/weekly/multi_node/external_dp/config"[0m
2026-08-22T21:32:58.4702715Z [36;1mfail_tag="FAIL_TAG_DeepSeek_V3.2T_MTP2_PD.yaml"[0m
2026-08-22T21:32:58.4703148Z [36;1mis_pr_test="false"[0m
2026-08-22T21:32:58.4703537Z [36;1mvllm_ascend_ref="182b75ea84ff13ece27b57391331ef8935410aea"[0m
2026-08-22T21:32:58.4704090Z [36;1mvllm_ascend_remote_url="https://github.com/vllm-project/vllm-ascend.git"[0m
2026-08-22T21:32:58.4704544Z [36;1mrunner="a3"[0m
2026-08-22T21:32:58.4704947Z [36;1mecho "FAIL_TAG=${fail_tag}" >> $GITHUB_ENV[0m
2026-08-22T21:32:58.4705274Z [36;1m[0m
2026-08-22T21:32:58.4705706Z [36;1mif [ "a3" = "a5" ]; then[0m
2026-08-22T21:32:58.4706021Z [36;1m    npu_per_node=8[0m
2026-08-22T21:32:58.4706538Z [36;1m    npu_resource_name=huawei.com/npu[0m
2026-08-22T21:32:58.4706899Z [36;1m    shared_volume_path=/mnt/share[0m
2026-08-22T21:32:58.4707223Z [36;1melif [ "a3" = "a3" ]; then[0m
2026-08-22T21:32:58.4707519Z [36;1m    npu_per_node=16[0m
2026-08-22T21:32:58.4707835Z [36;1m    pvc_name=gy005-az5-vllm-ascend[0m
2026-08-22T21:32:58.4708143Z [36;1melse[0m
2026-08-22T21:32:58.4708380Z [36;1m  npu_per_node=8[0m
2026-08-22T21:32:58.4708666Z [36;1m  pvc_name=vllm-project-hk001[0m
2026-08-22T21:32:58.4708960Z [36;1mfi[0m
2026-08-22T21:32:58.4709183Z [36;1m[0m
2026-08-22T21:32:58.4709465Z [36;1mbenchmark_job_name="main-DeepSeek_V3.2T_MTP2_PD"[0m
2026-08-22T21:32:58.4709808Z [36;1m[0m
2026-08-22T21:32:58.4710146Z [36;1mjinja2 tests/e2e/nightly/multi_node/scripts/lws.yaml.jinja2 \[0m
2026-08-22T21:32:58.4710570Z [36;1m  -D lws_name="$LWS_NAME" \[0m
2026-08-22T21:32:58.4710887Z [36;1m  -D log_prefix="$LOG_PREFIX" \[0m
2026-08-22T21:32:58.4711200Z [36;1m  -D size="$size" \[0m
2026-08-22T21:32:58.4711482Z [36;1m  -D replicas="$replicas" \[0m
2026-08-22T21:32:58.4711784Z [36;1m  -D image="$image" \[0m
2026-08-22T21:32:58.4712103Z [36;1m  -D config_file_path="$config_file_path" \[0m
2026-08-22T21:32:58.4712484Z [36;1m  -D config_base_path="$config_base_path" \[0m
2026-08-22T21:32:58.4712837Z [36;1m  -D npu_per_node="$npu_per_node" \[0m
2026-08-22T21:32:58.4713214Z [36;1m  -D fail_tag="$fail_tag" \[0m
2026-08-22T21:32:58.4713529Z [36;1m  -D is_pr_test="$is_pr_test" \[0m
2026-08-22T21:32:58.4713867Z [36;1m  -D vllm_ascend_ref="$vllm_ascend_ref" \[0m
2026-08-22T21:32:58.4714269Z [36;1m  -D vllm_ascend_remote_url="$vllm_ascend_remote_url" \[0m
2026-08-22T21:32:58.4714653Z [36;1m  -D pvc_name="${pvc_name:-}" \[0m
2026-08-22T21:32:58.4715011Z [36;1m  -D benchmark_job_name="$benchmark_job_name" \[0m
2026-08-22T21:32:58.4715376Z [36;1m  -D runner="$runner" \[0m
2026-08-22T21:32:58.4715682Z [36;1m  -D aop_multi_enabled="false" \[0m
2026-08-22T21:32:58.4716258Z [36;1m  -D good_table="/root/.cache/vllm-ascend/main/weekly/good_table.csv" \[0m
2026-08-22T21:32:58.4716734Z [36;1m  -D openlibing_secret="$OPENLIBING_SECRET" \[0m
2026-08-22T21:32:58.4717094Z [36;1m  -D vllm_ascend_branch="main" \[0m
2026-08-22T21:32:58.4717423Z [36;1m  -D soc_version="a3" \[0m
2026-08-22T21:32:58.4717768Z [36;1m  -D npu_resource_name="${npu_resource_name:-}" \[0m
2026-08-22T21:32:58.4718191Z [36;1m  -D shared_volume_path="${shared_volume_path:-}" \[0m
2026-08-22T21:32:58.4718553Z [36;1m  -D max_good_age_days="8" \[0m
2026-08-22T21:32:58.4718902Z [36;1m  -D bisect_good_commit="$BISECT_GOOD_COMMIT" \[0m
2026-08-22T21:32:58.4719296Z [36;1m  -D bisect_bad_commit="$BISECT_BAD_COMMIT" \[0m
2026-08-22T21:32:58.4719952Z [36;1m  -D bisect_fail_confirm_retries="$BISECT_FAIL_CONFIRM_RETRIES" \[0m
2026-08-22T21:32:58.4720435Z [36;1m  -D bisect_trial_timeout="$BISECT_TRIAL_TIMEOUT" \[0m
2026-08-22T21:32:58.4720950Z [36;1m  -D bisect_barrier_timeout="$BISECT_BARRIER_TIMEOUT" \[0m
2026-08-22T21:32:58.4721375Z [36;1m  -D bisect_no_verify_good="$BISECT_NO_VERIFY_GOOD" \[0m
2026-08-22T21:32:58.4721790Z [36;1m  -D bisect_no_verify_bad="$BISECT_NO_VERIFY_BAD" \[0m
2026-08-22T21:32:58.4722245Z [36;1m  -D bisect_force_initial_build="$BISECT_FORCE_INITIAL_BUILD" \[0m
2026-08-22T21:32:58.4722730Z [36;1m  -D bisect_config_base_path="$BISECT_CONFIG_BASE_PATH" \[0m
2026-08-22T21:32:58.4723180Z [36;1m  --outfile lws.yaml[0m
2026-08-22T21:32:58.4723457Z [36;1m[0m
2026-08-22T21:32:58.4723707Z [36;1mkubectl apply -f ./lws.yaml[0m
2026-08-22T21:32:58.4724246Z shell: bash -el {0}
2026-08-22T21:32:58.4724508Z env:
2026-08-22T21:32:58.4724772Z   LWS_NAME: vllm-deepseek-v3-2t-mtp2-pd-89246a
2026-08-22T21:32:58.4725172Z   LEADER_POD: vllm-deepseek-v3-2t-mtp2-pd-89246a-0
2026-08-22T21:32:58.4725652Z   LOG_PREFIX: /root/.cache/ascend-logs/main/vllm-deepseek-v3-2t-mtp2-pd-89246a
2026-08-22T21:32:58.4726240Z   BISECT_GOOD_COMMIT: 
2026-08-22T21:32:58.4726535Z   BISECT_BAD_COMMIT: HEAD
2026-08-22T21:32:58.4726806Z   BISECT_FAIL_CONFIRM_RETRIES: 
2026-08-22T21:32:58.4727100Z   BISECT_TRIAL_TIMEOUT: 
2026-08-22T21:32:58.4727358Z   BISECT_BARRIER_TIMEOUT: 
2026-08-22T21:32:58.4727630Z   BISECT_NO_VERIFY_GOOD: false
2026-08-22T21:32:58.4727915Z   BISECT_NO_VERIFY_BAD: false
2026-08-22T21:32:58.4728199Z   BISECT_FORCE_INITIAL_BUILD: false
2026-08-22T21:32:58.4728607Z   BISECT_CONFIG_BASE_PATH: tests/e2e/weekly/multi_node/external_dp/config
2026-08-22T21:32:58.4729011Z ##[endgroup]
2026-08-22T21:32:58.4814200Z ##[group]Run '/home/runner/k8s/index.js'
2026-08-22T21:32:58.4815174Z shell: /home/runner/externals/node20/bin/node {0}
2026-08-22T21:32:58.4815507Z ##[endgroup]
2026-08-22T21:32:58.9110854Z (node:634) [DEP0005] DeprecationWarning: Buffer() is deprecated due to security and usability issues. Please use the Buffer.alloc(), Buffer.allocUnsafe(), or Buffer.from() methods instead.
2026-08-22T21:32:58.9111886Z (Use `node --trace-deprecation ...` to show where the warning was created)
2026-08-22T21:33:00.0493827Z leaderworkerset.leaderworkerset.x-k8s.io/vllm-deepseek-v3-2t-mtp2-pd-89246a created
2026-08-22T21:33:00.0741891Z service/vllm-deepseek-v3-2t-mtp2-pd-89246a-leader created
2026-08-22T21:33:01.9387707Z ##[group]Run set -euo pipefail
2026-08-22T21:33:01.9388100Z [36;1mset -euo pipefail[0m
2026-08-22T21:33:01.9388377Z [36;1mSIZE="4"[0m
2026-08-22T21:33:01.9388629Z [36;1mTIMEOUT=1200[0m
2026-08-22T21:33:01.9388879Z [36;1m[0m
2026-08-22T21:33:01.9389274Z [36;1mecho "Waiting for all pods to become Running and Ready (timeout ${TIMEOUT}s)..."[0m
2026-08-22T21:33:01.9389751Z [36;1mSTART_TIME=$(date +%s)[0m
2026-08-22T21:33:01.9390042Z [36;1mwhile true; do[0m
2026-08-22T21:33:01.9390353Z [36;1m  ELAPSED=$(( $(date +%s) - START_TIME ))[0m
2026-08-22T21:33:01.9390722Z [36;1m  if [[ $ELAPSED -ge $TIMEOUT ]]; then[0m
2026-08-22T21:33:01.9391161Z [36;1m    echo "Timeout reached after ${ELAPSED}s, dumping pod status:"[0m
2026-08-22T21:33:01.9391722Z [36;1m    kubectl get pods -n "$NAMESPACE"[0m
2026-08-22T21:33:01.9392123Z [36;1m    kubectl describe pod "$LEADER_POD" -n "$NAMESPACE"[0m
2026-08-22T21:33:01.9392493Z [36;1m    exit 1[0m
2026-08-22T21:33:01.9392790Z [36;1m  fi[0m
2026-08-22T21:33:01.9393014Z [36;1m[0m
2026-08-22T21:33:01.9393302Z [36;1m  ALL_READY=true[0m
2026-08-22T21:33:01.9393587Z [36;1m  for ((i=1; i<SIZE; i++)); do[0m
2026-08-22T21:33:01.9393895Z [36;1m    POD="${LWS_NAME}-0-${i}"[0m
2026-08-22T21:33:01.9394452Z [36;1m    PHASE=$(kubectl get pod "$POD" -n "$NAMESPACE" -o jsonpath='{.status.phase}' 2>/dev/null || echo "NotFound")[0m
2026-08-22T21:33:01.9395246Z [36;1m    READY=$(kubectl get pod "$POD" -n "$NAMESPACE" -o jsonpath='{.status.containerStatuses[*].ready}' 2>/dev/null)[0m
2026-08-22T21:33:01.9395859Z [36;1m    echo "Worker [$POD] phase=$PHASE ready=$READY"[0m
2026-08-22T21:33:01.9396437Z [36;1m    if [[ "$PHASE" != "Running" || "$READY" != "true" ]]; then[0m
2026-08-22T21:33:01.9397002Z [36;1m      ALL_READY=false[0m
2026-08-22T21:33:01.9397284Z [36;1m      break[0m
2026-08-22T21:33:01.9397530Z [36;1m    fi[0m
2026-08-22T21:33:01.9397767Z [36;1m  done[0m
2026-08-22T21:33:01.9397992Z [36;1m[0m
2026-08-22T21:33:01.9398505Z [36;1m  LEADER_PHASE=$(kubectl get pod "$LEADER_POD" -n "$NAMESPACE" -o jsonpath='{.status.phase}' 2>/dev/null || echo "NotFound")[0m
2026-08-22T21:33:01.9399375Z [36;1m  LEADER_READY=$(kubectl get pod "$LEADER_POD" -n "$NAMESPACE" -o jsonpath='{.status.containerStatuses[*].ready}' 2>/dev/null)[0m
2026-08-22T21:33:01.9400078Z [36;1m  echo "Leader [$LEADER_POD] phase=$LEADER_PHASE ready=$LEADER_READY"[0m
2026-08-22T21:33:01.9400606Z [36;1m  if [[ "$LEADER_PHASE" != "Running" || "$LEADER_READY" != "true" ]]; then[0m
2026-08-22T21:33:01.9401021Z [36;1m    ALL_READY=false[0m
2026-08-22T21:33:01.9401285Z [36;1m  fi[0m
2026-08-22T21:33:01.9401512Z [36;1m[0m
2026-08-22T21:33:01.9401760Z [36;1m  if [[ "$ALL_READY" == "true" ]]; then[0m
2026-08-22T21:33:01.9402131Z [36;1m    echo "All pods are Running and Ready."[0m
2026-08-22T21:33:01.9402455Z [36;1m    break[0m
2026-08-22T21:33:01.9402691Z [36;1m  fi[0m
2026-08-22T21:33:01.9402922Z [36;1m  sleep 2[0m
2026-08-22T21:33:01.9403225Z [36;1mdone[0m
2026-08-22T21:33:01.9403639Z shell: bash -el {0}
2026-08-22T21:33:01.9403900Z env:
2026-08-22T21:33:01.9404179Z   LWS_NAME: vllm-deepseek-v3-2t-mtp2-pd-89246a
2026-08-22T21:33:01.9404589Z   LEADER_POD: vllm-deepseek-v3-2t-mtp2-pd-89246a-0
2026-08-22T21:33:01.9405076Z   LOG_PREFIX: /root/.cache/ascend-logs/main/vllm-deepseek-v3-2t-mtp2-pd-89246a
2026-08-22T21:33:01.9405544Z   FAIL_TAG: FAIL_TAG_DeepSeek_V3.2T_MTP2_PD.yaml
2026-08-22T21:33:01.9405875Z ##[endgroup]
2026-08-22T21:33:01.9523464Z ##[group]Run '/home/runner/k8s/index.js'
2026-08-22T21:33:01.9524394Z shell: /home/runner/externals/node20/bin/node {0}
2026-08-22T21:33:01.9524738Z ##[endgroup]
2026-08-22T21:33:02.4189098Z (node:799) [DEP0005] DeprecationWarning: Buffer() is deprecated due to security and usability issues. Please use the Buffer.alloc(), Buffer.allocUnsafe(), or Buffer.from() methods instead.
2026-08-22T21:33:02.4190163Z (Use `node --trace-deprecation ...` to show where the warning was created)
2026-08-22T21:33:03.2786704Z Waiting for all pods to become Running and Ready (timeout 1200s)...
2026-08-22T21:33:03.4175751Z Worker [vllm-deepseek-v3-2t-mtp2-pd-89246a-0-1] phase=Pending ready=
2026-08-22T21:33:03.5552861Z Leader [vllm-deepseek-v3-2t-mtp2-pd-89246a-0] phase=Pending ready=
2026-08-22T21:33:05.7073560Z Worker [vllm-deepseek-v3-2t-mtp2-pd-89246a-0-1] phase=Pending ready=
2026-08-22T21:33:05.8425892Z Leader [vllm-deepseek-v3-2t-mtp2-pd-89246a-0] phase=Pending ready=
2026-08-22T21:33:07.9960643Z Worker [vllm-deepseek-v3-2t-mtp2-pd-89246a-0-1] phase=Pending ready=
2026-08-22T21:33:08.1389570Z Leader [vllm-deepseek-v3-2t-mtp2-pd-89246a-0] phase=Pending ready=
2026-08-22T21:33:10.3342870Z Worker [vllm-deepseek-v3-2t-mtp2-pd-89246a-0-1] phase=Pending ready=
2026-08-22T21:33:10.4853819Z Leader [vllm-deepseek-v3-2t-mtp2-pd-89246a-0] phase=Pending ready=
2026-08-22T21:33:12.6618153Z Worker [vllm-deepseek-v3-2t-mtp2-pd-89246a-0-1] phase=Pending ready=
2026-08-22T21:33:12.7979323Z Leader [vllm-deepseek-v3-2t-mtp2-pd-89246a-0] phase=Pending ready=
2026-08-22T21:33:14.9507660Z Worker [vllm-deepseek-v3-2t-mtp2-pd-89246a-0-1] phase=Pending ready=
2026-08-22T21:33:15.1165490Z Leader [vllm-deepseek-v3-2t-mtp2-pd-89246a-0] phase=Pending ready=
2026-08-22T21:33:17.2701656Z Worker [vllm-deepseek-v3-2t-mtp2-pd-89246a-0-1] phase=Pending ready=true
2026-08-22T21:33:17.4058650Z Leader [vllm-deepseek-v3-2t-mtp2-pd-89246a-0] phase=Pending ready=
2026-08-22T21:33:19.5458671Z Worker [vllm-deepseek-v3-2t-mtp2-pd-89246a-0-1] phase=Running ready=true
2026-08-22T21:33:19.6926445Z Worker [vllm-deepseek-v3-2t-mtp2-pd-89246a-0-2] phase=Pending ready=false
2026-08-22T21:33:19.8268534Z Leader [vllm-deepseek-v3-2t-mtp2-pd-89246a-0] phase=Pending ready=
2026-08-22T21:33:21.9695589Z Worker [vllm-deepseek-v3-2t-mtp2-pd-89246a-0-1] phase=Running ready=true
2026-08-22T21:33:22.1224120Z Worker [vllm-deepseek-v3-2t-mtp2-pd-89246a-0-2] phase=Running ready=true
2026-08-22T21:33:22.2513700Z Worker [vllm-deepseek-v3-2t-mtp2-pd-89246a-0-3] phase=Running ready=true
2026-08-22T21:33:22.3998783Z Leader [vllm-deepseek-v3-2t-mtp2-pd-89246a-0] phase=Running ready=true
2026-08-22T21:33:22.3999257Z All pods are Running and Ready.
2026-08-22T21:33:22.9395159Z ##[group]Run set -euo pipefail
2026-08-22T21:33:22.9395558Z [36;1mset -euo pipefail[0m
2026-08-22T21:33:22.9395832Z [36;1m[0m
2026-08-22T21:33:22.9396196Z [36;1msize="4"[0m
2026-08-22T21:33:22.9396493Z [36;1mpids=()[0m
2026-08-22T21:33:22.9396722Z [36;1m[0m
2026-08-22T21:33:22.9396955Z [36;1mcleanup() {[0m
2026-08-22T21:33:22.9397270Z [36;1m  echo "Cleaning up background log streams..."[0m
2026-08-22T21:33:22.9397649Z [36;1m  for pid in "${pids[@]}"; do[0m
2026-08-22T21:33:22.9397971Z [36;1m    kill "$pid" 2>/dev/null || true[0m
2026-08-22T21:33:22.9398278Z [36;1m  done[0m
2026-08-22T21:33:22.9398523Z [36;1m}[0m
2026-08-22T21:33:22.9398754Z [36;1mtrap cleanup EXIT[0m
2026-08-22T21:33:22.9399009Z [36;1m[0m
2026-08-22T21:33:22.9399262Z [36;1mfor i in $(seq 0 $((size - 1))); do[0m
2026-08-22T21:33:22.9399584Z [36;1m  if [ "${i}" -eq 0 ]; then[0m
2026-08-22T21:33:22.9399888Z [36;1m    POD="${LWS_NAME}-0"[0m
2026-08-22T21:33:22.9400210Z [36;1m  else[0m
2026-08-22T21:33:22.9400455Z [36;1m    POD="${LWS_NAME}-0-${i}"[0m
2026-08-22T21:33:22.9400734Z [36;1m  fi[0m
2026-08-22T21:33:22.9401054Z [36;1m  echo "==== Collecting logs from worker pod: $POD ===="[0m
2026-08-22T21:33:22.9401470Z [36;1m  kubectl logs -f "$POD" -n "$NAMESPACE" \[0m
2026-08-22T21:33:22.9401839Z [36;1m    > "/tmp/${POD}_logs.txt" 2>&1 &[0m
2026-08-22T21:33:22.9402138Z [36;1m[0m
2026-08-22T21:33:22.9402361Z [36;1m  pids+=($!)[0m
2026-08-22T21:33:22.9402609Z [36;1mdone[0m
2026-08-22T21:33:22.9402824Z [36;1m[0m
2026-08-22T21:33:22.9403048Z [36;1mLEADER_TMP=$(mktemp)[0m
2026-08-22T21:33:22.9403641Z [36;1mkubectl logs -f "$LEADER_POD" -n "$NAMESPACE" | tee "$LEADER_TMP" | while IFS= read -r line; do[0m
2026-08-22T21:33:22.9404147Z [36;1m  echo "$line"[0m
2026-08-22T21:33:22.9404469Z [36;1m  if echo "$line" | grep -q "$FAIL_TAG"; then[0m
2026-08-22T21:33:22.9404801Z [36;1m    exit 1[0m
2026-08-22T21:33:22.9405038Z [36;1m  fi[0m
2026-08-22T21:33:22.9405274Z [36;1mdone[0m
2026-08-22T21:33:22.9405488Z [36;1m[0m
2026-08-22T21:33:22.9405711Z [36;1meval "$(awk '[0m
2026-08-22T21:33:22.9406037Z [36;1m  /^vLLM Git information$/        { sec="vllm"; next }[0m
2026-08-22T21:33:22.9406658Z [36;1m  /^vLLM-Ascend Git information$/ { sec="vllm_ascend"; next }[0m
2026-08-22T21:33:22.9407083Z [36;1m  sec && /^Commit hash: / {[0m
2026-08-22T21:33:22.9407394Z [36;1m    print "HASH_" sec "=" $NF[0m
2026-08-22T21:33:22.9407696Z [36;1m    sec=""[0m
2026-08-22T21:33:22.9407931Z [36;1m  }[0m
2026-08-22T21:33:22.9408185Z [36;1m' "$LEADER_TMP")"[0m
2026-08-22T21:33:22.9408536Z [36;1mecho "vllm_hash=${HASH_vllm:-N/A}" >> "$GITHUB_OUTPUT"[0m
2026-08-22T21:33:22.9409029Z [36;1mecho "vllm_ascend_hash=${HASH_vllm_ascend:-N/A}" >> "$GITHUB_OUTPUT"[0m
2026-08-22T21:33:22.9409450Z [36;1mrm -f "$LEADER_TMP"[0m
2026-08-22T21:33:22.9409821Z shell: bash -el {0}
2026-08-22T21:33:22.9410063Z env:
2026-08-22T21:33:22.9410339Z   LWS_NAME: vllm-deepseek-v3-2t-mtp2-pd-89246a
2026-08-22T21:33:22.9410730Z   LEADER_POD: vllm-deepseek-v3-2t-mtp2-pd-89246a-0
2026-08-22T21:33:22.9411215Z   LOG_PREFIX: /root/.cache/ascend-logs/main/vllm-deepseek-v3-2t-mtp2-pd-89246a
2026-08-22T21:33:22.9411698Z   FAIL_TAG: FAIL_TAG_DeepSeek_V3.2T_MTP2_PD.yaml
2026-08-22T21:33:22.9412012Z ##[endgroup]
2026-08-22T21:33:22.9508676Z ##[group]Run '/home/runner/k8s/index.js'
2026-08-22T21:33:22.9509624Z shell: /home/runner/externals/node20/bin/node {0}
2026-08-22T21:33:22.9509967Z ##[endgroup]
2026-08-22T21:33:23.3853657Z (node:933) [DEP0005] DeprecationWarning: Buffer() is deprecated due to security and usability issues. Please use the Buffer.alloc(), Buffer.allocUnsafe(), or Buffer.from() methods instead.
2026-08-22T21:33:23.3854851Z (Use `node --trace-deprecation ...` to show where the warning was created)
2026-08-22T21:33:24.1187645Z ==== Collecting logs from worker pod: vllm-deepseek-v3-2t-mtp2-pd-89246a-0 ====
2026-08-22T21:33:24.1188582Z ==== Collecting logs from worker pod: vllm-deepseek-v3-2t-mtp2-pd-89246a-0-1 ====
2026-08-22T21:33:24.1189189Z ==== Collecting logs from worker pod: vllm-deepseek-v3-2t-mtp2-pd-89246a-0-2 ====
2026-08-22T21:33:24.1189774Z ==== Collecting logs from worker pod: vllm-deepseek-v3-2t-mtp2-pd-89246a-0-3 ====
2026-08-22T21:33:39.8209611Z ====> Check NPU info
2026-08-22T21:33:41.2782870Z +------------------------------------------------------------------------------------------------+
2026-08-22T21:33:41.2798153Z | npu-smi 25.5.2                   Version: 25.5.2                                               |
2026-08-22T21:33:41.2811064Z +---------------------------+---------------+----------------------------------------------------+
2026-08-22T21:33:41.2823883Z | NPU   Name                | Health        | Power(W)    Temp(C)           Hugepages-Usage(page)|
2026-08-22T21:33:41.2836033Z | Chip  Phy-ID              | Bus-Id        | AICore(%)   Memory-Usage(MB)  HBM-Usage(MB)        |
2026-08-22T21:33:41.2849289Z +===========================+===============+====================================================+
2026-08-22T21:33:41.2861160Z | 0     Ascend910           | OK            | 166.0       37                0    / 0             |
2026-08-22T21:33:41.2873555Z | 0     0                   | 0000:9D:00.0  | 0           0    / 0          3164 / 65536         |
2026-08-22T21:33:41.2886336Z +------------------------------------------------------------------------------------------------+
2026-08-22T21:33:41.2898209Z | 0     Ascend910           | OK            | -           36                0    / 0             |
2026-08-22T21:33:41.2909695Z | 1     1                   | 0000:9F:00.0  | 0           0    / 0          2895 / 65536         |
2026-08-22T21:33:41.2921738Z +===========================+===============+====================================================+
2026-08-22T21:33:41.2933745Z | 1     Ascend910           | OK            | 168.9       37                0    / 0             |
2026-08-22T21:33:41.2945075Z | 0     2                   | 0000:99:00.0  | 0           0    / 0          3161 / 65536         |
2026-08-22T21:33:41.2957828Z +------------------------------------------------------------------------------------------------+
2026-08-22T21:33:41.2968970Z | 1     Ascend910           | OK            | -           37                0    / 0             |
2026-08-22T21:33:41.2980995Z | 1     3                   | 0000:9B:00.0  | 0           0    / 0          2900 / 65536         |
2026-08-22T21:33:41.2993104Z +===========================+===============+====================================================+
2026-08-22T21:33:41.3004758Z | 2     Ascend910           | OK            | 169.2       37                0    / 0             |
2026-08-22T21:33:41.3017485Z | 0     4                   | 0000:95:00.0  | 0           0    / 0          3153 / 65536         |
2026-08-22T21:33:41.3028449Z +------------------------------------------------------------------------------------------------+
2026-08-22T21:33:41.3040337Z | 2     Ascend910           | OK            | -           36                0    / 0             |
2026-08-22T21:33:41.3052085Z | 1     5                   | 0000:97:00.0  | 0           0    / 0          2901 / 65536         |
2026-08-22T21:33:41.3064080Z +===========================+===============+====================================================+
2026-08-22T21:33:41.3075453Z | 3     Ascend910           | OK            | 169.3       36                0    / 0             |
2026-08-22T21:33:41.3087813Z | 0     6                   | 0000:91:00.0  | 0           0    / 0          3156 / 65536         |
2026-08-22T21:33:41.3099624Z +------------------------------------------------------------------------------------------------+
2026-08-22T21:33:41.3112109Z | 3     Ascend910           | OK            | -           37                0    / 0             |
2026-08-22T21:33:41.3123435Z | 1     7                   | 0000:93:00.0  | 0           0    / 0          2902 / 65536         |
2026-08-22T21:33:41.3134318Z +===========================+===============+====================================================+
2026-08-22T21:33:41.3145692Z | 4     Ascend910           | OK            | 170.3       36                0    / 0             |
2026-08-22T21:33:41.3158164Z | 0     8                   | 0000:8D:00.0  | 0           0    / 0          3157 / 65536         |
2026-08-22T21:33:41.3169822Z +------------------------------------------------------------------------------------------------+
2026-08-22T21:33:41.3182000Z | 4     Ascend910           | OK            | -           37                0    / 0             |
2026-08-22T21:33:41.3194226Z | 1     9                   | 0000:8F:00.0  | 0           0    / 0          2899 / 65536         |
2026-08-22T21:33:41.3204815Z +===========================+===============+====================================================+
2026-08-22T21:33:41.3215966Z | 5     Ascend910           | OK            | 163.5       35                0    / 0             |
2026-08-22T21:33:41.3227274Z | 0     10                  | 0000:89:00.0  | 0           0    / 0          3162 / 65536         |
2026-08-22T21:33:41.3240477Z +------------------------------------------------------------------------------------------------+
2026-08-22T21:33:41.3251531Z | 5     Ascend910           | OK            | -           35                0    / 0             |
2026-08-22T21:33:41.3262996Z | 1     11                  | 0000:8B:00.0  | 0           0    / 0          2899 / 65536         |
2026-08-22T21:33:41.5872390Z +===========================+===============+====================================================+
2026-08-22T21:33:41.5882728Z | 6     Ascend910           | OK            | 171.1       36                0    / 0             |
2026-08-22T21:33:41.5895125Z | 0     12                  | 0000:85:00.0  | 0           0    / 0          3154 / 65536         |
2026-08-22T21:33:41.5906252Z +------------------------------------------------------------------------------------------------+
2026-08-22T21:33:41.5930839Z | 6     Ascend910           | OK            | -           36                0    / 0             |
2026-08-22T21:33:41.5931347Z | 1     13                  | 0000:87:00.0  | 0           0    / 0          2895 / 65536         |
2026-08-22T21:33:41.5939805Z +===========================+===============+====================================================+
2026-08-22T21:33:41.5951337Z | 7     Ascend910           | OK            | 169.8       36                0    / 0             |
2026-08-22T21:33:41.5961774Z | 0     14                  | 0000:81:00.0  | 0           0    / 0          3152 / 65536         |
2026-08-22T21:33:41.5973089Z +------------------------------------------------------------------------------------------------+
2026-08-22T21:33:41.5984481Z | 7     Ascend910           | OK            | -           36                0    / 0             |
2026-08-22T21:33:41.5996347Z | 1     15                  | 0000:83:00.0  | 0           0    / 0          2894 / 65536         |
2026-08-22T21:33:41.6006937Z +===========================+===============+====================================================+
2026-08-22T21:33:41.6017358Z +---------------------------+---------------+----------------------------------------------------+
2026-08-22T21:33:41.6029535Z | NPU     Chip              | Process id    | Process name             | Process memory(MB)      |
2026-08-22T21:33:41.6040624Z +===========================+===============+====================================================+
2026-08-22T21:33:41.6052101Z | No running processes found in NPU 0                                                            |
2026-08-22T21:33:41.6062613Z +===========================+===============+====================================================+
2026-08-22T21:33:41.6074031Z | No running processes found in NPU 1                                                            |
2026-08-22T21:33:41.6085785Z +===========================+===============+====================================================+
2026-08-22T21:33:41.6096968Z | No running processes found in NPU 2                                                            |
2026-08-22T21:33:41.6107519Z +===========================+===============+====================================================+
2026-08-22T21:33:41.6119620Z | No running processes found in NPU 3                                                            |
2026-08-22T21:33:41.6130908Z +===========================+===============+====================================================+
2026-08-22T21:33:41.6141663Z | No running processes found in NPU 4                                                            |
2026-08-22T21:33:41.6152871Z +===========================+===============+====================================================+
2026-08-22T21:33:41.6164365Z | No running processes found in NPU 5                                                            |
2026-08-22T21:33:41.6175309Z +===========================+===============+====================================================+
2026-08-22T21:33:41.6186137Z | No running processes found in NPU 6                                                            |
2026-08-22T21:33:41.6197250Z +===========================+===============+====================================================+
2026-08-22T21:33:41.6208453Z | No running processes found in NPU 7                                                            |
2026-08-22T21:33:41.6218963Z +===========================+===============+====================================================+
2026-08-22T21:33:41.6230512Z package_name=Ascend-cann-toolkit
2026-08-22T21:33:41.6241806Z version=9.1.0
2026-08-22T21:33:41.6252157Z innerversion=V100R001C25B114
2026-08-22T21:33:41.6262933Z compatible_version=[V100R001C15],[V100R001C21],[V100R001C23],[V100R001C10]
2026-08-22T21:33:41.6274676Z arch=aarch64
2026-08-22T21:33:41.6285375Z os=linux
2026-08-22T21:33:41.6295789Z path=/usr/local/Ascend/cann-9.1.0
2026-08-22T21:33:41.6306786Z 
2026-08-22T21:33:41.6318741Z [0;34m=== Clearing logs from previous runs ===[0m
2026-08-22T21:33:41.6329038Z ====> Configure mirrors and git proxy
2026-08-22T21:33:41.8654748Z Writing to /root/.config/pip/pip.conf
2026-08-22T21:33:41.8979402Z Installed vLLM-related Python packages:
2026-08-22T21:33:42.7460852Z ais_bench_benchmark                      3.1.20260609                 /vllm-workspace/vllm-ascend/benchmark
2026-08-22T21:33:42.7473441Z vllm                                     0.27.1+empty                 /vllm-workspace/vllm
2026-08-22T21:33:42.7485922Z vllm_ascend                              0.19.1rc2.dev1636+ga348d4e23 /vllm-workspace/vllm-ascend
2026-08-22T21:33:42.7497098Z 
2026-08-22T21:33:42.7508544Z ============================
2026-08-22T21:33:42.7520167Z vLLM Git information
2026-08-22T21:33:42.7530549Z ============================
2026-08-22T21:33:42.7566266Z Branch:      HEAD
2026-08-22T21:33:42.7577805Z Commit hash: 6e448d0ea9bf3d88d898b65449ca6dc2aec170ac
2026-08-22T21:33:42.7682732Z Author:      khluu <khluu000@gmail.com>
2026-08-22T21:33:42.7707185Z Date:        2026-08-11 01:12:11 -0700
2026-08-22T21:33:42.7737180Z Message:     [CI] Limit Arctic import check to x86 test images
2026-08-22T21:33:42.7762138Z Tags:        v0.27.1
2026-08-22T21:33:42.7794928Z Remote:      origin	https://ghfast.top/https://github.com/vllm-project/vllm.git (fetch)
2026-08-22T21:33:42.7805655Z 
2026-08-22T21:33:42.7816715Z 
2026-08-22T21:33:42.7826713Z ============================
2026-08-22T21:33:42.7838138Z vLLM-Ascend Git information
2026-08-22T21:33:42.7848813Z ============================
2026-08-22T21:33:42.7872721Z Branch:      HEAD
2026-08-22T21:33:42.7897461Z Commit hash: a348d4e23c131b8c2d3f4233cd910b340260d7c4
2026-08-22T21:33:42.7970000Z Author:      jack <QwertyJack@users.noreply.github.com>
2026-08-22T21:33:42.7995106Z Date:        2026-08-22 19:34:51 +0800
2026-08-22T21:33:42.8040458Z Message:     [BugFix][Model] Propagate DeepSeek V4 routed SwiGLU limit (#14398)
2026-08-22T21:33:42.8520250Z Tags:        
2026-08-22T21:33:42.8544886Z Remote:      origin	https://ghfast.top/https://github.com/vllm-project/vllm-ascend.git (fetch)
2026-08-22T21:33:42.8555461Z 
2026-08-22T21:33:42.8567483Z ====> Check triton ascend info
2026-08-22T21:33:43.2989865Z Ubuntu clang version 15.0.7
2026-08-22T21:33:43.3005289Z Target: aarch64-unknown-linux-gnu
2026-08-22T21:33:43.3017776Z Thread model: posix
2026-08-22T21:33:43.3032585Z InstalledDir: /usr/bin
2026-08-22T21:33:43.3048577Z Found candidate GCC installation: /usr/bin/../lib/gcc/aarch64-linux-gnu/13
2026-08-22T21:33:43.3061332Z Selected GCC installation: /usr/bin/../lib/gcc/aarch64-linux-gnu/13
2026-08-22T21:33:43.3073567Z Candidate multilib: .;@m64
2026-08-22T21:33:43.3086593Z Selected multilib: .;@m64
2026-08-22T21:33:43.3173501Z /usr/local/Ascend/cann-9.1.0/tools/bishengir/bin/bishengir-compile
2026-08-22T21:33:43.8480931Z Name: triton_ascend
2026-08-22T21:33:43.8506524Z Version: 3.2.2
2026-08-22T21:33:43.8518352Z Summary: A language and compiler for custom Deep Learning operations
2026-08-22T21:33:43.8530354Z Home-page: https://gitcode.com/Ascend/triton-ascend/
2026-08-22T21:33:43.8540670Z Author: Philippe Tillet
2026-08-22T21:33:43.8552412Z Author-email: phil@openai.com
2026-08-22T21:33:43.8563306Z License: 
2026-08-22T21:33:43.8574226Z Location: /usr/local/python3.12.13/lib/python3.12/site-packages
2026-08-22T21:33:43.8585544Z Requires: attrs, decorator, numpy, pandas, psutil, pybind11, pytest, pytest-xdist, pyyaml, scipy, triton
2026-08-22T21:33:43.8595391Z Required-by: vllm_ascend
2026-08-22T21:33:47.9306301Z ====> Run pytest entry: tests/e2e/nightly/multi_node/external_dp/scripts/test_external_dp.py
2026-08-22T21:34:04.5767680Z INFO 08-22 21:34:04 [__init__.py:52] Available plugins for group vllm.platform_plugins:
2026-08-22T21:34:04.5835512Z INFO 08-22 21:34:04 [__init__.py:54] - ascend -> vllm_ascend:register
2026-08-22T21:34:04.5837015Z INFO 08-22 21:34:04 [__init__.py:57] All plugins in this group will be loaded. Set `VLLM_PLUGINS` to control which plugins to load.
2026-08-22T21:34:04.6296621Z INFO 08-22 21:34:04 [__init__.py:237] Platform plugin ascend is activated
2026-08-22T21:34:04.6686732Z INFO 08-22 21:34:04 [platform.py:59] Breakable cudagraph is force disabled on Ascend because DeepSeek V4 PIECEWISE cudagraph is not supported yet.
2026-08-22T21:34:08.6946343Z [2026-08-22 21:34:08] [INFO] get env TORCHINDUCTOR_CACHE_DIR = /tmp/torchinductor_root
2026-08-22T21:34:21.2901922Z [2026-08-22 21:34:21] [INFO] Patched Eagle3LlamaForCausalLM and Eagle3DeepseekV2ForCausalLM __init__ to use get_total_num_hidden_layers() for target_layer_num.
2026-08-22T21:34:21.3613369Z /usr/local/python3.12.13/lib/python3.12/site-packages/pytest_asyncio/plugin.py:247: PytestDeprecationWarning: The configuration option "asyncio_default_fixture_loop_scope" is unset.
2026-08-22T21:34:21.3626808Z The event loop scope for asynchronous fixtures will default to the fixture caching scope. Future versions of pytest-asyncio will default the loop scope for asynchronous fixtures to function scope. Set the default fixture loop scope explicitly in order to avoid unexpected behavior in the future. Valid fixture loop scopes are: "function", "class", "module", "package", "session"
2026-08-22T21:34:21.3636625Z 
2026-08-22T21:34:21.3648956Z   warnings.warn(PytestDeprecationWarning(_DEFAULT_FIXTURE_LOOP_SCOPE_UNSET))
2026-08-22T21:34:21.3684543Z [2026-08-22 21:34:21.366873][UC][W] Current platform npu does not have '_pytestfixturefunction' attribute. [161,161][interface.py:1145,__getattr__]
2026-08-22T21:34:21.3737556Z ============================= test session starts ==============================
2026-08-22T21:34:21.3750407Z platform linux -- Python 3.12.13, pytest-8.3.2, pluggy-1.6.0 -- /usr/local/python3.12.13/bin/python3
2026-08-22T21:34:21.3761811Z cachedir: .pytest_cache
2026-08-22T21:34:21.3774501Z rootdir: /vllm-workspace/vllm-ascend
2026-08-22T21:34:21.3785929Z configfile: pyproject.toml
2026-08-22T21:34:21.3798274Z plugins: asyncio-1.3.0, mock-3.15.1, cov-7.1.0, xdist-3.6.1, anyio-4.14.2
2026-08-22T21:34:21.3809964Z asyncio: mode=Mode.STRICT, debug=False, asyncio_default_fixture_loop_scope=None, asyncio_default_test_loop_scope=function
2026-08-22T21:34:21.4405946Z collecting ... [2026-08-22 21:34:21] [INFO] get env BENCHMARK_HOME = /vllm-workspace/vllm-ascend/benchmark
2026-08-22T21:34:21.4424334Z collected 1 item
2026-08-22T21:34:21.4435596Z 
2026-08-22T21:34:21.4452461Z tests/e2e/nightly/multi_node/external_dp/scripts/test_external_dp.py::test_external_dp [2026-08-22 21:34:21] [INFO] get env CONFIG_YAML_PATH = DeepSeek_V3.2T_MTP2_PD.yaml
2026-08-22T21:34:21.4459676Z [2026-08-22 21:34:21] [INFO] get env CONFIG_BASE_PATH = tests/e2e/weekly/multi_node/external_dp/config
2026-08-22T21:34:21.4470913Z [2026-08-22 21:34:21] [INFO] Loading external DP config yaml: tests/e2e/weekly/multi_node/external_dp/config/DeepSeek_V3.2T_MTP2_PD.yaml
2026-08-22T21:34:21.4584314Z [2026-08-22 21:34:21] [INFO] Resolving external DP cluster IPs via LWS DNS
2026-08-22T21:34:21.4596493Z [2026-08-22 21:34:21] [INFO] get env LWS_LEADER_ADDRESS = vllm-deepseek-v3-2t-mtp2-pd-89246a-0.vllm-deepseek-v3-2t-mtp2-pd-89246a.vllm-project
2026-08-22T21:34:21.4703024Z [2026-08-22 21:34:21] [INFO] get env LWS_WORKER_INDEX = 0
2026-08-22T21:34:21.4713585Z [2026-08-22 21:34:21] [INFO] Starting 1 external DP ranks on node 0
2026-08-22T21:34:21.4748798Z [2026-08-22 21:34:21] [INFO] External DP server command node=0 rank=0: ACL_OP_INIT_MODE=1 ASCEND_A3_ENABLE=1 ASCEND_LOG_DEVICE_FLUSH_TIMEOUT=0 ASCEND_RT_VISIBLE_DEVICES=0,1,2,3,4,5,6,7,8,9,10,11,12,13,14,15 ASCEND_TRANSPORT_PRINT=1 GLOO_SOCKET_IFNAME=eth0 HCCL_BUFFSIZE=360 HCCL_CONNECT_TIMEOUT=400 HCCL_EXEC_TIMEOUT=204 HCCL_IF_IP=10.0.0.139 HCCL_OP_EXPANSION_MODE=AIV HCCL_SOCKET_IFNAME=eth0 LD_LIBRARY_PATH=/usr/local/Ascend/ascend-toolkit/latest/python/site-packages/mooncake:/usr/local/python3.12.13/lib/python3.12/site-packages/cv2/../../lib64:/usr/local/Ascend/nnal/atb/latest/atb/cxx_abi_1/lib:/usr/local/Ascend/nnal/atb/latest/atb/cxx_abi_1/examples:/usr/local/Ascend/nnal/atb/latest/atb/cxx_abi_1/tests/atbopstest:/usr/local/Ascend/cann-9.1.0/lib64:/usr/local/Ascend/cann-9.1.0/lib64/plugin/opskernel:/usr/local/Ascend/cann-9.1.0/lib64/plugin/nnengine:/usr/local/Ascend/cann-9.1.0/opp/built-in/op_impl/ai_core/tbe/op_tiling/lib/linux/aarch64:/usr/local/Ascend/driver/lib64:/usr/local/Ascend/driver/lib64/common:/usr/local/Ascend/driver/lib64/driver:/usr/local/lib:/usr/local/Ascend/ascend-toolkit/latest/python/site-packages:/usr/local/Ascend/driver/lib64:/usr/local/Ascend/driver/lib64/common:/usr/local/Ascend/driver/lib64/driver:/usr/local/Ascend/nnal/atb/latest/atb/cxx_abi_1/lib:/usr/local/Ascend/nnal/atb/latest/atb/cxx_abi_1/examples:/usr/local/Ascend/nnal/atb/latest/atb/cxx_abi_1/tests/atbopstest:/usr/local/Ascend/ascend-toolkit/latest/tools/aml/lib64:/usr/local/Ascend/ascend-toolkit/latest/tools/aml/lib64/plugin:/usr/local/Ascend/ascend-toolkit/latest/lib64:/usr/local/Ascend/ascend-toolkit/latest/lib64/plugin/opskernel:/usr/local/Ascend/ascend-toolkit/latest/lib64/plugin/nnengine:/usr/local/Ascend/ascend-toolkit/latest/opp/built-in/op_impl/ai_core/tbe/op_tiling:/usr/local/python3.12.13/lib: LOCAL_IP=10.0.0.139 MASTER_IP=10.0.0.139 NIC_NAME=eth0 OMP_NUM_THREADS=10 OMP_PROC_BIND=false PYTORCH_NPU_ALLOC_CONF=expandable_segments:True SERVER_PORT=7100 TASK_QUEUE_ENABLE=1 TP_SOCKET_IFNAME=eth0 VLLM_ASCEND_ENABLE_FUSED_MC2=1 VLLM_EXECUTE_MODEL_TIMEOUT_SECONDS=30000 VLLM_NIXL_ABORT_REQUEST_TIMEOUT=300000 VLLM_RPC_TIMEOUT=3600000 VLLM_USE_MODELSCOPE=true VLLM_USE_V1=1 vllm serve vllm-ascend/DeepSeek-V3.2-W8A8 --host 0.0.0.0 --port 7100 --data-parallel-size 2 --data-parallel-rank 0 --data-parallel-address 10.0.0.139 --data-parallel-rpc-port 12321 --tensor-parallel-size 16 --enable-expert-parallel --seed 1024 --max-model-len 70000 --max-num-batched-tokens 8192 --max-num-seqs 16 --enforce-eager --trust-remote-code --gpu-memory-utilization 0.9 --quantization ascend --no-enable-prefix-caching --tokenizer-mode deepseek_v32 --reasoning-parser deepseek_v3 --speculative-config '{"method": "deepseek_mtp", "num_speculative_tokens": 2}' --kv-transfer-config '{"kv_connector": "MooncakeConnectorV1", "kv_role": "kv_producer", "kv_port": "30000", "engine_id": "0", "kv_connector_extra_config": {"prefill": {"dp_size": 2, "tp_size": 16}, "decode": {"dp_size": 8, "tp_size": 4}}}'
2026-08-22T21:34:21.4980718Z [2026-08-22 21:34:21] [INFO] Polling external DP ranks: ready=0/1
2026-08-22T21:34:21.4991525Z   node=0 rank=0 role=prefiller url=http://10.0.0.139:7100/health status=waiting
2026-08-22T21:34:51.5012424Z [2026-08-22 21:34:51] [INFO] Polling external DP ranks: ready=0/1
2026-08-22T21:34:51.5027141Z   node=0 rank=0 role=prefiller url=http://10.0.0.139:7100/health status=waiting
2026-08-22T21:35:21.5038973Z [2026-08-22 21:35:21] [INFO] Polling external DP ranks: ready=0/1
2026-08-22T21:35:21.5100467Z   node=0 rank=0 role=prefiller url=http://10.0.0.139:7100/health status=waiting
2026-08-22T21:35:51.5069727Z [2026-08-22 21:35:51] [INFO] Polling external DP ranks: ready=0/1
2026-08-22T21:35:51.5199730Z   node=0 rank=0 role=prefiller url=http://10.0.0.139:7100/health status=waiting
2026-08-22T21:36:21.5094950Z [2026-08-22 21:36:21] [INFO] Polling external DP ranks: ready=0/1
2026-08-22T21:36:21.5109128Z   node=0 rank=0 role=prefiller url=http://10.0.0.139:7100/health status=waiting
2026-08-22T21:36:51.5121374Z [2026-08-22 21:36:51] [INFO] Polling external DP ranks: ready=0/1
2026-08-22T21:36:51.5134170Z   node=0 rank=0 role=prefiller url=http://10.0.0.139:7100/health status=waiting
2026-08-22T21:37:21.5147649Z [2026-08-22 21:37:21] [INFO] Polling external DP ranks: ready=0/1
2026-08-22T21:37:21.5164034Z   node=0 rank=0 role=prefiller url=http://10.0.0.139:7100/health status=waiting
2026-08-22T21:37:51.5175988Z [2026-08-22 21:37:51] [INFO] Polling external DP ranks: ready=0/1
2026-08-22T21:37:51.5188561Z   node=0 rank=0 role=prefiller url=http://10.0.0.139:7100/health status=waiting
2026-08-22T21:38:21.5202077Z [2026-08-22 21:38:21] [INFO] Polling external DP ranks: ready=0/1
2026-08-22T21:38:21.5214906Z   node=0 rank=0 role=prefiller url=http://10.0.0.139:7100/health status=waiting
2026-08-22T21:38:51.5227694Z [2026-08-22 21:38:51] [INFO] Polling external DP ranks: ready=0/1
2026-08-22T21:38:51.5240725Z   node=0 rank=0 role=prefiller url=http://10.0.0.139:7100/health status=waiting
2026-08-22T21:39:21.5252222Z [2026-08-22 21:39:21] [INFO] Polling external DP ranks: ready=0/1
2026-08-22T21:39:21.5264904Z   node=0 rank=0 role=prefiller url=http://10.0.0.139:7100/health status=waiting
2026-08-22T21:39:51.5280458Z [2026-08-22 21:39:51] [INFO] Polling external DP ranks: ready=0/1
2026-08-22T21:39:51.5294084Z   node=0 rank=0 role=prefiller url=http://10.0.0.139:7100/health status=waiting
2026-08-22T21:40:21.5345032Z [2026-08-22 21:40:21] [INFO] Polling external DP ranks: ready=0/1
2026-08-22T21:40:21.5346835Z   node=0 rank=0 role=prefiller url=http://10.0.0.139:7100/health status=waiting
2026-08-22T21:40:51.5335203Z [2026-08-22 21:40:51] [INFO] Polling external DP ranks: ready=0/1
2026-08-22T21:40:51.5357458Z   node=0 rank=0 role=prefiller url=http://10.0.0.139:7100/health status=waiting
2026-08-22T21:41:21.5361642Z [2026-08-22 21:41:21] [INFO] Polling external DP ranks: ready=0/1
2026-08-22T21:41:21.5375164Z   node=0 rank=0 role=prefiller url=http://10.0.0.139:7100/health status=waiting
2026-08-22T21:41:51.5388168Z [2026-08-22 21:41:51] [INFO] Polling external DP ranks: ready=0/1
2026-08-22T21:41:51.5404088Z   node=0 rank=0 role=prefiller url=http://10.0.0.139:7100/health status=waiting
2026-08-22T21:42:21.5416592Z [2026-08-22 21:42:21] [INFO] Polling external DP ranks: ready=0/1
2026-08-22T21:42:21.5431172Z   node=0 rank=0 role=prefiller url=http://10.0.0.139:7100/health status=waiting
2026-08-22T21:42:51.5444350Z [2026-08-22 21:42:51] [INFO] Polling external DP ranks: ready=0/1
2026-08-22T21:42:51.5457515Z   node=0 rank=0 role=prefiller url=http://10.0.0.139:7100/health status=waiting
2026-08-22T21:43:21.5467875Z [2026-08-22 21:43:21] [INFO] Polling external DP ranks: ready=0/1
2026-08-22T21:43:21.5483814Z   node=0 rank=0 role=prefiller url=http://10.0.0.139:7100/health status=waiting
2026-08-22T21:43:51.5495261Z [2026-08-22 21:43:51] [INFO] Polling external DP ranks: ready=0/1
2026-08-22T21:43:51.5508680Z   node=0 rank=0 role=prefiller url=http://10.0.0.139:7100/health status=waiting
2026-08-22T21:44:21.5523944Z [2026-08-22 21:44:21] [INFO] Polling external DP ranks: ready=0/1
2026-08-22T21:44:21.5536689Z   node=0 rank=0 role=prefiller url=http://10.0.0.139:7100/health status=waiting
2026-08-22T21:44:51.5551409Z [2026-08-22 21:44:51] [INFO] Polling external DP ranks: ready=0/1
2026-08-22T21:44:51.5566450Z   node=0 rank=0 role=prefiller url=http://10.0.0.139:7100/health status=waiting
2026-08-22T21:45:21.5579177Z [2026-08-22 21:45:21] [INFO] Polling external DP ranks: ready=0/1
2026-08-22T21:45:21.5592991Z   node=0 rank=0 role=prefiller url=http://10.0.0.139:7100/health status=waiting
2026-08-22T21:45:51.5613182Z [2026-08-22 21:45:51] [INFO] Polling external DP ranks: ready=0/1
2026-08-22T21:45:51.5633482Z   node=0 rank=0 role=prefiller url=http://10.0.0.139:7100/health status=waiting
2026-08-22T21:46:21.5636523Z [2026-08-22 21:46:21] [INFO] Polling external DP ranks: ready=0/1
2026-08-22T21:46:21.5649648Z   node=0 rank=0 role=prefiller url=http://10.0.0.139:7100/health status=waiting
2026-08-22T21:46:51.5717655Z [2026-08-22 21:46:51] [INFO] Polling external DP ranks: ready=0/1
2026-08-22T21:46:51.5718273Z   node=0 rank=0 role=prefiller url=http://10.0.0.139:7100/health status=waiting
2026-08-22T21:47:11.5705122Z [2026-08-22 21:47:11] [INFO] [READY] External DP rank node=0 rank=0 role=prefiller url=http://10.0.0.139:7100/health
2026-08-22T21:47:11.5729822Z [2026-08-22 21:47:11] [INFO] External DP proxy launched: http://10.0.0.139:1999/healthcheck
2026-08-22T21:47:11.5747485Z [2026-08-22 21:47:11] [INFO] [READY] External DP rank node=0 rank=0 role=prefiller url=http://10.0.0.139:7100/health
2026-08-22T21:47:11.5756616Z [2026-08-22 21:47:11] [INFO] [READY] External DP rank node=1 rank=0 role=prefiller url=http://10.0.0.111:7100/health
2026-08-22T21:47:11.5830267Z [2026-08-22 21:47:11] [INFO] Polling external DP ranks: ready=2/10
2026-08-22T21:47:11.5844642Z   node=0 rank=0 role=prefiller url=http://10.0.0.139:7100/health status=ready
2026-08-22T21:47:11.5855034Z   node=1 rank=0 role=prefiller url=http://10.0.0.111:7100/health status=ready
2026-08-22T21:47:11.5866569Z   node=2 rank=0 role=decoder url=http://10.0.0.164:7100/health status=waiting
2026-08-22T21:47:11.5879589Z   node=2 rank=1 role=decoder url=http://10.0.0.164:7101/health status=waiting
2026-08-22T21:47:11.5891333Z   node=2 rank=2 role=decoder url=http://10.0.0.164:7102/health status=waiting
2026-08-22T21:47:11.5904426Z   node=2 rank=3 role=decoder url=http://10.0.0.164:7103/health status=waiting
2026-08-22T21:47:11.5914910Z   node=3 rank=0 role=decoder url=http://10.0.0.51:7100/health status=waiting
2026-08-22T21:47:11.5926535Z   node=3 rank=1 role=decoder url=http://10.0.0.51:7101/health status=waiting
2026-08-22T21:47:11.5938710Z   node=3 rank=2 role=decoder url=http://10.0.0.51:7102/health status=waiting
2026-08-22T21:47:11.5949458Z   node=3 rank=3 role=decoder url=http://10.0.0.51:7103/health status=waiting
2026-08-22T21:47:41.6298985Z [2026-08-22 21:47:41] [INFO] Polling external DP ranks: ready=2/10
2026-08-22T21:47:41.6312671Z   node=0 rank=0 role=prefiller url=http://10.0.0.139:7100/health status=ready
2026-08-22T21:47:41.6325355Z   node=1 rank=0 role=prefiller url=http://10.0.0.111:7100/health status=ready
2026-08-22T21:47:41.6337479Z   node=2 rank=0 role=decoder url=http://10.0.0.164:7100/health status=waiting
2026-08-22T21:47:41.6349130Z   node=2 rank=1 role=decoder url=http://10.0.0.164:7101/health status=waiting
2026-08-22T21:47:41.6361347Z   node=2 rank=2 role=decoder url=http://10.0.0.164:7102/health status=waiting
2026-08-22T21:47:41.6373176Z   node=2 rank=3 role=decoder url=http://10.0.0.164:7103/health status=waiting
2026-08-22T21:47:41.6385393Z   node=3 rank=0 role=decoder url=http://10.0.0.51:7100/health status=waiting
2026-08-22T21:47:41.6397569Z   node=3 rank=1 role=decoder url=http://10.0.0.51:7101/health status=waiting
2026-08-22T21:47:41.6409229Z   node=3 rank=2 role=decoder url=http://10.0.0.51:7102/health status=waiting
2026-08-22T21:47:41.6420711Z   node=3 rank=3 role=decoder url=http://10.0.0.51:7103/health status=waiting
2026-08-22T21:48:11.6750807Z [2026-08-22 21:48:11] [INFO] Polling external DP ranks: ready=2/10
2026-08-22T21:48:11.6758463Z   node=0 rank=0 role=prefiller url=http://10.0.0.139:7100/health status=ready
2026-08-22T21:48:11.6788943Z   node=1 rank=0 role=prefiller url=http://10.0.0.111:7100/health status=ready
2026-08-22T21:48:11.6790796Z   node=2 rank=0 role=decoder url=http://10.0.0.164:7100/health status=waiting
2026-08-22T21:48:11.6792371Z   node=2 rank=1 role=decoder url=http://10.0.0.164:7101/health status=waiting
2026-08-22T21:48:11.6803658Z   node=2 rank=2 role=decoder url=http://10.0.0.164:7102/health status=waiting
2026-08-22T21:48:11.6814711Z   node=2 rank=3 role=decoder url=http://10.0.0.164:7103/health status=waiting
2026-08-22T21:48:11.6826514Z   node=3 rank=0 role=decoder url=http://10.0.0.51:7100/health status=waiting
2026-08-22T21:48:11.6838135Z   node=3 rank=1 role=decoder url=http://10.0.0.51:7101/health status=waiting
2026-08-22T21:48:11.6849892Z   node=3 rank=2 role=decoder url=http://10.0.0.51:7102/health status=waiting
2026-08-22T21:48:11.6861695Z   node=3 rank=3 role=decoder url=http://10.0.0.51:7103/health status=waiting
2026-08-22T21:48:41.7181389Z [2026-08-22 21:48:41] [INFO] Polling external DP ranks: ready=2/10
2026-08-22T21:48:41.7197495Z   node=0 rank=0 role=prefiller url=http://10.0.0.139:7100/health status=ready
2026-08-22T21:48:41.7210185Z   node=1 rank=0 role=prefiller url=http://10.0.0.111:7100/health status=ready
2026-08-22T21:48:41.7222948Z   node=2 rank=0 role=decoder url=http://10.0.0.164:7100/health status=waiting
2026-08-22T21:48:41.7236444Z   node=2 rank=1 role=decoder url=http://10.0.0.164:7101/health status=waiting
2026-08-22T21:48:41.7248233Z   node=2 rank=2 role=decoder url=http://10.0.0.164:7102/health status=waiting
2026-08-22T21:48:41.7261379Z   node=2 rank=3 role=decoder url=http://10.0.0.164:7103/health status=waiting
2026-08-22T21:48:41.7273937Z   node=3 rank=0 role=decoder url=http://10.0.0.51:7100/health status=waiting
2026-08-22T21:48:41.7285967Z   node=3 rank=1 role=decoder url=http://10.0.0.51:7101/health status=waiting
2026-08-22T21:48:41.7298530Z   node=3 rank=2 role=decoder url=http://10.0.0.51:7102/health status=waiting
2026-08-22T21:48:41.7311777Z   node=3 rank=3 role=decoder url=http://10.0.0.51:7103/health status=waiting
2026-08-22T21:49:11.7617899Z [2026-08-22 21:49:11] [INFO] Polling external DP ranks: ready=2/10
2026-08-22T21:49:11.7632351Z   node=0 rank=0 role=prefiller url=http://10.0.0.139:7100/health status=ready
2026-08-22T21:49:11.7645658Z   node=1 rank=0 role=prefiller url=http://10.0.0.111:7100/health status=ready
2026-08-22T21:49:11.7657623Z   node=2 rank=0 role=decoder url=http://10.0.0.164:7100/health status=waiting
2026-08-22T21:49:11.7671562Z   node=2 rank=1 role=decoder url=http://10.0.0.164:7101/health status=waiting
2026-08-22T21:49:11.7684869Z   node=2 rank=2 role=decoder url=http://10.0.0.164:7102/health status=waiting
2026-08-22T21:49:11.7697293Z   node=2 rank=3 role=decoder url=http://10.0.0.164:7103/health status=waiting
2026-08-22T21:49:11.7710449Z   node=3 rank=0 role=decoder url=http://10.0.0.51:7100/health status=waiting
2026-08-22T21:49:11.7722116Z   node=3 rank=1 role=decoder url=http://10.0.0.51:7101/health status=waiting
2026-08-22T21:49:11.7733405Z   node=3 rank=2 role=decoder url=http://10.0.0.51:7102/health status=waiting
2026-08-22T21:49:11.7744638Z   node=3 rank=3 role=decoder url=http://10.0.0.51:7103/health status=waiting
2026-08-22T21:49:41.8108340Z [2026-08-22 21:49:41] [INFO] Polling external DP ranks: ready=2/10
2026-08-22T21:49:41.8121374Z   node=0 rank=0 role=prefiller url=http://10.0.0.139:7100/health status=ready
2026-08-22T21:49:41.8135489Z   node=1 rank=0 role=prefiller url=http://10.0.0.111:7100/health status=ready
2026-08-22T21:49:41.8147775Z   node=2 rank=0 role=decoder url=http://10.0.0.164:7100/health status=waiting
2026-08-22T21:49:41.8159368Z   node=2 rank=1 role=decoder url=http://10.0.0.164:7101/health status=waiting
2026-08-22T21:49:41.8170575Z   node=2 rank=2 role=decoder url=http://10.0.0.164:7102/health status=waiting
2026-08-22T21:49:41.8182610Z   node=2 rank=3 role=decoder url=http://10.0.0.164:7103/health status=waiting
2026-08-22T21:49:41.8194338Z   node=3 rank=0 role=decoder url=http://10.0.0.51:7100/health status=waiting
2026-08-22T21:49:41.8206504Z   node=3 rank=1 role=decoder url=http://10.0.0.51:7101/health status=waiting
2026-08-22T21:49:41.8217256Z   node=3 rank=2 role=decoder url=http://10.0.0.51:7102/health status=waiting
2026-08-22T21:49:41.8228896Z   node=3 rank=3 role=decoder url=http://10.0.0.51:7103/health status=waiting
2026-08-22T21:50:11.8506798Z [2026-08-22 21:50:11] [INFO] Polling external DP ranks: ready=2/10
2026-08-22T21:50:11.8564511Z   node=0 rank=0 role=prefiller url=http://10.0.0.139:7100/health status=ready
2026-08-22T21:50:11.8575407Z   node=1 rank=0 role=prefiller url=http://10.0.0.111:7100/health status=ready
2026-08-22T21:50:11.8587087Z   node=2 rank=0 role=decoder url=http://10.0.0.164:7100/health status=waiting
2026-08-22T21:50:11.8598920Z   node=2 rank=1 role=decoder url=http://10.0.0.164:7101/health status=waiting
2026-08-22T21:50:11.8609775Z   node=2 rank=2 role=decoder url=http://10.0.0.164:7102/health status=waiting
2026-08-22T21:50:11.8620953Z   node=2 rank=3 role=decoder url=http://10.0.0.164:7103/health status=waiting
2026-08-22T21:50:11.8633499Z   node=3 rank=0 role=decoder url=http://10.0.0.51:7100/health status=waiting
2026-08-22T21:50:11.8643548Z   node=3 rank=1 role=decoder url=http://10.0.0.51:7101/health status=waiting
2026-08-22T21:50:11.8654451Z   node=3 rank=2 role=decoder url=http://10.0.0.51:7102/health status=waiting
2026-08-22T21:50:11.8665521Z   node=3 rank=3 role=decoder url=http://10.0.0.51:7103/health status=waiting
2026-08-22T21:50:41.8944773Z [2026-08-22 21:50:41] [INFO] Polling external DP ranks: ready=2/10
2026-08-22T21:50:41.8958610Z   node=0 rank=0 role=prefiller url=http://10.0.0.139:7100/health status=ready
2026-08-22T21:50:41.8971465Z   node=1 rank=0 role=prefiller url=http://10.0.0.111:7100/health status=ready
2026-08-22T21:50:41.8983008Z   node=2 rank=0 role=decoder url=http://10.0.0.164:7100/health status=waiting
2026-08-22T21:50:41.8995183Z   node=2 rank=1 role=decoder url=http://10.0.0.164:7101/health status=waiting
2026-08-22T21:50:41.9006748Z   node=2 rank=2 role=decoder url=http://10.0.0.164:7102/health status=waiting
2026-08-22T21:50:41.9018115Z   node=2 rank=3 role=decoder url=http://10.0.0.164:7103/health status=waiting
2026-08-22T21:50:41.9029461Z   node=3 rank=0 role=decoder url=http://10.0.0.51:7100/health status=waiting
2026-08-22T21:50:41.9041284Z   node=3 rank=1 role=decoder url=http://10.0.0.51:7101/health status=waiting
2026-08-22T21:50:41.9051857Z   node=3 rank=2 role=decoder url=http://10.0.0.51:7102/health status=waiting
2026-08-22T21:50:41.9062833Z   node=3 rank=3 role=decoder url=http://10.0.0.51:7103/health status=waiting
2026-08-22T21:51:11.9387692Z [2026-08-22 21:51:11] [INFO] Polling external DP ranks: ready=2/10
2026-08-22T21:51:11.9409119Z   node=0 rank=0 role=prefiller url=http://10.0.0.139:7100/health status=ready
2026-08-22T21:51:11.9421969Z   node=1 rank=0 role=prefiller url=http://10.0.0.111:7100/health status=ready
2026-08-22T21:51:11.9434753Z   node=2 rank=0 role=decoder url=http://10.0.0.164:7100/health status=waiting
2026-08-22T21:51:11.9446494Z   node=2 rank=1 role=decoder url=http://10.0.0.164:7101/health status=waiting
2026-08-22T21:51:11.9495302Z   node=2 rank=2 role=decoder url=http://10.0.0.164:7102/health status=waiting
2026-08-22T21:51:11.9495904Z   node=2 rank=3 role=decoder url=http://10.0.0.164:7103/health status=waiting
2026-08-22T21:51:11.9498212Z   node=3 rank=0 role=decoder url=http://10.0.0.51:7100/health status=waiting
2026-08-22T21:51:11.9498726Z   node=3 rank=1 role=decoder url=http://10.0.0.51:7101/health status=waiting
2026-08-22T21:51:11.9503158Z   node=3 rank=2 role=decoder url=http://10.0.0.51:7102/health status=waiting
2026-08-22T21:51:11.9514833Z   node=3 rank=3 role=decoder url=http://10.0.0.51:7103/health status=waiting
2026-08-22T21:51:41.9826885Z [2026-08-22 21:51:41] [INFO] Polling external DP ranks: ready=2/10
2026-08-22T21:51:41.9840903Z   node=0 rank=0 role=prefiller url=http://10.0.0.139:7100/health status=ready
2026-08-22T21:51:41.9853994Z   node=1 rank=0 role=prefiller url=http://10.0.0.111:7100/health status=ready
2026-08-22T21:51:41.9867014Z   node=2 rank=0 role=decoder url=http://10.0.0.164:7100/health status=waiting
2026-08-22T21:51:41.9880412Z   node=2 rank=1 role=decoder url=http://10.0.0.164:7101/health status=waiting
2026-08-22T21:51:41.9891971Z   node=2 rank=2 role=decoder url=http://10.0.0.164:7102/health status=waiting
2026-08-22T21:51:41.9902711Z   node=2 rank=3 role=decoder url=http://10.0.0.164:7103/health status=waiting
2026-08-22T21:51:41.9915198Z   node=3 rank=0 role=decoder url=http://10.0.0.51:7100/health status=waiting
2026-08-22T21:51:41.9927023Z   node=3 rank=1 role=decoder url=http://10.0.0.51:7101/health status=waiting
2026-08-22T21:51:41.9938285Z   node=3 rank=2 role=decoder url=http://10.0.0.51:7102/health status=waiting
2026-08-22T21:51:41.9950629Z   node=3 rank=3 role=decoder url=http://10.0.0.51:7103/health status=waiting
2026-08-22T21:52:12.0312256Z [2026-08-22 21:52:12] [INFO] Polling external DP ranks: ready=2/10
2026-08-22T21:52:12.0354234Z   node=0 rank=0 role=prefiller url=http://10.0.0.139:7100/health status=ready
2026-08-22T21:52:12.0409175Z   node=1 rank=0 role=prefiller url=http://10.0.0.111:7100/health status=ready
2026-08-22T21:52:12.0444540Z   node=2 rank=0 role=decoder url=http://10.0.0.164:7100/health status=waiting
2026-08-22T21:52:12.0485136Z   node=2 rank=1 role=decoder url=http://10.0.0.164:7101/health status=waiting
2026-08-22T21:52:12.0526624Z   node=2 rank=2 role=decoder url=http://10.0.0.164:7102/health status=waiting
2026-08-22T21:52:12.0568734Z   node=2 rank=3 role=decoder url=http://10.0.0.164:7103/health status=waiting
2026-08-22T21:52:12.0597877Z   node=3 rank=0 role=decoder url=http://10.0.0.51:7100/health status=waiting
2026-08-22T21:52:12.0610030Z   node=3 rank=1 role=decoder url=http://10.0.0.51:7101/health status=waiting
2026-08-22T21:52:12.0622536Z   node=3 rank=2 role=decoder url=http://10.0.0.51:7102/health status=waiting
2026-08-22T21:52:12.0635288Z   node=3 rank=3 role=decoder url=http://10.0.0.51:7103/health status=waiting
2026-08-22T21:52:42.0720526Z [2026-08-22 21:52:42] [INFO] Polling external DP ranks: ready=2/10
2026-08-22T21:52:42.0737208Z   node=0 rank=0 role=prefiller url=http://10.0.0.139:7100/health status=ready
2026-08-22T21:52:42.0749869Z   node=1 rank=0 role=prefiller url=http://10.0.0.111:7100/health status=ready
2026-08-22T21:52:42.0762685Z   node=2 rank=0 role=decoder url=http://10.0.0.164:7100/health status=waiting
2026-08-22T21:52:42.0774135Z   node=2 rank=1 role=decoder url=http://10.0.0.164:7101/health status=waiting
2026-08-22T21:52:42.0786594Z   node=2 rank=2 role=decoder url=http://10.0.0.164:7102/health status=waiting
2026-08-22T21:52:42.0797887Z   node=2 rank=3 role=decoder url=http://10.0.0.164:7103/health status=waiting
2026-08-22T21:52:42.0809376Z   node=3 rank=0 role=decoder url=http://10.0.0.51:7100/health status=waiting
2026-08-22T21:52:42.0820600Z   node=3 rank=1 role=decoder url=http://10.0.0.51:7101/health status=waiting
2026-08-22T21:52:42.0832143Z   node=3 rank=2 role=decoder url=http://10.0.0.51:7102/health status=waiting
2026-08-22T21:52:42.0857060Z   node=3 rank=3 role=decoder url=http://10.0.0.51:7103/health status=waiting
2026-08-22T21:53:12.1185159Z [2026-08-22 21:53:12] [INFO] Polling external DP ranks: ready=2/10
2026-08-22T21:53:12.1198561Z   node=0 rank=0 role=prefiller url=http://10.0.0.139:7100/health status=ready
2026-08-22T21:53:12.1213536Z   node=1 rank=0 role=prefiller url=http://10.0.0.111:7100/health status=ready
2026-08-22T21:53:12.1224663Z   node=2 rank=0 role=decoder url=http://10.0.0.164:7100/health status=waiting
2026-08-22T21:53:12.1236125Z   node=2 rank=1 role=decoder url=http://10.0.0.164:7101/health status=waiting
2026-08-22T21:53:12.1248748Z   node=2 rank=2 role=decoder url=http://10.0.0.164:7102/health status=waiting
2026-08-22T21:53:12.1261376Z   node=2 rank=3 role=decoder url=http://10.0.0.164:7103/health status=waiting
2026-08-22T21:53:12.1281466Z   node=3 rank=0 role=decoder url=http://10.0.0.51:7100/health status=waiting
2026-08-22T21:53:12.1293157Z   node=3 rank=1 role=decoder url=http://10.0.0.51:7101/health status=waiting
2026-08-22T21:53:12.1304862Z   node=3 rank=2 role=decoder url=http://10.0.0.51:7102/health status=waiting
2026-08-22T21:53:12.1317364Z   node=3 rank=3 role=decoder url=http://10.0.0.51:7103/health status=waiting
2026-08-22T21:53:42.1625540Z [2026-08-22 21:53:42] [INFO] Polling external DP ranks: ready=2/10
2026-08-22T21:53:42.1641528Z   node=0 rank=0 role=prefiller url=http://10.0.0.139:7100/health status=ready
2026-08-22T21:53:42.1655266Z   node=1 rank=0 role=prefiller url=http://10.0.0.111:7100/health status=ready
2026-08-22T21:53:42.1674557Z   node=2 rank=0 role=decoder url=http://10.0.0.164:7100/health status=waiting
2026-08-22T21:53:42.1693690Z   node=2 rank=1 role=decoder url=http://10.0.0.164:7101/health status=waiting
2026-08-22T21:53:42.1707768Z   node=2 rank=2 role=decoder url=http://10.0.0.164:7102/health status=waiting
2026-08-22T21:53:42.1725623Z   node=2 rank=3 role=decoder url=http://10.0.0.164:7103/health status=waiting
2026-08-22T21:53:42.1740555Z   node=3 rank=0 role=decoder url=http://10.0.0.51:7100/health status=waiting
2026-08-22T21:53:42.1750692Z   node=3 rank=1 role=decoder url=http://10.0.0.51:7101/health status=waiting
2026-08-22T21:53:42.1769353Z   node=3 rank=2 role=decoder url=http://10.0.0.51:7102/health status=waiting
2026-08-22T21:53:42.1787114Z   node=3 rank=3 role=decoder url=http://10.0.0.51:7103/health status=waiting
2026-08-22T21:54:12.2102951Z [2026-08-22 21:54:12] [INFO] Polling external DP ranks: ready=2/10
2026-08-22T21:54:12.2110384Z   node=0 rank=0 role=prefiller url=http://10.0.0.139:7100/health status=ready
2026-08-22T21:54:12.2126263Z   node=1 rank=0 role=prefiller url=http://10.0.0.111:7100/health status=ready
2026-08-22T21:54:12.2137221Z   node=2 rank=0 role=decoder url=http://10.0.0.164:7100/health status=waiting
2026-08-22T21:54:12.2143749Z   node=2 rank=1 role=decoder url=http://10.0.0.164:7101/health status=waiting
2026-08-22T21:54:12.2154930Z   node=2 rank=2 role=decoder url=http://10.0.0.164:7102/health status=waiting
2026-08-22T21:54:12.2165097Z   node=2 rank=3 role=decoder url=http://10.0.0.164:7103/health status=waiting
2026-08-22T21:54:12.2175626Z   node=3 rank=0 role=decoder url=http://10.0.0.51:7100/health status=waiting
2026-08-22T21:54:12.2188139Z   node=3 rank=1 role=decoder url=http://10.0.0.51:7101/health status=waiting
2026-08-22T21:54:12.2197892Z   node=3 rank=2 role=decoder url=http://10.0.0.51:7102/health status=waiting
2026-08-22T21:54:12.2207947Z   node=3 rank=3 role=decoder url=http://10.0.0.51:7103/health status=waiting
2026-08-22T21:54:42.2517468Z [2026-08-22 21:54:42] [INFO] Polling external DP ranks: ready=2/10
2026-08-22T21:54:42.2529096Z   node=0 rank=0 role=prefiller url=http://10.0.0.139:7100/health status=ready
2026-08-22T21:54:42.2540577Z   node=1 rank=0 role=prefiller url=http://10.0.0.111:7100/health status=ready
2026-08-22T21:54:42.2551490Z   node=2 rank=0 role=decoder url=http://10.0.0.164:7100/health status=waiting
2026-08-22T21:54:42.2562410Z   node=2 rank=1 role=decoder url=http://10.0.0.164:7101/health status=waiting
2026-08-22T21:54:42.2572774Z   node=2 rank=2 role=decoder url=http://10.0.0.164:7102/health status=waiting
2026-08-22T21:54:42.2583648Z   node=2 rank=3 role=decoder url=http://10.0.0.164:7103/health status=waiting
2026-08-22T21:54:42.2594802Z   node=3 rank=0 role=decoder url=http://10.0.0.51:7100/health status=waiting
2026-08-22T21:54:42.2605496Z   node=3 rank=1 role=decoder url=http://10.0.0.51:7101/health status=waiting
2026-08-22T21:54:42.2617466Z   node=3 rank=2 role=decoder url=http://10.0.0.51:7102/health status=waiting
2026-08-22T21:54:42.2627040Z   node=3 rank=3 role=decoder url=http://10.0.0.51:7103/health status=waiting
2026-08-22T21:55:12.2957085Z [2026-08-22 21:55:12] [INFO] Polling external DP ranks: ready=2/10
2026-08-22T21:55:12.3015896Z   node=0 rank=0 role=prefiller url=http://10.0.0.139:7100/health status=ready
2026-08-22T21:55:12.3027277Z   node=1 rank=0 role=prefiller url=http://10.0.0.111:7100/health status=ready
2026-08-22T21:55:12.3040606Z   node=2 rank=0 role=decoder url=http://10.0.0.164:7100/health status=waiting
2026-08-22T21:55:12.3051615Z   node=2 rank=1 role=decoder url=http://10.0.0.164:7101/health status=waiting
2026-08-22T21:55:12.3062469Z   node=2 rank=2 role=decoder url=http://10.0.0.164:7102/health status=waiting
2026-08-22T21:55:12.3073895Z   node=2 rank=3 role=decoder url=http://10.0.0.164:7103/health status=waiting
2026-08-22T21:55:12.3085235Z   node=3 rank=0 role=decoder url=http://10.0.0.51:7100/health status=waiting
2026-08-22T21:55:12.3107091Z   node=3 rank=1 role=decoder url=http://10.0.0.51:7101/health status=waiting
2026-08-22T21:55:12.3107639Z   node=3 rank=2 role=decoder url=http://10.0.0.51:7102/health status=waiting
2026-08-22T21:55:12.3118887Z   node=3 rank=3 role=decoder url=http://10.0.0.51:7103/health status=waiting
2026-08-22T21:55:42.3395185Z [2026-08-22 21:55:42] [INFO] Polling external DP ranks: ready=2/10
2026-08-22T21:55:42.3410421Z   node=0 rank=0 role=prefiller url=http://10.0.0.139:7100/health status=ready
2026-08-22T21:55:42.3423072Z   node=1 rank=0 role=prefiller url=http://10.0.0.111:7100/health status=ready
2026-08-22T21:55:42.3435739Z   node=2 rank=0 role=decoder url=http://10.0.0.164:7100/health status=waiting
2026-08-22T21:55:42.3448759Z   node=2 rank=1 role=decoder url=http://10.0.0.164:7101/health status=waiting
2026-08-22T21:55:42.3461344Z   node=2 rank=2 role=decoder url=http://10.0.0.164:7102/health status=waiting
2026-08-22T21:55:42.3473919Z   node=2 rank=3 role=decoder url=http://10.0.0.164:7103/health status=waiting
2026-08-22T21:55:42.3485184Z   node=3 rank=0 role=decoder url=http://10.0.0.51:7100/health status=waiting
2026-08-22T21:55:42.3496666Z   node=3 rank=1 role=decoder url=http://10.0.0.51:7101/health status=waiting
2026-08-22T21:55:42.3508496Z   node=3 rank=2 role=decoder url=http://10.0.0.51:7102/health status=waiting
2026-08-22T21:55:42.3520230Z   node=3 rank=3 role=decoder url=http://10.0.0.51:7103/health status=waiting
2026-08-22T21:56:12.3844460Z [2026-08-22 21:56:12] [INFO] Polling external DP ranks: ready=2/10
2026-08-22T21:56:12.3864649Z   node=0 rank=0 role=prefiller url=http://10.0.0.139:7100/health status=ready
2026-08-22T21:56:12.3876491Z   node=1 rank=0 role=prefiller url=http://10.0.0.111:7100/health status=ready
2026-08-22T21:56:12.3888753Z   node=2 rank=0 role=decoder url=http://10.0.0.164:7100/health status=waiting
2026-08-22T21:56:12.3900211Z   node=2 rank=1 role=decoder url=http://10.0.0.164:7101/health status=waiting
2026-08-22T21:56:12.3912229Z   node=2 rank=2 role=decoder url=http://10.0.0.164:7102/health status=waiting
2026-08-22T21:56:12.3924092Z   node=2 rank=3 role=decoder url=http://10.0.0.164:7103/health status=waiting
2026-08-22T21:56:12.3938037Z   node=3 rank=0 role=decoder url=http://10.0.0.51:7100/health status=waiting
2026-08-22T21:56:12.3951590Z   node=3 rank=1 role=decoder url=http://10.0.0.51:7101/health status=waiting
2026-08-22T21:56:12.3963125Z   node=3 rank=2 role=decoder url=http://10.0.0.51:7102/health status=waiting
2026-08-22T21:56:12.3974069Z   node=3 rank=3 role=decoder url=http://10.0.0.51:7103/health status=waiting
2026-08-22T21:56:42.4318284Z [2026-08-22 21:56:42] [INFO] Polling external DP ranks: ready=2/10
2026-08-22T21:56:42.4332901Z   node=0 rank=0 role=prefiller url=http://10.0.0.139:7100/health status=ready
2026-08-22T21:56:42.4345017Z   node=1 rank=0 role=prefiller url=http://10.0.0.111:7100/health status=ready
2026-08-22T21:56:42.4358085Z   node=2 rank=0 role=decoder url=http://10.0.0.164:7100/health status=waiting
2026-08-22T21:56:42.4369798Z   node=2 rank=1 role=decoder url=http://10.0.0.164:7101/health status=waiting
2026-08-22T21:56:42.4382303Z   node=2 rank=2 role=decoder url=http://10.0.0.164:7102/health status=waiting
2026-08-22T21:56:42.4394743Z   node=2 rank=3 role=decoder url=http://10.0.0.164:7103/health status=waiting
2026-08-22T21:56:42.4406932Z   node=3 rank=0 role=decoder url=http://10.0.0.51:7100/health status=waiting
2026-08-22T21:56:42.4419342Z   node=3 rank=1 role=decoder url=http://10.0.0.51:7101/health status=waiting
2026-08-22T21:56:42.4437221Z   node=3 rank=2 role=decoder url=http://10.0.0.51:7102/health status=waiting
2026-08-22T21:56:42.4450488Z   node=3 rank=3 role=decoder url=http://10.0.0.51:7103/health status=waiting
2026-08-22T21:57:12.4843551Z [2026-08-22 21:57:12] [INFO] Polling external DP ranks: ready=2/10
2026-08-22T21:57:12.4854682Z   node=0 rank=0 role=prefiller url=http://10.0.0.139:7100/health status=ready
2026-08-22T21:57:12.4866908Z   node=1 rank=0 role=prefiller url=http://10.0.0.111:7100/health status=ready
2026-08-22T21:57:12.4879676Z   node=2 rank=0 role=decoder url=http://10.0.0.164:7100/health status=waiting
2026-08-22T21:57:12.4891067Z   node=2 rank=1 role=decoder url=http://10.0.0.164:7101/health status=waiting
2026-08-22T21:57:12.4902218Z   node=2 rank=2 role=decoder url=http://10.0.0.164:7102/health status=waiting
2026-08-22T21:57:12.4913772Z   node=2 rank=3 role=decoder url=http://10.0.0.164:7103/health status=waiting
2026-08-22T21:57:12.4924295Z   node=3 rank=0 role=decoder url=http://10.0.0.51:7100/health status=waiting
2026-08-22T21:57:12.4935405Z   node=3 rank=1 role=decoder url=http://10.0.0.51:7101/health status=waiting
2026-08-22T21:57:12.4947004Z   node=3 rank=2 role=decoder url=http://10.0.0.51:7102/health status=waiting
2026-08-22T21:57:12.4958750Z   node=3 rank=3 role=decoder url=http://10.0.0.51:7103/health status=waiting
2026-08-22T21:57:42.5268805Z [2026-08-22 21:57:42] [INFO] Polling external DP ranks: ready=2/10
2026-08-22T21:57:42.5280928Z   node=0 rank=0 role=prefiller url=http://10.0.0.139:7100/health status=ready
2026-08-22T21:57:42.5291359Z   node=1 rank=0 role=prefiller url=http://10.0.0.111:7100/health status=ready
2026-08-22T21:57:42.5302733Z   node=2 rank=0 role=decoder url=http://10.0.0.164:7100/health status=waiting
2026-08-22T21:57:42.5314655Z   node=2 rank=1 role=decoder url=http://10.0.0.164:7101/health status=waiting
2026-08-22T21:57:42.5326271Z   node=2 rank=2 role=decoder url=http://10.0.0.164:7102/health status=waiting
2026-08-22T21:57:42.5337169Z   node=2 rank=3 role=decoder url=http://10.0.0.164:7103/health status=waiting
2026-08-22T21:57:42.5348183Z   node=3 rank=0 role=decoder url=http://10.0.0.51:7100/health status=waiting
2026-08-22T21:57:42.5359286Z   node=3 rank=1 role=decoder url=http://10.0.0.51:7101/health status=waiting
2026-08-22T21:57:42.5370640Z   node=3 rank=2 role=decoder url=http://10.0.0.51:7102/health status=waiting
2026-08-22T21:57:42.5381294Z   node=3 rank=3 role=decoder url=http://10.0.0.51:7103/health status=waiting
2026-08-22T21:58:12.5728755Z [2026-08-22 21:58:12] [INFO] Polling external DP ranks: ready=2/10
2026-08-22T21:58:12.5742463Z   node=0 rank=0 role=prefiller url=http://10.0.0.139:7100/health status=ready
2026-08-22T21:58:12.5757381Z   node=1 rank=0 role=prefiller url=http://10.0.0.111:7100/health status=ready
2026-08-22T21:58:12.5769473Z   node=2 rank=0 role=decoder url=http://10.0.0.164:7100/health status=waiting
2026-08-22T21:58:12.5782026Z   node=2 rank=1 role=decoder url=http://10.0.0.164:7101/health status=waiting
2026-08-22T21:58:12.5796959Z   node=2 rank=2 role=decoder url=http://10.0.0.164:7102/health status=waiting
2026-08-22T21:58:12.5809748Z   node=2 rank=3 role=decoder url=http://10.0.0.164:7103/health status=waiting
2026-08-22T21:58:12.5827014Z   node=3 rank=0 role=decoder url=http://10.0.0.51:7100/health status=waiting
2026-08-22T21:58:12.5840751Z   node=3 rank=1 role=decoder url=http://10.0.0.51:7101/health status=waiting
2026-08-22T21:58:12.5852718Z   node=3 rank=2 role=decoder url=http://10.0.0.51:7102/health status=waiting
2026-08-22T21:58:12.5865710Z   node=3 rank=3 role=decoder url=http://10.0.0.51:7103/health status=waiting
2026-08-22T21:58:42.6181058Z [2026-08-22 21:58:42] [INFO] Polling external DP ranks: ready=2/10
2026-08-22T21:58:42.6201650Z   node=0 rank=0 role=prefiller url=http://10.0.0.139:7100/health status=ready
2026-08-22T21:58:42.6216024Z   node=1 rank=0 role=prefiller url=http://10.0.0.111:7100/health status=ready
2026-08-22T21:58:42.6232138Z   node=2 rank=0 role=decoder url=http://10.0.0.164:7100/health status=waiting
2026-08-22T21:58:42.6247726Z   node=2 rank=1 role=decoder url=http://10.0.0.164:7101/health status=waiting
2026-08-22T21:58:42.6263718Z   node=2 rank=2 role=decoder url=http://10.0.0.164:7102/health status=waiting
2026-08-22T21:58:42.6278290Z   node=2 rank=3 role=decoder url=http://10.0.0.164:7103/health status=waiting
2026-08-22T21:58:42.6291322Z   node=3 rank=0 role=decoder url=http://10.0.0.51:7100/health status=waiting
2026-08-22T21:58:42.6305424Z   node=3 rank=1 role=decoder url=http://10.0.0.51:7101/health status=waiting
2026-08-22T21:58:42.6319292Z   node=3 rank=2 role=decoder url=http://10.0.0.51:7102/health status=waiting
2026-08-22T21:58:42.6333423Z   node=3 rank=3 role=decoder url=http://10.0.0.51:7103/health status=waiting
2026-08-22T21:59:12.6646345Z [2026-08-22 21:59:12] [INFO] Polling external DP ranks: ready=2/10
2026-08-22T21:59:12.6659372Z   node=0 rank=0 role=prefiller url=http://10.0.0.139:7100/health status=ready
2026-08-22T21:59:12.6671283Z   node=1 rank=0 role=prefiller url=http://10.0.0.111:7100/health status=ready
2026-08-22T21:59:12.6683870Z   node=2 rank=0 role=decoder url=http://10.0.0.164:7100/health status=waiting
2026-08-22T21:59:12.6695278Z   node=2 rank=1 role=decoder url=http://10.0.0.164:7101/health status=waiting
2026-08-22T21:59:12.6706409Z   node=2 rank=2 role=decoder url=http://10.0.0.164:7102/health status=waiting
2026-08-22T21:59:12.6717750Z   node=2 rank=3 role=decoder url=http://10.0.0.164:7103/health status=waiting
2026-08-22T21:59:12.6728962Z   node=3 rank=0 role=decoder url=http://10.0.0.51:7100/health status=waiting
2026-08-22T21:59:12.6738677Z   node=3 rank=1 role=decoder url=http://10.0.0.51:7101/health status=waiting
2026-08-22T21:59:12.6798051Z   node=3 rank=2 role=decoder url=http://10.0.0.51:7102/health status=waiting
2026-08-22T21:59:12.6798590Z   node=3 rank=3 role=decoder url=http://10.0.0.51:7103/health status=waiting
2026-08-22T21:59:42.7103193Z [2026-08-22 21:59:42] [INFO] Polling external DP ranks: ready=2/10
2026-08-22T21:59:42.7115674Z   node=0 rank=0 role=prefiller url=http://10.0.0.139:7100/health status=ready
2026-08-22T21:59:42.7128141Z   node=1 rank=0 role=prefiller url=http://10.0.0.111:7100/health status=ready
2026-08-22T21:59:42.7138908Z   node=2 rank=0 role=decoder url=http://10.0.0.164:7100/health status=waiting
2026-08-22T21:59:42.7150888Z   node=2 rank=1 role=decoder url=http://10.0.0.164:7101/health status=waiting
2026-08-22T21:59:42.7161951Z   node=2 rank=2 role=decoder url=http://10.0.0.164:7102/health status=waiting
2026-08-22T21:59:42.7172778Z   node=2 rank=3 role=decoder url=http://10.0.0.164:7103/health status=waiting
2026-08-22T21:59:42.7183258Z   node=3 rank=0 role=decoder url=http://10.0.0.51:7100/health status=waiting
2026-08-22T21:59:42.7194602Z   node=3 rank=1 role=decoder url=http://10.0.0.51:7101/health status=waiting
2026-08-22T21:59:42.7205712Z   node=3 rank=2 role=decoder url=http://10.0.0.51:7102/health status=waiting
2026-08-22T21:59:42.7216985Z   node=3 rank=3 role=decoder url=http://10.0.0.51:7103/health status=waiting
2026-08-22T22:00:12.7599960Z [2026-08-22 22:00:12] [INFO] Polling external DP ranks: ready=2/10
2026-08-22T22:00:12.7657313Z   node=0 rank=0 role=prefiller url=http://10.0.0.139:7100/health status=ready
2026-08-22T22:00:12.7668909Z   node=1 rank=0 role=prefiller url=http://10.0.0.111:7100/health status=ready
2026-08-22T22:00:12.7681198Z   node=2 rank=0 role=decoder url=http://10.0.0.164:7100/health status=waiting
2026-08-22T22:00:12.7693747Z   node=2 rank=1 role=decoder url=http://10.0.0.164:7101/health status=waiting
2026-08-22T22:00:12.7705917Z   node=2 rank=2 role=decoder url=http://10.0.0.164:7102/health status=waiting
2026-08-22T22:00:12.7737803Z   node=2 rank=3 role=decoder url=http://10.0.0.164:7103/health status=waiting
2026-08-22T22:00:12.7738346Z   node=3 rank=0 role=decoder url=http://10.0.0.51:7100/health status=waiting
2026-08-22T22:00:12.7748982Z   node=3 rank=1 role=decoder url=http://10.0.0.51:7101/health status=waiting
2026-08-22T22:00:12.7762301Z   node=3 rank=2 role=decoder url=http://10.0.0.51:7102/health status=waiting
2026-08-22T22:00:12.7772092Z   node=3 rank=3 role=decoder url=http://10.0.0.51:7103/health status=waiting
2026-08-22T22:00:42.8048306Z [2026-08-22 22:00:42] [INFO] Polling external DP ranks: ready=2/10
2026-08-22T22:00:42.8075755Z   node=0 rank=0 role=prefiller url=http://10.0.0.139:7100/health status=ready
2026-08-22T22:00:42.8087905Z   node=1 rank=0 role=prefiller url=http://10.0.0.111:7100/health status=ready
2026-08-22T22:00:42.8099074Z   node=2 rank=0 role=decoder url=http://10.0.0.164:7100/health status=waiting
2026-08-22T22:00:42.8110745Z   node=2 rank=1 role=decoder url=http://10.0.0.164:7101/health status=waiting
2026-08-22T22:00:42.8122800Z   node=2 rank=2 role=decoder url=http://10.0.0.164:7102/health status=waiting
2026-08-22T22:00:42.8134798Z   node=2 rank=3 role=decoder url=http://10.0.0.164:7103/health status=waiting
2026-08-22T22:00:42.8146586Z   node=3 rank=0 role=decoder url=http://10.0.0.51:7100/health status=waiting
2026-08-22T22:00:42.8158753Z   node=3 rank=1 role=decoder url=http://10.0.0.51:7101/health status=waiting
2026-08-22T22:00:42.8169262Z   node=3 rank=2 role=decoder url=http://10.0.0.51:7102/health status=waiting
2026-08-22T22:00:42.8180042Z   node=3 rank=3 role=decoder url=http://10.0.0.51:7103/health status=waiting
2026-08-22T22:01:12.8572608Z [2026-08-22 22:01:12] [INFO] Polling external DP ranks: ready=2/10
2026-08-22T22:01:12.8587507Z   node=0 rank=0 role=prefiller url=http://10.0.0.139:7100/health status=ready
2026-08-22T22:01:12.8601382Z   node=1 rank=0 role=prefiller url=http://10.0.0.111:7100/health status=ready
2026-08-22T22:01:12.8613889Z   node=2 rank=0 role=decoder url=http://10.0.0.164:7100/health status=waiting
2026-08-22T22:01:12.8625734Z   node=2 rank=1 role=decoder url=http://10.0.0.164:7101/health status=waiting
2026-08-22T22:01:12.8638746Z   node=2 rank=2 role=decoder url=http://10.0.0.164:7102/health status=waiting
2026-08-22T22:01:12.8650951Z   node=2 rank=3 role=decoder url=http://10.0.0.164:7103/health status=waiting
2026-08-22T22:01:12.8663779Z   node=3 rank=0 role=decoder url=http://10.0.0.51:7100/health status=waiting
2026-08-22T22:01:12.8678211Z   node=3 rank=1 role=decoder url=http://10.0.0.51:7101/health status=waiting
2026-08-22T22:01:12.8690741Z   node=3 rank=2 role=decoder url=http://10.0.0.51:7102/health status=waiting
2026-08-22T22:01:12.8703531Z   node=3 rank=3 role=decoder url=http://10.0.0.51:7103/health status=waiting
2026-08-22T22:01:42.9014528Z [2026-08-22 22:01:42] [INFO] Polling external DP ranks: ready=2/10
2026-08-22T22:01:42.9028545Z   node=0 rank=0 role=prefiller url=http://10.0.0.139:7100/health status=ready
2026-08-22T22:01:42.9041804Z   node=1 rank=0 role=prefiller url=http://10.0.0.111:7100/health status=ready
2026-08-22T22:01:42.9055808Z   node=2 rank=0 role=decoder url=http://10.0.0.164:7100/health status=waiting
2026-08-22T22:01:42.9067356Z   node=2 rank=1 role=decoder url=http://10.0.0.164:7101/health status=waiting
2026-08-22T22:01:42.9079603Z   node=2 rank=2 role=decoder url=http://10.0.0.164:7102/health status=waiting
2026-08-22T22:01:42.9090093Z   node=2 rank=3 role=decoder url=http://10.0.0.164:7103/health status=waiting
2026-08-22T22:01:42.9102108Z   node=3 rank=0 role=decoder url=http://10.0.0.51:7100/health status=waiting
2026-08-22T22:01:42.9114408Z   node=3 rank=1 role=decoder url=http://10.0.0.51:7101/health status=waiting
2026-08-22T22:01:42.9126635Z   node=3 rank=2 role=decoder url=http://10.0.0.51:7102/health status=waiting
2026-08-22T22:01:42.9138010Z   node=3 rank=3 role=decoder url=http://10.0.0.51:7103/health status=waiting
2026-08-22T22:02:12.9478177Z [2026-08-22 22:02:12] [INFO] Polling external DP ranks: ready=2/10
2026-08-22T22:02:12.9491327Z   node=0 rank=0 role=prefiller url=http://10.0.0.139:7100/health status=ready
2026-08-22T22:02:12.9503392Z   node=1 rank=0 role=prefiller url=http://10.0.0.111:7100/health status=ready
2026-08-22T22:02:12.9515148Z   node=2 rank=0 role=decoder url=http://10.0.0.164:7100/health status=waiting
2026-08-22T22:02:12.9526661Z   node=2 rank=1 role=decoder url=http://10.0.0.164:7101/health status=waiting
2026-08-22T22:02:12.9538338Z   node=2 rank=2 role=decoder url=http://10.0.0.164:7102/health status=waiting
2026-08-22T22:02:12.9550428Z   node=2 rank=3 role=decoder url=http://10.0.0.164:7103/health status=waiting
2026-08-22T22:02:12.9562315Z   node=3 rank=0 role=decoder url=http://10.0.0.51:7100/health status=waiting
2026-08-22T22:02:12.9573842Z   node=3 rank=1 role=decoder url=http://10.0.0.51:7101/health status=waiting
2026-08-22T22:02:12.9585139Z   node=3 rank=2 role=decoder url=http://10.0.0.51:7102/health status=waiting
2026-08-22T22:02:12.9597340Z   node=3 rank=3 role=decoder url=http://10.0.0.51:7103/health status=waiting
2026-08-22T22:02:42.9947938Z [2026-08-22 22:02:42] [INFO] Polling external DP ranks: ready=2/10
2026-08-22T22:02:42.9962888Z   node=0 rank=0 role=prefiller url=http://10.0.0.139:7100/health status=ready
2026-08-22T22:02:42.9976529Z   node=1 rank=0 role=prefiller url=http://10.0.0.111:7100/health status=ready
2026-08-22T22:02:42.9989907Z   node=2 rank=0 role=decoder url=http://10.0.0.164:7100/health status=waiting
2026-08-22T22:02:43.0003063Z   node=2 rank=1 role=decoder url=http://10.0.0.164:7101/health status=waiting
2026-08-22T22:02:43.0015027Z   node=2 rank=2 role=decoder url=http://10.0.0.164:7102/health status=waiting
2026-08-22T22:02:43.0027985Z   node=2 rank=3 role=decoder url=http://10.0.0.164:7103/health status=waiting
2026-08-22T22:02:43.0041318Z   node=3 rank=0 role=decoder url=http://10.0.0.51:7100/health status=waiting
2026-08-22T22:02:43.0053493Z   node=3 rank=1 role=decoder url=http://10.0.0.51:7101/health status=waiting
2026-08-22T22:02:43.0067060Z   node=3 rank=2 role=decoder url=http://10.0.0.51:7102/health status=waiting
2026-08-22T22:02:43.0079058Z   node=3 rank=3 role=decoder url=http://10.0.0.51:7103/health status=waiting
2026-08-22T22:03:13.0424423Z [2026-08-22 22:03:13] [INFO] Polling external DP ranks: ready=2/10
2026-08-22T22:03:13.0436599Z   node=0 rank=0 role=prefiller url=http://10.0.0.139:7100/health status=ready
2026-08-22T22:03:13.0449960Z   node=1 rank=0 role=prefiller url=http://10.0.0.111:7100/health status=ready
2026-08-22T22:03:13.0462798Z   node=2 rank=0 role=decoder url=http://10.0.0.164:7100/health status=waiting
2026-08-22T22:03:13.0475668Z   node=2 rank=1 role=decoder url=http://10.0.0.164:7101/health status=waiting
2026-08-22T22:03:13.0487907Z   node=2 rank=2 role=decoder url=http://10.0.0.164:7102/health status=waiting
2026-08-22T22:03:13.0500292Z   node=2 rank=3 role=decoder url=http://10.0.0.164:7103/health status=waiting
2026-08-22T22:03:13.0512901Z   node=3 rank=0 role=decoder url=http://10.0.0.51:7100/health status=waiting
2026-08-22T22:03:13.0524377Z   node=3 rank=1 role=decoder url=http://10.0.0.51:7101/health status=waiting
2026-08-22T22:03:13.0536297Z   node=3 rank=2 role=decoder url=http://10.0.0.51:7102/health status=waiting
2026-08-22T22:03:13.0548018Z   node=3 rank=3 role=decoder url=http://10.0.0.51:7103/health status=waiting
2026-08-22T22:03:43.0915367Z [2026-08-22 22:03:43] [INFO] Polling external DP ranks: ready=2/10
2026-08-22T22:03:43.0930636Z   node=0 rank=0 role=prefiller url=http://10.0.0.139:7100/health status=ready
2026-08-22T22:03:43.0943915Z   node=1 rank=0 role=prefiller url=http://10.0.0.111:7100/health status=ready
2026-08-22T22:03:43.0957036Z   node=2 rank=0 role=decoder url=http://10.0.0.164:7100/health status=waiting
2026-08-22T22:03:43.0968707Z   node=2 rank=1 role=decoder url=http://10.0.0.164:7101/health status=waiting
2026-08-22T22:03:43.0980232Z   node=2 rank=2 role=decoder url=http://10.0.0.164:7102/health status=waiting
2026-08-22T22:03:43.0992675Z   node=2 rank=3 role=decoder url=http://10.0.0.164:7103/health status=waiting
2026-08-22T22:03:43.1003889Z   node=3 rank=0 role=decoder url=http://10.0.0.51:7100/health status=waiting
2026-08-22T22:03:43.1017383Z   node=3 rank=1 role=decoder url=http://10.0.0.51:7101/health status=waiting
2026-08-22T22:03:43.1033454Z   node=3 rank=2 role=decoder url=http://10.0.0.51:7102/health status=waiting
2026-08-22T22:03:43.1044696Z   node=3 rank=3 role=decoder url=http://10.0.0.51:7103/health status=waiting
2026-08-22T22:04:13.1377984Z [2026-08-22 22:04:13] [INFO] Polling external DP ranks: ready=2/10
2026-08-22T22:04:13.1393449Z   node=0 rank=0 role=prefiller url=http://10.0.0.139:7100/health status=ready
2026-08-22T22:04:13.1406039Z   node=1 rank=0 role=prefiller url=http://10.0.0.111:7100/health status=ready
2026-08-22T22:04:13.1418349Z   node=2 rank=0 role=decoder url=http://10.0.0.164:7100/health status=waiting
2026-08-22T22:04:13.1430114Z   node=2 rank=1 role=decoder url=http://10.0.0.164:7101/health status=waiting
2026-08-22T22:04:13.1441851Z   node=2 rank=2 role=decoder url=http://10.0.0.164:7102/health status=waiting
2026-08-22T22:04:13.1453122Z   node=2 rank=3 role=decoder url=http://10.0.0.164:7103/health status=waiting
2026-08-22T22:04:13.1464305Z   node=3 rank=0 role=decoder url=http://10.0.0.51:7100/health status=waiting
2026-08-22T22:04:13.1477386Z   node=3 rank=1 role=decoder url=http://10.0.0.51:7101/health status=waiting
2026-08-22T22:04:13.1488308Z   node=3 rank=2 role=decoder url=http://10.0.0.51:7102/health status=waiting
2026-08-22T22:04:13.1500413Z   node=3 rank=3 role=decoder url=http://10.0.0.51:7103/health status=waiting
2026-08-22T22:04:43.1858441Z [2026-08-22 22:04:43] [INFO] Polling external DP ranks: ready=2/10
2026-08-22T22:04:43.1872031Z   node=0 rank=0 role=prefiller url=http://10.0.0.139:7100/health status=ready
2026-08-22T22:04:43.1893413Z   node=1 rank=0 role=prefiller url=http://10.0.0.111:7100/health status=ready
2026-08-22T22:04:43.1907470Z   node=2 rank=0 role=decoder url=http://10.0.0.164:7100/health status=waiting
2026-08-22T22:04:43.1921515Z   node=2 rank=1 role=decoder url=http://10.0.0.164:7101/health status=waiting
2026-08-22T22:04:43.1935028Z   node=2 rank=2 role=decoder url=http://10.0.0.164:7102/health status=waiting
2026-08-22T22:04:43.1948698Z   node=2 rank=3 role=decoder url=http://10.0.0.164:7103/health status=waiting
2026-08-22T22:04:43.1961275Z   node=3 rank=0 role=decoder url=http://10.0.0.51:7100/health status=waiting
2026-08-22T22:04:43.1975507Z   node=3 rank=1 role=decoder url=http://10.0.0.51:7101/health status=waiting
2026-08-22T22:04:43.1989926Z   node=3 rank=2 role=decoder url=http://10.0.0.51:7102/health status=waiting
2026-08-22T22:04:43.2003759Z   node=3 rank=3 role=decoder url=http://10.0.0.51:7103/health status=waiting
2026-08-22T22:05:13.2335777Z [2026-08-22 22:05:13] [INFO] Polling external DP ranks: ready=2/10
2026-08-22T22:05:13.2348403Z   node=0 rank=0 role=prefiller url=http://10.0.0.139:7100/health status=ready
2026-08-22T22:05:13.2361226Z   node=1 rank=0 role=prefiller url=http://10.0.0.111:7100/health status=ready
2026-08-22T22:05:13.2373403Z   node=2 rank=0 role=decoder url=http://10.0.0.164:7100/health status=waiting
2026-08-22T22:05:13.2384788Z   node=2 rank=1 role=decoder url=http://10.0.0.164:7101/health status=waiting
2026-08-22T22:05:13.2396712Z   node=2 rank=2 role=decoder url=http://10.0.0.164:7102/health status=waiting
2026-08-22T22:05:13.2408413Z   node=2 rank=3 role=decoder url=http://10.0.0.164:7103/health status=waiting
2026-08-22T22:05:13.2419810Z   node=3 rank=0 role=decoder url=http://10.0.0.51:7100/health status=waiting
2026-08-22T22:05:13.2431575Z   node=3 rank=1 role=decoder url=http://10.0.0.51:7101/health status=waiting
2026-08-22T22:05:13.2443269Z   node=3 rank=2 role=decoder url=http://10.0.0.51:7102/health status=waiting
2026-08-22T22:05:13.2455333Z   node=3 rank=3 role=decoder url=http://10.0.0.51:7103/health status=waiting
2026-08-22T22:05:43.2796990Z [2026-08-22 22:05:43] [INFO] Polling external DP ranks: ready=2/10
2026-08-22T22:05:43.2809746Z   node=0 rank=0 role=prefiller url=http://10.0.0.139:7100/health status=ready
2026-08-22T22:05:43.2822550Z   node=1 rank=0 role=prefiller url=http://10.0.0.111:7100/health status=ready
2026-08-22T22:05:43.2835512Z   node=2 rank=0 role=decoder url=http://10.0.0.164:7100/health status=waiting
2026-08-22T22:05:43.2848375Z   node=2 rank=1 role=decoder url=http://10.0.0.164:7101/health status=waiting
2026-08-22T22:05:43.2861111Z   node=2 rank=2 role=decoder url=http://10.0.0.164:7102/health status=waiting
2026-08-22T22:05:43.2874617Z   node=2 rank=3 role=decoder url=http://10.0.0.164:7103/health status=waiting
2026-08-22T22:05:43.2886896Z   node=3 rank=0 role=decoder url=http://10.0.0.51:7100/health status=waiting
2026-08-22T22:05:43.2898771Z   node=3 rank=1 role=decoder url=http://10.0.0.51:7101/health status=waiting
2026-08-22T22:05:43.2911766Z   node=3 rank=2 role=decoder url=http://10.0.0.51:7102/health status=waiting
2026-08-22T22:05:43.2924238Z   node=3 rank=3 role=decoder url=http://10.0.0.51:7103/health status=waiting
2026-08-22T22:06:13.3248394Z [2026-08-22 22:06:13] [INFO] Polling external DP ranks: ready=2/10
2026-08-22T22:06:13.3266860Z   node=0 rank=0 role=prefiller url=http://10.0.0.139:7100/health status=ready
2026-08-22T22:06:13.3278215Z   node=1 rank=0 role=prefiller url=http://10.0.0.111:7100/health status=ready
2026-08-22T22:06:13.3291457Z   node=2 rank=0 role=decoder url=http://10.0.0.164:7100/health status=waiting
2026-08-22T22:06:13.3318132Z   node=2 rank=1 role=decoder url=http://10.0.0.164:7101/health status=waiting
2026-08-22T22:06:13.3331523Z   node=2 rank=2 role=decoder url=http://10.0.0.164:7102/health status=waiting
2026-08-22T22:06:13.3347295Z   node=2 rank=3 role=decoder url=http://10.0.0.164:7103/health status=waiting
2026-08-22T22:06:13.3359664Z   node=3 rank=0 role=decoder url=http://10.0.0.51:7100/health status=waiting
2026-08-22T22:06:13.3371973Z   node=3 rank=1 role=decoder url=http://10.0.0.51:7101/health status=waiting
2026-08-22T22:06:13.3384748Z   node=3 rank=2 role=decoder url=http://10.0.0.51:7102/health status=waiting
2026-08-22T22:06:13.3396945Z   node=3 rank=3 role=decoder url=http://10.0.0.51:7103/health status=waiting
2026-08-22T22:06:43.3718458Z [2026-08-22 22:06:43] [INFO] Polling external DP ranks: ready=2/10
2026-08-22T22:06:43.3743048Z   node=0 rank=0 role=prefiller url=http://10.0.0.139:7100/health status=ready
2026-08-22T22:06:43.3754773Z   node=1 rank=0 role=prefiller url=http://10.0.0.111:7100/health status=ready
2026-08-22T22:06:43.3767029Z   node=2 rank=0 role=decoder url=http://10.0.0.164:7100/health status=waiting
2026-08-22T22:06:43.3778722Z   node=2 rank=1 role=decoder url=http://10.0.0.164:7101/health status=waiting
2026-08-22T22:06:43.3790701Z   node=2 rank=2 role=decoder url=http://10.0.0.164:7102/health status=waiting
2026-08-22T22:06:43.3802514Z   node=2 rank=3 role=decoder url=http://10.0.0.164:7103/health status=waiting
2026-08-22T22:06:43.3813403Z   node=3 rank=0 role=decoder url=http://10.0.0.51:7100/health status=waiting
2026-08-22T22:06:43.3824894Z   node=3 rank=1 role=decoder url=http://10.0.0.51:7101/health status=waiting
2026-08-22T22:06:43.3864237Z   node=3 rank=2 role=decoder url=http://10.0.0.51:7102/health status=waiting
2026-08-22T22:06:43.3864781Z   node=3 rank=3 role=decoder url=http://10.0.0.51:7103/health status=waiting
2026-08-22T22:07:13.4186632Z [2026-08-22 22:07:13] [INFO] Polling external DP ranks: ready=2/10
2026-08-22T22:07:13.4200694Z   node=0 rank=0 role=prefiller url=http://10.0.0.139:7100/health status=ready
2026-08-22T22:07:13.4213343Z   node=1 rank=0 role=prefiller url=http://10.0.0.111:7100/health status=ready
2026-08-22T22:07:13.4223981Z   node=2 rank=0 role=decoder url=http://10.0.0.164:7100/health status=waiting
2026-08-22T22:07:13.4235525Z   node=2 rank=1 role=decoder url=http://10.0.0.164:7101/health status=waiting
2026-08-22T22:07:13.4247556Z   node=2 rank=2 role=decoder url=http://10.0.0.164:7102/health status=waiting
2026-08-22T22:07:13.4259359Z   node=2 rank=3 role=decoder url=http://10.0.0.164:7103/health status=waiting
2026-08-22T22:07:13.4270477Z   node=3 rank=0 role=decoder url=http://10.0.0.51:7100/health status=waiting
2026-08-22T22:07:13.4282048Z   node=3 rank=1 role=decoder url=http://10.0.0.51:7101/health status=waiting
2026-08-22T22:07:13.4294045Z   node=3 rank=2 role=decoder url=http://10.0.0.51:7102/health status=waiting
2026-08-22T22:07:13.4305252Z   node=3 rank=3 role=decoder url=http://10.0.0.51:7103/health status=waiting
2026-08-22T22:07:43.4662685Z [2026-08-22 22:07:43] [INFO] Polling external DP ranks: ready=2/10
2026-08-22T22:07:43.4677954Z   node=0 rank=0 role=prefiller url=http://10.0.0.139:7100/health status=ready
2026-08-22T22:07:43.4690542Z   node=1 rank=0 role=prefiller url=http://10.0.0.111:7100/health status=ready
2026-08-22T22:07:43.4703443Z   node=2 rank=0 role=decoder url=http://10.0.0.164:7100/health status=waiting
2026-08-22T22:07:43.4717190Z   node=2 rank=1 role=decoder url=http://10.0.0.164:7101/health status=waiting
2026-08-22T22:07:43.4728306Z   node=2 rank=2 role=decoder url=http://10.0.0.164:7102/health status=waiting
2026-08-22T22:07:43.4741375Z   node=2 rank=3 role=decoder url=http://10.0.0.164:7103/health status=waiting
2026-08-22T22:07:43.4757357Z   node=3 rank=0 role=decoder url=http://10.0.0.51:7100/health status=waiting
2026-08-22T22:07:43.4768882Z   node=3 rank=1 role=decoder url=http://10.0.0.51:7101/health status=waiting
2026-08-22T22:07:43.4780359Z   node=3 rank=2 role=decoder url=http://10.0.0.51:7102/health status=waiting
2026-08-22T22:07:43.4792847Z   node=3 rank=3 role=decoder url=http://10.0.0.51:7103/health status=waiting
2026-08-22T22:08:13.5166385Z [2026-08-22 22:08:13] [INFO] Polling external DP ranks: ready=2/10
2026-08-22T22:08:13.5179560Z   node=0 rank=0 role=prefiller url=http://10.0.0.139:7100/health status=ready
2026-08-22T22:08:13.5191681Z   node=1 rank=0 role=prefiller url=http://10.0.0.111:7100/health status=ready
2026-08-22T22:08:13.5204399Z   node=2 rank=0 role=decoder url=http://10.0.0.164:7100/health status=waiting
2026-08-22T22:08:13.5215589Z   node=2 rank=1 role=decoder url=http://10.0.0.164:7101/health status=waiting
2026-08-22T22:08:13.5227011Z   node=2 rank=2 role=decoder url=http://10.0.0.164:7102/health status=waiting
2026-08-22T22:08:13.5242676Z   node=2 rank=3 role=decoder url=http://10.0.0.164:7103/health status=waiting
2026-08-22T22:08:13.5249058Z   node=3 rank=0 role=decoder url=http://10.0.0.51:7100/health status=waiting
2026-08-22T22:08:13.5260678Z   node=3 rank=1 role=decoder url=http://10.0.0.51:7101/health status=waiting
2026-08-22T22:08:13.5271818Z   node=3 rank=2 role=decoder url=http://10.0.0.51:7102/health status=waiting
2026-08-22T22:08:13.5282722Z   node=3 rank=3 role=decoder url=http://10.0.0.51:7103/health status=waiting
2026-08-22T22:08:43.5610521Z [2026-08-22 22:08:43] [INFO] Polling external DP ranks: ready=2/10
2026-08-22T22:08:43.5621972Z   node=0 rank=0 role=prefiller url=http://10.0.0.139:7100/health status=ready
2026-08-22T22:08:43.5650396Z   node=1 rank=0 role=prefiller url=http://10.0.0.111:7100/health status=ready
2026-08-22T22:08:43.5650959Z   node=2 rank=0 role=decoder url=http://10.0.0.164:7100/health status=waiting
2026-08-22T22:08:43.5656890Z   node=2 rank=1 role=decoder url=http://10.0.0.164:7101/health status=waiting
2026-08-22T22:08:43.5670018Z   node=2 rank=2 role=decoder url=http://10.0.0.164:7102/health status=waiting
2026-08-22T22:08:43.5682604Z   node=2 rank=3 role=decoder url=http://10.0.0.164:7103/health status=waiting
2026-08-22T22:08:43.5694901Z   node=3 rank=0 role=decoder url=http://10.0.0.51:7100/health status=waiting
2026-08-22T22:08:43.5707214Z   node=3 rank=1 role=decoder url=http://10.0.0.51:7101/health status=waiting
2026-08-22T22:08:43.5718134Z   node=3 rank=2 role=decoder url=http://10.0.0.51:7102/health status=waiting
2026-08-22T22:08:43.5729877Z   node=3 rank=3 role=decoder url=http://10.0.0.51:7103/health status=waiting
2026-08-22T22:09:13.6062670Z [2026-08-22 22:09:13] [INFO] Polling external DP ranks: ready=2/10
2026-08-22T22:09:13.6074451Z   node=0 rank=0 role=prefiller url=http://10.0.0.139:7100/health status=ready
2026-08-22T22:09:13.6087172Z   node=1 rank=0 role=prefiller url=http://10.0.0.111:7100/health status=ready
2026-08-22T22:09:13.6098637Z   node=2 rank=0 role=decoder url=http://10.0.0.164:7100/health status=waiting
2026-08-22T22:09:13.6109321Z   node=2 rank=1 role=decoder url=http://10.0.0.164:7101/health status=waiting
2026-08-22T22:09:13.6120640Z   node=2 rank=2 role=decoder url=http://10.0.0.164:7102/health status=waiting
2026-08-22T22:09:13.6132171Z   node=2 rank=3 role=decoder url=http://10.0.0.164:7103/health status=waiting
2026-08-22T22:09:13.6142905Z   node=3 rank=0 role=decoder url=http://10.0.0.51:7100/health status=waiting
2026-08-22T22:09:13.6154680Z   node=3 rank=1 role=decoder url=http://10.0.0.51:7101/health status=waiting
2026-08-22T22:09:13.6166045Z   node=3 rank=2 role=decoder url=http://10.0.0.51:7102/health status=waiting
2026-08-22T22:09:13.6177268Z   node=3 rank=3 role=decoder url=http://10.0.0.51:7103/health status=waiting
2026-08-22T22:09:43.6551212Z [2026-08-22 22:09:43] [INFO] Polling external DP ranks: ready=2/10
2026-08-22T22:09:43.6561751Z   node=0 rank=0 role=prefiller url=http://10.0.0.139:7100/health status=ready
2026-08-22T22:09:43.6573478Z   node=1 rank=0 role=prefiller url=http://10.0.0.111:7100/health status=ready
2026-08-22T22:09:43.6584306Z   node=2 rank=0 role=decoder url=http://10.0.0.164:7100/health status=waiting
2026-08-22T22:09:43.6595390Z   node=2 rank=1 role=decoder url=http://10.0.0.164:7101/health status=waiting
2026-08-22T22:09:43.6606232Z   node=2 rank=2 role=decoder url=http://10.0.0.164:7102/health status=waiting
2026-08-22T22:09:43.6616966Z   node=2 rank=3 role=decoder url=http://10.0.0.164:7103/health status=waiting
2026-08-22T22:09:43.6627877Z   node=3 rank=0 role=decoder url=http://10.0.0.51:7100/health status=waiting
2026-08-22T22:09:43.6639942Z   node=3 rank=1 role=decoder url=http://10.0.0.51:7101/health status=waiting
2026-08-22T22:09:43.6651629Z   node=3 rank=2 role=decoder url=http://10.0.0.51:7102/health status=waiting
2026-08-22T22:09:43.6662607Z   node=3 rank=3 role=decoder url=http://10.0.0.51:7103/health status=waiting
2026-08-22T22:10:13.7022615Z [2026-08-22 22:10:13] [INFO] Polling external DP ranks: ready=2/10
2026-08-22T22:10:13.7083925Z   node=0 rank=0 role=prefiller url=http://10.0.0.139:7100/health status=ready
2026-08-22T22:10:13.7094888Z   node=1 rank=0 role=prefiller url=http://10.0.0.111:7100/health status=ready
2026-08-22T22:10:13.7106686Z   node=2 rank=0 role=decoder url=http://10.0.0.164:7100/health status=waiting
2026-08-22T22:10:13.7119044Z   node=2 rank=1 role=decoder url=http://10.0.0.164:7101/health status=waiting
2026-08-22T22:10:13.7130530Z   node=2 rank=2 role=decoder url=http://10.0.0.164:7102/health status=waiting
2026-08-22T22:10:13.7142896Z   node=2 rank=3 role=decoder url=http://10.0.0.164:7103/health status=waiting
2026-08-22T22:10:13.7154516Z   node=3 rank=0 role=decoder url=http://10.0.0.51:7100/health status=waiting
2026-08-22T22:10:13.7166279Z   node=3 rank=1 role=decoder url=http://10.0.0.51:7101/health status=waiting
2026-08-22T22:10:13.7178160Z   node=3 rank=2 role=decoder url=http://10.0.0.51:7102/health status=waiting
2026-08-22T22:10:13.7189722Z   node=3 rank=3 role=decoder url=http://10.0.0.51:7103/health status=waiting
2026-08-22T22:10:43.7490043Z [2026-08-22 22:10:43] [INFO] Polling external DP ranks: ready=2/10
2026-08-22T22:10:43.7505009Z   node=0 rank=0 role=prefiller url=http://10.0.0.139:7100/health status=ready
2026-08-22T22:10:43.7518613Z   node=1 rank=0 role=prefiller url=http://10.0.0.111:7100/health status=ready
2026-08-22T22:10:43.7531690Z   node=2 rank=0 role=decoder url=http://10.0.0.164:7100/health status=waiting
2026-08-22T22:10:43.7543084Z   node=2 rank=1 role=decoder url=http://10.0.0.164:7101/health status=waiting
2026-08-22T22:10:43.7555613Z   node=2 rank=2 role=decoder url=http://10.0.0.164:7102/health status=waiting
2026-08-22T22:10:43.7567849Z   node=2 rank=3 role=decoder url=http://10.0.0.164:7103/health status=waiting
2026-08-22T22:10:43.7579675Z   node=3 rank=0 role=decoder url=http://10.0.0.51:7100/health status=waiting
2026-08-22T22:10:43.7592918Z   node=3 rank=1 role=decoder url=http://10.0.0.51:7101/health status=waiting
2026-08-22T22:10:43.7603719Z   node=3 rank=2 role=decoder url=http://10.0.0.51:7102/health status=waiting
2026-08-22T22:10:43.7616603Z   node=3 rank=3 role=decoder url=http://10.0.0.51:7103/health status=waiting
2026-08-22T22:11:13.7981302Z [2026-08-22 22:11:13] [INFO] Polling external DP ranks: ready=2/10
2026-08-22T22:11:13.7993782Z   node=0 rank=0 role=prefiller url=http://10.0.0.139:7100/health status=ready
2026-08-22T22:11:13.8004982Z   node=1 rank=0 role=prefiller url=http://10.0.0.111:7100/health status=ready
2026-08-22T22:11:13.8017043Z   node=2 rank=0 role=decoder url=http://10.0.0.164:7100/health status=waiting
2026-08-22T22:11:13.8028887Z   node=2 rank=1 role=decoder url=http://10.0.0.164:7101/health status=waiting
2026-08-22T22:11:13.8040657Z   node=2 rank=2 role=decoder url=http://10.0.0.164:7102/health status=waiting
2026-08-22T22:11:13.8051970Z   node=2 rank=3 role=decoder url=http://10.0.0.164:7103/health status=waiting
2026-08-22T22:11:13.8063201Z   node=3 rank=0 role=decoder url=http://10.0.0.51:7100/health status=waiting
2026-08-22T22:11:13.8075224Z   node=3 rank=1 role=decoder url=http://10.0.0.51:7101/health status=waiting
2026-08-22T22:11:13.8086956Z   node=3 rank=2 role=decoder url=http://10.0.0.51:7102/health status=waiting
2026-08-22T22:11:13.8098354Z   node=3 rank=3 role=decoder url=http://10.0.0.51:7103/health status=waiting
2026-08-22T22:11:43.8468883Z [2026-08-22 22:11:43] [INFO] Polling external DP ranks: ready=2/10
2026-08-22T22:11:43.8480606Z   node=0 rank=0 role=prefiller url=http://10.0.0.139:7100/health status=ready
2026-08-22T22:11:43.8493328Z   node=1 rank=0 role=prefiller url=http://10.0.0.111:7100/health status=ready
2026-08-22T22:11:43.8504923Z   node=2 rank=0 role=decoder url=http://10.0.0.164:7100/health status=waiting
2026-08-22T22:11:43.8516873Z   node=2 rank=1 role=decoder url=http://10.0.0.164:7101/health status=waiting
2026-08-22T22:11:43.8528695Z   node=2 rank=2 role=decoder url=http://10.0.0.164:7102/health status=waiting
2026-08-22T22:11:43.8539066Z   node=2 rank=3 role=decoder url=http://10.0.0.164:7103/health status=waiting
2026-08-22T22:11:43.8550613Z   node=3 rank=0 role=decoder url=http://10.0.0.51:7100/health status=waiting
2026-08-22T22:11:43.8561660Z   node=3 rank=1 role=decoder url=http://10.0.0.51:7101/health status=waiting
2026-08-22T22:11:43.8573239Z   node=3 rank=2 role=decoder url=http://10.0.0.51:7102/health status=waiting
2026-08-22T22:11:43.8584994Z   node=3 rank=3 role=decoder url=http://10.0.0.51:7103/health status=waiting
2026-08-22T22:12:13.8964593Z [2026-08-22 22:12:13] [INFO] Polling external DP ranks: ready=2/10
2026-08-22T22:12:13.9093538Z   node=0 rank=0 role=prefiller url=http://10.0.0.139:7100/health status=ready
2026-08-22T22:12:13.9105258Z   node=1 rank=0 role=prefiller url=http://10.0.0.111:7100/health status=ready
2026-08-22T22:12:13.9117255Z   node=2 rank=0 role=decoder url=http://10.0.0.164:7100/health status=waiting
2026-08-22T22:12:13.9128478Z   node=2 rank=1 role=decoder url=http://10.0.0.164:7101/health status=waiting
2026-08-22T22:12:13.9139506Z   node=2 rank=2 role=decoder url=http://10.0.0.164:7102/health status=waiting
2026-08-22T22:12:13.9151405Z   node=2 rank=3 role=decoder url=http://10.0.0.164:7103/health status=waiting
2026-08-22T22:12:13.9162229Z   node=3 rank=0 role=decoder url=http://10.0.0.51:7100/health status=waiting
2026-08-22T22:12:13.9173886Z   node=3 rank=1 role=decoder url=http://10.0.0.51:7101/health status=waiting
2026-08-22T22:12:13.9185183Z   node=3 rank=2 role=decoder url=http://10.0.0.51:7102/health status=waiting
2026-08-22T22:12:13.9197305Z   node=3 rank=3 role=decoder url=http://10.0.0.51:7103/health status=waiting
2026-08-22T22:12:43.9466534Z [2026-08-22 22:12:43] [INFO] Polling external DP ranks: ready=2/10
2026-08-22T22:12:43.9478712Z   node=0 rank=0 role=prefiller url=http://10.0.0.139:7100/health status=ready
2026-08-22T22:12:43.9490321Z   node=1 rank=0 role=prefiller url=http://10.0.0.111:7100/health status=ready
2026-08-22T22:12:43.9501711Z   node=2 rank=0 role=decoder url=http://10.0.0.164:7100/health status=waiting
2026-08-22T22:12:43.9513214Z   node=2 rank=1 role=decoder url=http://10.0.0.164:7101/health status=waiting
2026-08-22T22:12:43.9523935Z   node=2 rank=2 role=decoder url=http://10.0.0.164:7102/health status=waiting
2026-08-22T22:12:43.9535302Z   node=2 rank=3 role=decoder url=http://10.0.0.164:7103/health status=waiting
2026-08-22T22:12:43.9546658Z   node=3 rank=0 role=decoder url=http://10.0.0.51:7100/health status=waiting
2026-08-22T22:12:43.9557654Z   node=3 rank=1 role=decoder url=http://10.0.0.51:7101/health status=waiting
2026-08-22T22:12:43.9568254Z   node=3 rank=2 role=decoder url=http://10.0.0.51:7102/health status=waiting
2026-08-22T22:12:43.9579478Z   node=3 rank=3 role=decoder url=http://10.0.0.51:7103/health status=waiting
2026-08-22T22:13:13.9963483Z [2026-08-22 22:13:13] [INFO] Polling external DP ranks: ready=2/10
2026-08-22T22:13:13.9976593Z   node=0 rank=0 role=prefiller url=http://10.0.0.139:7100/health status=ready
2026-08-22T22:13:13.9987756Z   node=1 rank=0 role=prefiller url=http://10.0.0.111:7100/health status=ready
2026-08-22T22:13:14.0000573Z   node=2 rank=0 role=decoder url=http://10.0.0.164:7100/health status=waiting
2026-08-22T22:13:14.0012158Z   node=2 rank=1 role=decoder url=http://10.0.0.164:7101/health status=waiting
2026-08-22T22:13:14.0024670Z   node=2 rank=2 role=decoder url=http://10.0.0.164:7102/health status=waiting
2026-08-22T22:13:14.0036261Z   node=2 rank=3 role=decoder url=http://10.0.0.164:7103/health status=waiting
2026-08-22T22:13:14.0047240Z   node=3 rank=0 role=decoder url=http://10.0.0.51:7100/health status=waiting
2026-08-22T22:13:14.0058963Z   node=3 rank=1 role=decoder url=http://10.0.0.51:7101/health status=waiting
2026-08-22T22:13:14.0070724Z   node=3 rank=2 role=decoder url=http://10.0.0.51:7102/health status=waiting
2026-08-22T22:13:14.0083127Z   node=3 rank=3 role=decoder url=http://10.0.0.51:7103/health status=waiting
2026-08-22T22:13:44.0454435Z [2026-08-22 22:13:44] [INFO] Polling external DP ranks: ready=2/10
2026-08-22T22:13:44.0467560Z   node=0 rank=0 role=prefiller url=http://10.0.0.139:7100/health status=ready
2026-08-22T22:13:44.0479443Z   node=1 rank=0 role=prefiller url=http://10.0.0.111:7100/health status=ready
2026-08-22T22:13:44.0491051Z   node=2 rank=0 role=decoder url=http://10.0.0.164:7100/health status=waiting
2026-08-22T22:13:44.0500902Z   node=2 rank=1 role=decoder url=http://10.0.0.164:7101/health status=waiting
2026-08-22T22:13:44.0511809Z   node=2 rank=2 role=decoder url=http://10.0.0.164:7102/health status=waiting
2026-08-22T22:13:44.0523149Z   node=2 rank=3 role=decoder url=http://10.0.0.164:7103/health status=waiting
2026-08-22T22:13:44.0533882Z   node=3 rank=0 role=decoder url=http://10.0.0.51:7100/health status=waiting
2026-08-22T22:13:44.0544756Z   node=3 rank=1 role=decoder url=http://10.0.0.51:7101/health status=waiting
2026-08-22T22:13:44.0555217Z   node=3 rank=2 role=decoder url=http://10.0.0.51:7102/health status=waiting
2026-08-22T22:13:44.0566048Z   node=3 rank=3 role=decoder url=http://10.0.0.51:7103/health status=waiting
2026-08-22T22:14:14.0977079Z [2026-08-22 22:14:14] [INFO] Polling external DP ranks: ready=2/10
2026-08-22T22:14:14.0991182Z   node=0 rank=0 role=prefiller url=http://10.0.0.139:7100/health status=ready
2026-08-22T22:14:14.1000996Z   node=1 rank=0 role=prefiller url=http://10.0.0.111:7100/health status=ready
2026-08-22T22:14:14.1012284Z   node=2 rank=0 role=decoder url=http://10.0.0.164:7100/health status=waiting
2026-08-22T22:14:14.1024001Z   node=2 rank=1 role=decoder url=http://10.0.0.164:7101/health status=waiting
2026-08-22T22:14:14.1035580Z   node=2 rank=2 role=decoder url=http://10.0.0.164:7102/health status=waiting
2026-08-22T22:14:14.1047037Z   node=2 rank=3 role=decoder url=http://10.0.0.164:7103/health status=waiting
2026-08-22T22:14:14.1057806Z   node=3 rank=0 role=decoder url=http://10.0.0.51:7100/health status=waiting
2026-08-22T22:14:14.1069471Z   node=3 rank=1 role=decoder url=http://10.0.0.51:7101/health status=waiting
2026-08-22T22:14:14.1080064Z   node=3 rank=2 role=decoder url=http://10.0.0.51:7102/health status=waiting
2026-08-22T22:14:14.1090919Z   node=3 rank=3 role=decoder url=http://10.0.0.51:7103/health status=waiting
2026-08-22T22:14:44.1389081Z [2026-08-22 22:14:44] [INFO] Polling external DP ranks: ready=2/10
2026-08-22T22:14:44.1402654Z   node=0 rank=0 role=prefiller url=http://10.0.0.139:7100/health status=ready
2026-08-22T22:14:44.1415052Z   node=1 rank=0 role=prefiller url=http://10.0.0.111:7100/health status=ready
2026-08-22T22:14:44.1427343Z   node=2 rank=0 role=decoder url=http://10.0.0.164:7100/health status=waiting
2026-08-22T22:14:44.1440038Z   node=2 rank=1 role=decoder url=http://10.0.0.164:7101/health status=waiting
2026-08-22T22:14:44.1452282Z   node=2 rank=2 role=decoder url=http://10.0.0.164:7102/health status=waiting
2026-08-22T22:14:44.1464203Z   node=2 rank=3 role=decoder url=http://10.0.0.164:7103/health status=waiting
2026-08-22T22:14:44.1476277Z   node=3 rank=0 role=decoder url=http://10.0.0.51:7100/health status=waiting
2026-08-22T22:14:44.1489019Z   node=3 rank=1 role=decoder url=http://10.0.0.51:7101/health status=waiting
2026-08-22T22:14:44.1507567Z   node=3 rank=2 role=decoder url=http://10.0.0.51:7102/health status=waiting
2026-08-22T22:14:44.1519913Z   node=3 rank=3 role=decoder url=http://10.0.0.51:7103/health status=waiting
2026-08-22T22:15:14.1845737Z [2026-08-22 22:15:14] [INFO] Polling external DP ranks: ready=2/10
2026-08-22T22:15:14.1909864Z   node=0 rank=0 role=prefiller url=http://10.0.0.139:7100/health status=ready
2026-08-22T22:15:14.1924696Z   node=1 rank=0 role=prefiller url=http://10.0.0.111:7100/health status=ready
2026-08-22T22:15:14.1939776Z   node=2 rank=0 role=decoder url=http://10.0.0.164:7100/health status=waiting
2026-08-22T22:15:14.1952342Z   node=2 rank=1 role=decoder url=http://10.0.0.164:7101/health status=waiting
2026-08-22T22:15:14.1964603Z   node=2 rank=2 role=decoder url=http://10.0.0.164:7102/health status=waiting
2026-08-22T22:15:14.1977406Z   node=2 rank=3 role=decoder url=http://10.0.0.164:7103/health status=waiting
2026-08-22T22:15:14.1989534Z   node=3 rank=0 role=decoder url=http://10.0.0.51:7100/health status=waiting
2026-08-22T22:15:14.2000803Z   node=3 rank=1 role=decoder url=http://10.0.0.51:7101/health status=waiting
2026-08-22T22:15:14.2012837Z   node=3 rank=2 role=decoder url=http://10.0.0.51:7102/health status=waiting
2026-08-22T22:15:14.2024951Z   node=3 rank=3 role=decoder url=http://10.0.0.51:7103/health status=waiting
2026-08-22T22:15:44.2299513Z [2026-08-22 22:15:44] [INFO] Polling external DP ranks: ready=2/10
2026-08-22T22:15:44.2312788Z   node=0 rank=0 role=prefiller url=http://10.0.0.139:7100/health status=ready
2026-08-22T22:15:44.2325390Z   node=1 rank=0 role=prefiller url=http://10.0.0.111:7100/health status=ready
2026-08-22T22:15:44.2337877Z   node=2 rank=0 role=decoder url=http://10.0.0.164:7100/health status=waiting
2026-08-22T22:15:44.2350685Z   node=2 rank=1 role=decoder url=http://10.0.0.164:7101/health status=waiting
2026-08-22T22:15:44.2362681Z   node=2 rank=2 role=decoder url=http://10.0.0.164:7102/health status=waiting
2026-08-22T22:15:44.2373981Z   node=2 rank=3 role=decoder url=http://10.0.0.164:7103/health status=waiting
2026-08-22T22:15:44.2386246Z   node=3 rank=0 role=decoder url=http://10.0.0.51:7100/health status=waiting
2026-08-22T22:15:44.2398426Z   node=3 rank=1 role=decoder url=http://10.0.0.51:7101/health status=waiting
2026-08-22T22:15:44.2410852Z   node=3 rank=2 role=decoder url=http://10.0.0.51:7102/health status=waiting
2026-08-22T22:15:44.2422523Z   node=3 rank=3 role=decoder url=http://10.0.0.51:7103/health status=waiting
2026-08-22T22:16:14.2739025Z [2026-08-22 22:16:14] [INFO] Polling external DP ranks: ready=2/10
2026-08-22T22:16:14.2761536Z   node=0 rank=0 role=prefiller url=http://10.0.0.139:7100/health status=ready
2026-08-22T22:16:14.2773406Z   node=1 rank=0 role=prefiller url=http://10.0.0.111:7100/health status=ready
2026-08-22T22:16:14.2785908Z   node=2 rank=0 role=decoder url=http://10.0.0.164:7100/health status=waiting
2026-08-22T22:16:14.2797868Z   node=2 rank=1 role=decoder url=http://10.0.0.164:7101/health status=waiting
2026-08-22T22:16:14.2808849Z   node=2 rank=2 role=decoder url=http://10.0.0.164:7102/health status=waiting
2026-08-22T22:16:14.2821289Z   node=2 rank=3 role=decoder url=http://10.0.0.164:7103/health status=waiting
2026-08-22T22:16:14.2831946Z   node=3 rank=0 role=decoder url=http://10.0.0.51:7100/health status=waiting
2026-08-22T22:16:14.2842955Z   node=3 rank=1 role=decoder url=http://10.0.0.51:7101/health status=waiting
2026-08-22T22:16:14.2853590Z   node=3 rank=2 role=decoder url=http://10.0.0.51:7102/health status=waiting
2026-08-22T22:16:14.2866574Z   node=3 rank=3 role=decoder url=http://10.0.0.51:7103/health status=waiting
2026-08-22T22:16:44.3181142Z [2026-08-22 22:16:44] [INFO] Polling external DP ranks: ready=2/10
2026-08-22T22:16:44.3196556Z   node=0 rank=0 role=prefiller url=http://10.0.0.139:7100/health status=ready
2026-08-22T22:16:44.3212094Z   node=1 rank=0 role=prefiller url=http://10.0.0.111:7100/health status=ready
2026-08-22T22:16:44.3227755Z   node=2 rank=0 role=decoder url=http://10.0.0.164:7100/health status=waiting
2026-08-22T22:16:44.3243148Z   node=2 rank=1 role=decoder url=http://10.0.0.164:7101/health status=waiting
2026-08-22T22:16:44.3257850Z   node=2 rank=2 role=decoder url=http://10.0.0.164:7102/health status=waiting
2026-08-22T22:16:44.3271495Z   node=2 rank=3 role=decoder url=http://10.0.0.164:7103/health status=waiting
2026-08-22T22:16:44.3283906Z   node=3 rank=0 role=decoder url=http://10.0.0.51:7100/health status=waiting
2026-08-22T22:16:44.3296436Z   node=3 rank=1 role=decoder url=http://10.0.0.51:7101/health status=waiting
2026-08-22T22:16:44.3308948Z   node=3 rank=2 role=decoder url=http://10.0.0.51:7102/health status=waiting
2026-08-22T22:16:44.3321701Z   node=3 rank=3 role=decoder url=http://10.0.0.51:7103/health status=waiting
2026-08-22T22:17:14.3634898Z [2026-08-22 22:17:14] [INFO] Polling external DP ranks: ready=2/10
2026-08-22T22:17:14.3646806Z   node=0 rank=0 role=prefiller url=http://10.0.0.139:7100/health status=ready
2026-08-22T22:17:14.3656980Z   node=1 rank=0 role=prefiller url=http://10.0.0.111:7100/health status=ready
2026-08-22T22:17:14.3668705Z   node=2 rank=0 role=decoder url=http://10.0.0.164:7100/health status=waiting
2026-08-22T22:17:14.3681072Z   node=2 rank=1 role=decoder url=http://10.0.0.164:7101/health status=waiting
2026-08-22T22:17:14.3692960Z   node=2 rank=2 role=decoder url=http://10.0.0.164:7102/health status=waiting
2026-08-22T22:17:14.3705245Z   node=2 rank=3 role=decoder url=http://10.0.0.164:7103/health status=waiting
2026-08-22T22:17:14.3717369Z   node=3 rank=0 role=decoder url=http://10.0.0.51:7100/health status=waiting
2026-08-22T22:17:14.3727876Z   node=3 rank=1 role=decoder url=http://10.0.0.51:7101/health status=waiting
2026-08-22T22:17:14.3738266Z   node=3 rank=2 role=decoder url=http://10.0.0.51:7102/health status=waiting
2026-08-22T22:17:14.3749697Z   node=3 rank=3 role=decoder url=http://10.0.0.51:7103/health status=waiting
2026-08-22T22:17:44.4056805Z [2026-08-22 22:17:44] [INFO] Polling external DP ranks: ready=2/10
2026-08-22T22:17:44.4071691Z   node=0 rank=0 role=prefiller url=http://10.0.0.139:7100/health status=ready
2026-08-22T22:17:44.4082564Z   node=1 rank=0 role=prefiller url=http://10.0.0.111:7100/health status=ready
2026-08-22T22:17:44.4094108Z   node=2 rank=0 role=decoder url=http://10.0.0.164:7100/health status=waiting
2026-08-22T22:17:44.4106740Z   node=2 rank=1 role=decoder url=http://10.0.0.164:7101/health status=waiting
2026-08-22T22:17:44.4115912Z   node=2 rank=2 role=decoder url=http://10.0.0.164:7102/health status=waiting
2026-08-22T22:17:44.4126037Z   node=2 rank=3 role=decoder url=http://10.0.0.164:7103/health status=waiting
2026-08-22T22:17:44.4136828Z   node=3 rank=0 role=decoder url=http://10.0.0.51:7100/health status=waiting
2026-08-22T22:17:44.4147261Z   node=3 rank=1 role=decoder url=http://10.0.0.51:7101/health status=waiting
2026-08-22T22:17:44.4158827Z   node=3 rank=2 role=decoder url=http://10.0.0.51:7102/health status=waiting
2026-08-22T22:17:44.4168531Z   node=3 rank=3 role=decoder url=http://10.0.0.51:7103/health status=waiting
2026-08-22T22:18:14.4479700Z [2026-08-22 22:18:14] [INFO] Polling external DP ranks: ready=2/10
2026-08-22T22:18:14.4492566Z   node=0 rank=0 role=prefiller url=http://10.0.0.139:7100/health status=ready
2026-08-22T22:18:14.4503983Z   node=1 rank=0 role=prefiller url=http://10.0.0.111:7100/health status=ready
2026-08-22T22:18:14.4516723Z   node=2 rank=0 role=decoder url=http://10.0.0.164:7100/health status=waiting
2026-08-22T22:18:14.4528040Z   node=2 rank=1 role=decoder url=http://10.0.0.164:7101/health status=waiting
2026-08-22T22:18:14.4539839Z   node=2 rank=2 role=decoder url=http://10.0.0.164:7102/health status=waiting
2026-08-22T22:18:14.4551597Z   node=2 rank=3 role=decoder url=http://10.0.0.164:7103/health status=waiting
2026-08-22T22:18:14.4562616Z   node=3 rank=0 role=decoder url=http://10.0.0.51:7100/health status=waiting
2026-08-22T22:18:14.4573709Z   node=3 rank=1 role=decoder url=http://10.0.0.51:7101/health status=waiting
2026-08-22T22:18:14.4584691Z   node=3 rank=2 role=decoder url=http://10.0.0.51:7102/health status=waiting
2026-08-22T22:18:14.4596835Z   node=3 rank=3 role=decoder url=http://10.0.0.51:7103/health status=waiting
2026-08-22T22:18:44.4908666Z [2026-08-22 22:18:44] [INFO] Polling external DP ranks: ready=2/10
2026-08-22T22:18:44.4922762Z   node=0 rank=0 role=prefiller url=http://10.0.0.139:7100/health status=ready
2026-08-22T22:18:44.4936855Z   node=1 rank=0 role=prefiller url=http://10.0.0.111:7100/health status=ready
2026-08-22T22:18:44.4948605Z   node=2 rank=0 role=decoder url=http://10.0.0.164:7100/health status=waiting
2026-08-22T22:18:44.4961764Z   node=2 rank=1 role=decoder url=http://10.0.0.164:7101/health status=waiting
2026-08-22T22:18:44.4973124Z   node=2 rank=2 role=decoder url=http://10.0.0.164:7102/health status=waiting
2026-08-22T22:18:44.4984875Z   node=2 rank=3 role=decoder url=http://10.0.0.164:7103/health status=waiting
2026-08-22T22:18:44.4997275Z   node=3 rank=0 role=decoder url=http://10.0.0.51:7100/health status=waiting
2026-08-22T22:18:44.5008570Z   node=3 rank=1 role=decoder url=http://10.0.0.51:7101/health status=waiting
2026-08-22T22:18:44.5020711Z   node=3 rank=2 role=decoder url=http://10.0.0.51:7102/health status=waiting
2026-08-22T22:18:44.5032818Z   node=3 rank=3 role=decoder url=http://10.0.0.51:7103/health status=waiting
2026-08-22T22:19:14.5371340Z [2026-08-22 22:19:14] [INFO] Polling external DP ranks: ready=2/10
2026-08-22T22:19:14.5384711Z   node=0 rank=0 role=prefiller url=http://10.0.0.139:7100/health status=ready
2026-08-22T22:19:14.5397047Z   node=1 rank=0 role=prefiller url=http://10.0.0.111:7100/health status=ready
2026-08-22T22:19:14.5409392Z   node=2 rank=0 role=decoder url=http://10.0.0.164:7100/health status=waiting
2026-08-22T22:19:14.5420889Z   node=2 rank=1 role=decoder url=http://10.0.0.164:7101/health status=waiting
2026-08-22T22:19:14.5432206Z   node=2 rank=2 role=decoder url=http://10.0.0.164:7102/health status=waiting
2026-08-22T22:19:14.5444030Z   node=2 rank=3 role=decoder url=http://10.0.0.164:7103/health status=waiting
2026-08-22T22:19:14.5455898Z   node=3 rank=0 role=decoder url=http://10.0.0.51:7100/health status=waiting
2026-08-22T22:19:14.5467596Z   node=3 rank=1 role=decoder url=http://10.0.0.51:7101/health status=waiting
2026-08-22T22:19:14.5480318Z   node=3 rank=2 role=decoder url=http://10.0.0.51:7102/health status=waiting
2026-08-22T22:19:14.5491746Z   node=3 rank=3 role=decoder url=http://10.0.0.51:7103/health status=waiting
2026-08-22T22:19:44.5773635Z [2026-08-22 22:19:44] [INFO] Polling external DP ranks: ready=2/10
2026-08-22T22:19:44.5785507Z   node=0 rank=0 role=prefiller url=http://10.0.0.139:7100/health status=ready
2026-08-22T22:19:44.5796862Z   node=1 rank=0 role=prefiller url=http://10.0.0.111:7100/health status=ready
2026-08-22T22:19:44.5810204Z   node=2 rank=0 role=decoder url=http://10.0.0.164:7100/health status=waiting
2026-08-22T22:19:44.5819634Z   node=2 rank=1 role=decoder url=http://10.0.0.164:7101/health status=waiting
2026-08-22T22:19:44.5830705Z   node=2 rank=2 role=decoder url=http://10.0.0.164:7102/health status=waiting
2026-08-22T22:19:44.5841747Z   node=2 rank=3 role=decoder url=http://10.0.0.164:7103/health status=waiting
2026-08-22T22:19:44.5853505Z   node=3 rank=0 role=decoder url=http://10.0.0.51:7100/health status=waiting
2026-08-22T22:19:44.5864418Z   node=3 rank=1 role=decoder url=http://10.0.0.51:7101/health status=waiting
2026-08-22T22:19:44.5876248Z   node=3 rank=2 role=decoder url=http://10.0.0.51:7102/health status=waiting
2026-08-22T22:19:44.5887218Z   node=3 rank=3 role=decoder url=http://10.0.0.51:7103/health status=waiting
2026-08-22T22:20:14.6233440Z [2026-08-22 22:20:14] [INFO] Polling external DP ranks: ready=2/10
2026-08-22T22:20:14.6292429Z   node=0 rank=0 role=prefiller url=http://10.0.0.139:7100/health status=ready
2026-08-22T22:20:14.6304786Z   node=1 rank=0 role=prefiller url=http://10.0.0.111:7100/health status=ready
2026-08-22T22:20:14.6316939Z   node=2 rank=0 role=decoder url=http://10.0.0.164:7100/health status=waiting
2026-08-22T22:20:14.6327729Z   node=2 rank=1 role=decoder url=http://10.0.0.164:7101/health status=waiting
2026-08-22T22:20:14.6340272Z   node=2 rank=2 role=decoder url=http://10.0.0.164:7102/health status=waiting
2026-08-22T22:20:14.6351401Z   node=2 rank=3 role=decoder url=http://10.0.0.164:7103/health status=waiting
2026-08-22T22:20:14.6362260Z   node=3 rank=0 role=decoder url=http://10.0.0.51:7100/health status=waiting
2026-08-22T22:20:14.6373072Z   node=3 rank=1 role=decoder url=http://10.0.0.51:7101/health status=waiting
2026-08-22T22:20:14.6384371Z   node=3 rank=2 role=decoder url=http://10.0.0.51:7102/health status=waiting
2026-08-22T22:20:14.6395876Z   node=3 rank=3 role=decoder url=http://10.0.0.51:7103/health status=waiting
2026-08-22T22:20:44.6669243Z [2026-08-22 22:20:44] [INFO] Polling external DP ranks: ready=2/10
2026-08-22T22:20:44.6812963Z   node=0 rank=0 role=prefiller url=http://10.0.0.139:7100/health status=ready
2026-08-22T22:20:44.6813546Z   node=1 rank=0 role=prefiller url=http://10.0.0.111:7100/health status=ready
2026-08-22T22:20:44.6825420Z   node=2 rank=0 role=decoder url=http://10.0.0.164:7100/health status=waiting
2026-08-22T22:20:44.6835106Z   node=2 rank=1 role=decoder url=http://10.0.0.164:7101/health status=waiting
2026-08-22T22:20:44.6847243Z   node=2 rank=2 role=decoder url=http://10.0.0.164:7102/health status=waiting
2026-08-22T22:20:44.6858293Z   node=2 rank=3 role=decoder url=http://10.0.0.164:7103/health status=waiting
2026-08-22T22:20:44.6870566Z   node=3 rank=0 role=decoder url=http://10.0.0.51:7100/health status=waiting
2026-08-22T22:20:44.6880907Z   node=3 rank=1 role=decoder url=http://10.0.0.51:7101/health status=waiting
2026-08-22T22:20:44.6892846Z   node=3 rank=2 role=decoder url=http://10.0.0.51:7102/health status=waiting
2026-08-22T22:20:44.6905237Z   node=3 rank=3 role=decoder url=http://10.0.0.51:7103/health status=waiting
2026-08-22T22:21:14.7149896Z [2026-08-22 22:21:14] [INFO] Polling external DP ranks: ready=2/10
2026-08-22T22:21:14.7167681Z   node=0 rank=0 role=prefiller url=http://10.0.0.139:7100/health status=ready
2026-08-22T22:21:14.7179822Z   node=1 rank=0 role=prefiller url=http://10.0.0.111:7100/health status=ready
2026-08-22T22:21:14.7192771Z   node=2 rank=0 role=decoder url=http://10.0.0.164:7100/health status=waiting
2026-08-22T22:21:14.7204390Z   node=2 rank=1 role=decoder url=http://10.0.0.164:7101/health status=waiting
2026-08-22T22:21:14.7218156Z   node=2 rank=2 role=decoder url=http://10.0.0.164:7102/health status=waiting
2026-08-22T22:21:14.7231926Z   node=2 rank=3 role=decoder url=http://10.0.0.164:7103/health status=waiting
2026-08-22T22:21:14.7243278Z   node=3 rank=0 role=decoder url=http://10.0.0.51:7100/health status=waiting
2026-08-22T22:21:14.7253701Z   node=3 rank=1 role=decoder url=http://10.0.0.51:7101/health status=waiting
2026-08-22T22:21:14.7264816Z   node=3 rank=2 role=decoder url=http://10.0.0.51:7102/health status=waiting
2026-08-22T22:21:14.7277522Z   node=3 rank=3 role=decoder url=http://10.0.0.51:7103/health status=waiting
2026-08-22T22:21:44.7539148Z [2026-08-22 22:21:44] [INFO] Polling external DP ranks: ready=2/10
2026-08-22T22:21:44.7553522Z   node=0 rank=0 role=prefiller url=http://10.0.0.139:7100/health status=ready
2026-08-22T22:21:44.7566720Z   node=1 rank=0 role=prefiller url=http://10.0.0.111:7100/health status=ready
2026-08-22T22:21:44.7579743Z   node=2 rank=0 role=decoder url=http://10.0.0.164:7100/health status=waiting
2026-08-22T22:21:44.7591927Z   node=2 rank=1 role=decoder url=http://10.0.0.164:7101/health status=waiting
2026-08-22T22:21:44.7602844Z   node=2 rank=2 role=decoder url=http://10.0.0.164:7102/health status=waiting
2026-08-22T22:21:44.7615706Z   node=2 rank=3 role=decoder url=http://10.0.0.164:7103/health status=waiting
2026-08-22T22:21:44.7625147Z   node=3 rank=0 role=decoder url=http://10.0.0.51:7100/health status=waiting
2026-08-22T22:21:44.7637220Z   node=3 rank=1 role=decoder url=http://10.0.0.51:7101/health status=waiting
2026-08-22T22:21:44.7647998Z   node=3 rank=2 role=decoder url=http://10.0.0.51:7102/health status=waiting
2026-08-22T22:21:44.7659672Z   node=3 rank=3 role=decoder url=http://10.0.0.51:7103/health status=waiting
2026-08-22T22:22:14.7984314Z [2026-08-22 22:22:14] [INFO] Polling external DP ranks: ready=2/10
2026-08-22T22:22:14.7997106Z   node=0 rank=0 role=prefiller url=http://10.0.0.139:7100/health status=ready
2026-08-22T22:22:14.8009200Z   node=1 rank=0 role=prefiller url=http://10.0.0.111:7100/health status=ready
2026-08-22T22:22:14.8028474Z   node=2 rank=0 role=decoder url=http://10.0.0.164:7100/health status=waiting
2026-08-22T22:22:14.8036851Z   node=2 rank=1 role=decoder url=http://10.0.0.164:7101/health status=waiting
2026-08-22T22:22:14.8047764Z   node=2 rank=2 role=decoder url=http://10.0.0.164:7102/health status=waiting
2026-08-22T22:22:14.8057863Z   node=2 rank=3 role=decoder url=http://10.0.0.164:7103/health status=waiting
2026-08-22T22:22:14.8068499Z   node=3 rank=0 role=decoder url=http://10.0.0.51:7100/health status=waiting
2026-08-22T22:22:14.8079615Z   node=3 rank=1 role=decoder url=http://10.0.0.51:7101/health status=waiting
2026-08-22T22:22:14.8090090Z   node=3 rank=2 role=decoder url=http://10.0.0.51:7102/health status=waiting
2026-08-22T22:22:14.8101276Z   node=3 rank=3 role=decoder url=http://10.0.0.51:7103/health status=waiting
2026-08-22T22:22:44.8434950Z [2026-08-22 22:22:44] [INFO] Polling external DP ranks: ready=2/10
2026-08-22T22:22:44.8449394Z   node=0 rank=0 role=prefiller url=http://10.0.0.139:7100/health status=ready
2026-08-22T22:22:44.8460069Z   node=1 rank=0 role=prefiller url=http://10.0.0.111:7100/health status=ready
2026-08-22T22:22:44.8479568Z   node=2 rank=0 role=decoder url=http://10.0.0.164:7100/health status=waiting
2026-08-22T22:22:44.8481543Z   node=2 rank=1 role=decoder url=http://10.0.0.164:7101/health status=waiting
2026-08-22T22:22:44.8491730Z   node=2 rank=2 role=decoder url=http://10.0.0.164:7102/health status=waiting
2026-08-22T22:22:44.8502562Z   node=2 rank=3 role=decoder url=http://10.0.0.164:7103/health status=waiting
2026-08-22T22:22:44.8512202Z   node=3 rank=0 role=decoder url=http://10.0.0.51:7100/health status=waiting
2026-08-22T22:22:44.8522388Z   node=3 rank=1 role=decoder url=http://10.0.0.51:7101/health status=waiting
2026-08-22T22:22:44.8534104Z   node=3 rank=2 role=decoder url=http://10.0.0.51:7102/health status=waiting
2026-08-22T22:22:44.8544794Z   node=3 rank=3 role=decoder url=http://10.0.0.51:7103/health status=waiting
2026-08-22T22:23:14.8885395Z [2026-08-22 22:23:14] [INFO] Polling external DP ranks: ready=2/10
2026-08-22T22:23:14.8894216Z   node=0 rank=0 role=prefiller url=http://10.0.0.139:7100/health status=ready
2026-08-22T22:23:14.8905427Z   node=1 rank=0 role=prefiller url=http://10.0.0.111:7100/health status=ready
2026-08-22T22:23:14.8918661Z   node=2 rank=0 role=decoder url=http://10.0.0.164:7100/health status=waiting
2026-08-22T22:23:14.8929645Z   node=2 rank=1 role=decoder url=http://10.0.0.164:7101/health status=waiting
2026-08-22T22:23:14.8939778Z   node=2 rank=2 role=decoder url=http://10.0.0.164:7102/health status=waiting
2026-08-22T22:23:14.8952002Z   node=2 rank=3 role=decoder url=http://10.0.0.164:7103/health status=waiting
2026-08-22T22:23:14.8962915Z   node=3 rank=0 role=decoder url=http://10.0.0.51:7100/health status=waiting
2026-08-22T22:23:14.8974731Z   node=3 rank=1 role=decoder url=http://10.0.0.51:7101/health status=waiting
2026-08-22T22:23:14.8986405Z   node=3 rank=2 role=decoder url=http://10.0.0.51:7102/health status=waiting
2026-08-22T22:23:14.8998199Z   node=3 rank=3 role=decoder url=http://10.0.0.51:7103/health status=waiting
2026-08-22T22:23:44.9326180Z [2026-08-22 22:23:44] [INFO] Polling external DP ranks: ready=2/10
2026-08-22T22:23:44.9339826Z   node=0 rank=0 role=prefiller url=http://10.0.0.139:7100/health status=ready
2026-08-22T22:23:44.9352081Z   node=1 rank=0 role=prefiller url=http://10.0.0.111:7100/health status=ready
2026-08-22T22:23:44.9364187Z   node=2 rank=0 role=decoder url=http://10.0.0.164:7100/health status=waiting
2026-08-22T22:23:44.9376202Z   node=2 rank=1 role=decoder url=http://10.0.0.164:7101/health status=waiting
2026-08-22T22:23:44.9387944Z   node=2 rank=2 role=decoder url=http://10.0.0.164:7102/health status=waiting
2026-08-22T22:23:44.9405386Z   node=2 rank=3 role=decoder url=http://10.0.0.164:7103/health status=waiting
2026-08-22T22:23:44.9420420Z   node=3 rank=0 role=decoder url=http://10.0.0.51:7100/health status=waiting
2026-08-22T22:23:44.9431293Z   node=3 rank=1 role=decoder url=http://10.0.0.51:7101/health status=waiting
2026-08-22T22:23:44.9441842Z   node=3 rank=2 role=decoder url=http://10.0.0.51:7102/health status=waiting
2026-08-22T22:23:44.9453349Z   node=3 rank=3 role=decoder url=http://10.0.0.51:7103/health status=waiting
2026-08-22T22:24:14.9760702Z [2026-08-22 22:24:14] [INFO] Polling external DP ranks: ready=2/10
2026-08-22T22:24:14.9773642Z   node=0 rank=0 role=prefiller url=http://10.0.0.139:7100/health status=ready
2026-08-22T22:24:14.9784793Z   node=1 rank=0 role=prefiller url=http://10.0.0.111:7100/health status=ready
2026-08-22T22:24:14.9796740Z   node=2 rank=0 role=decoder url=http://10.0.0.164:7100/health status=waiting
2026-08-22T22:24:14.9808381Z   node=2 rank=1 role=decoder url=http://10.0.0.164:7101/health status=waiting
2026-08-22T22:24:14.9819733Z   node=2 rank=2 role=decoder url=http://10.0.0.164:7102/health status=waiting
2026-08-22T22:24:14.9832573Z   node=2 rank=3 role=decoder url=http://10.0.0.164:7103/health status=waiting
2026-08-22T22:24:14.9847297Z   node=3 rank=0 role=decoder url=http://10.0.0.51:7100/health status=waiting
2026-08-22T22:24:14.9861020Z   node=3 rank=1 role=decoder url=http://10.0.0.51:7101/health status=waiting
2026-08-22T22:24:14.9873758Z   node=3 rank=2 role=decoder url=http://10.0.0.51:7102/health status=waiting
2026-08-22T22:24:14.9886156Z   node=3 rank=3 role=decoder url=http://10.0.0.51:7103/health status=waiting
2026-08-22T22:24:45.0206668Z [2026-08-22 22:24:45] [INFO] Polling external DP ranks: ready=2/10
2026-08-22T22:24:45.0219568Z   node=0 rank=0 role=prefiller url=http://10.0.0.139:7100/health status=ready
2026-08-22T22:24:45.0232496Z   node=1 rank=0 role=prefiller url=http://10.0.0.111:7100/health status=ready
2026-08-22T22:24:45.0244024Z   node=2 rank=0 role=decoder url=http://10.0.0.164:7100/health status=waiting
2026-08-22T22:24:45.0255369Z   node=2 rank=1 role=decoder url=http://10.0.0.164:7101/health status=waiting
2026-08-22T22:24:45.0266687Z   node=2 rank=2 role=decoder url=http://10.0.0.164:7102/health status=waiting
2026-08-22T22:24:45.0278472Z   node=2 rank=3 role=decoder url=http://10.0.0.164:7103/health status=waiting
2026-08-22T22:24:45.0289489Z   node=3 rank=0 role=decoder url=http://10.0.0.51:7100/health status=waiting
2026-08-22T22:24:45.0300509Z   node=3 rank=1 role=decoder url=http://10.0.0.51:7101/health status=waiting
2026-08-22T22:24:45.0311913Z   node=3 rank=2 role=decoder url=http://10.0.0.51:7102/health status=waiting
2026-08-22T22:24:45.0322950Z   node=3 rank=3 role=decoder url=http://10.0.0.51:7103/health status=waiting
2026-08-22T22:25:15.0655892Z [2026-08-22 22:25:15] [INFO] Polling external DP ranks: ready=2/10
2026-08-22T22:25:15.0702161Z   node=0 rank=0 role=prefiller url=http://10.0.0.139:7100/health status=ready
2026-08-22T22:25:15.0715440Z   node=1 rank=0 role=prefiller url=http://10.0.0.111:7100/health status=ready
2026-08-22T22:25:15.0747409Z   node=2 rank=0 role=decoder url=http://10.0.0.164:7100/health status=waiting
2026-08-22T22:25:15.0747956Z   node=2 rank=1 role=decoder url=http://10.0.0.164:7101/health status=waiting
2026-08-22T22:25:15.0750452Z   node=2 rank=2 role=decoder url=http://10.0.0.164:7102/health status=waiting
2026-08-22T22:25:15.0761883Z   node=2 rank=3 role=decoder url=http://10.0.0.164:7103/health status=waiting
2026-08-22T22:25:15.0773563Z   node=3 rank=0 role=decoder url=http://10.0.0.51:7100/health status=waiting
2026-08-22T22:25:15.0784385Z   node=3 rank=1 role=decoder url=http://10.0.0.51:7101/health status=waiting
2026-08-22T22:25:15.0796711Z   node=3 rank=2 role=decoder url=http://10.0.0.51:7102/health status=waiting
2026-08-22T22:25:15.0806958Z   node=3 rank=3 role=decoder url=http://10.0.0.51:7103/health status=waiting
2026-08-22T22:25:45.1102236Z [2026-08-22 22:25:45] [INFO] Polling external DP ranks: ready=2/10
2026-08-22T22:25:45.1167323Z   node=0 rank=0 role=prefiller url=http://10.0.0.139:7100/health status=ready
2026-08-22T22:25:45.1180195Z   node=1 rank=0 role=prefiller url=http://10.0.0.111:7100/health status=ready
2026-08-22T22:25:45.1191686Z   node=2 rank=0 role=decoder url=http://10.0.0.164:7100/health status=waiting
2026-08-22T22:25:45.1203085Z   node=2 rank=1 role=decoder url=http://10.0.0.164:7101/health status=waiting
2026-08-22T22:25:45.1215197Z   node=2 rank=2 role=decoder url=http://10.0.0.164:7102/health status=waiting
2026-08-22T22:25:45.1225964Z   node=2 rank=3 role=decoder url=http://10.0.0.164:7103/health status=waiting
2026-08-22T22:25:45.1238289Z   node=3 rank=0 role=decoder url=http://10.0.0.51:7100/health status=waiting
2026-08-22T22:25:45.1249751Z   node=3 rank=1 role=decoder url=http://10.0.0.51:7101/health status=waiting
2026-08-22T22:25:45.1262420Z   node=3 rank=2 role=decoder url=http://10.0.0.51:7102/health status=waiting
2026-08-22T22:25:45.1276997Z   node=3 rank=3 role=decoder url=http://10.0.0.51:7103/health status=waiting
2026-08-22T22:26:15.1549555Z [2026-08-22 22:26:15] [INFO] Polling external DP ranks: ready=2/10
2026-08-22T22:26:15.1561617Z   node=0 rank=0 role=prefiller url=http://10.0.0.139:7100/health status=ready
2026-08-22T22:26:15.1572078Z   node=1 rank=0 role=prefiller url=http://10.0.0.111:7100/health status=ready
2026-08-22T22:26:15.1582279Z   node=2 rank=0 role=decoder url=http://10.0.0.164:7100/health status=waiting
2026-08-22T22:26:15.1592895Z   node=2 rank=1 role=decoder url=http://10.0.0.164:7101/health status=waiting
2026-08-22T22:26:15.1603150Z   node=2 rank=2 role=decoder url=http://10.0.0.164:7102/health status=waiting
2026-08-22T22:26:15.1613655Z   node=2 rank=3 role=decoder url=http://10.0.0.164:7103/health status=waiting
2026-08-22T22:26:15.1624481Z   node=3 rank=0 role=decoder url=http://10.0.0.51:7100/health status=waiting
2026-08-22T22:26:15.1635263Z   node=3 rank=1 role=decoder url=http://10.0.0.51:7101/health status=waiting
2026-08-22T22:26:15.1647103Z   node=3 rank=2 role=decoder url=http://10.0.0.51:7102/health status=waiting
2026-08-22T22:26:15.1659736Z   node=3 rank=3 role=decoder url=http://10.0.0.51:7103/health status=waiting
2026-08-22T22:26:45.1988156Z [2026-08-22 22:26:45] [INFO] Polling external DP ranks: ready=2/10
2026-08-22T22:26:45.2002457Z   node=0 rank=0 role=prefiller url=http://10.0.0.139:7100/health status=ready
2026-08-22T22:26:45.2016820Z   node=1 rank=0 role=prefiller url=http://10.0.0.111:7100/health status=ready
2026-08-22T22:26:45.2028317Z   node=2 rank=0 role=decoder url=http://10.0.0.164:7100/health status=waiting
2026-08-22T22:26:45.2041101Z   node=2 rank=1 role=decoder url=http://10.0.0.164:7101/health status=waiting
2026-08-22T22:26:45.2052445Z   node=2 rank=2 role=decoder url=http://10.0.0.164:7102/health status=waiting
2026-08-22T22:26:45.2063951Z   node=2 rank=3 role=decoder url=http://10.0.0.164:7103/health status=waiting
2026-08-22T22:26:45.2075373Z   node=3 rank=0 role=decoder url=http://10.0.0.51:7100/health status=waiting
2026-08-22T22:26:45.2086595Z   node=3 rank=1 role=decoder url=http://10.0.0.51:7101/health status=waiting
2026-08-22T22:26:45.2098090Z   node=3 rank=2 role=decoder url=http://10.0.0.51:7102/health status=waiting
2026-08-22T22:26:45.2109871Z   node=3 rank=3 role=decoder url=http://10.0.0.51:7103/health status=waiting
2026-08-22T22:27:15.2426472Z [2026-08-22 22:27:15] [INFO] Polling external DP ranks: ready=2/10
2026-08-22T22:27:15.2440138Z   node=0 rank=0 role=prefiller url=http://10.0.0.139:7100/health status=ready
2026-08-22T22:27:15.2452741Z   node=1 rank=0 role=prefiller url=http://10.0.0.111:7100/health status=ready
2026-08-22T22:27:15.2465296Z   node=2 rank=0 role=decoder url=http://10.0.0.164:7100/health status=waiting
2026-08-22T22:27:15.2476857Z   node=2 rank=1 role=decoder url=http://10.0.0.164:7101/health status=waiting
2026-08-22T22:27:15.2496395Z   node=2 rank=2 role=decoder url=http://10.0.0.164:7102/health status=waiting
2026-08-22T22:27:15.2508390Z   node=2 rank=3 role=decoder url=http://10.0.0.164:7103/health status=waiting
2026-08-22T22:27:15.2520878Z   node=3 rank=0 role=decoder url=http://10.0.0.51:7100/health status=waiting
2026-08-22T22:27:15.2532568Z   node=3 rank=1 role=decoder url=http://10.0.0.51:7101/health status=waiting
2026-08-22T22:27:15.2544090Z   node=3 rank=2 role=decoder url=http://10.0.0.51:7102/health status=waiting
2026-08-22T22:27:15.2556664Z   node=3 rank=3 role=decoder url=http://10.0.0.51:7103/health status=waiting
2026-08-22T22:27:45.2865862Z [2026-08-22 22:27:45] [INFO] Polling external DP ranks: ready=2/10
2026-08-22T22:27:45.2875245Z   node=0 rank=0 role=prefiller url=http://10.0.0.139:7100/health status=ready
2026-08-22T22:27:45.2886864Z   node=1 rank=0 role=prefiller url=http://10.0.0.111:7100/health status=ready
2026-08-22T22:27:45.2898911Z   node=2 rank=0 role=decoder url=http://10.0.0.164:7100/health status=waiting
2026-08-22T22:27:45.2911404Z   node=2 rank=1 role=decoder url=http://10.0.0.164:7101/health status=waiting
2026-08-22T22:27:45.2922814Z   node=2 rank=2 role=decoder url=http://10.0.0.164:7102/health status=waiting
2026-08-22T22:27:45.2934172Z   node=2 rank=3 role=decoder url=http://10.0.0.164:7103/health status=waiting
2026-08-22T22:27:45.2945635Z   node=3 rank=0 role=decoder url=http://10.0.0.51:7100/health status=waiting
2026-08-22T22:27:45.2957179Z   node=3 rank=1 role=decoder url=http://10.0.0.51:7101/health status=waiting
2026-08-22T22:27:45.2967506Z   node=3 rank=2 role=decoder url=http://10.0.0.51:7102/health status=waiting
2026-08-22T22:27:45.2978604Z   node=3 rank=3 role=decoder url=http://10.0.0.51:7103/health status=waiting
2026-08-22T22:28:15.3329934Z [2026-08-22 22:28:15] [INFO] Polling external DP ranks: ready=2/10
2026-08-22T22:28:15.3344258Z   node=0 rank=0 role=prefiller url=http://10.0.0.139:7100/health status=ready
2026-08-22T22:28:15.3357144Z   node=1 rank=0 role=prefiller url=http://10.0.0.111:7100/health status=ready
2026-08-22T22:28:15.3370037Z   node=2 rank=0 role=decoder url=http://10.0.0.164:7100/health status=waiting
2026-08-22T22:28:15.3381363Z   node=2 rank=1 role=decoder url=http://10.0.0.164:7101/health status=waiting
2026-08-22T22:28:15.3393438Z   node=2 rank=2 role=decoder url=http://10.0.0.164:7102/health status=waiting
2026-08-22T22:28:15.3404250Z   node=2 rank=3 role=decoder url=http://10.0.0.164:7103/health status=waiting
2026-08-22T22:28:15.3416621Z   node=3 rank=0 role=decoder url=http://10.0.0.51:7100/health status=waiting
2026-08-22T22:28:15.3427982Z   node=3 rank=1 role=decoder url=http://10.0.0.51:7101/health status=waiting
2026-08-22T22:28:15.3440082Z   node=3 rank=2 role=decoder url=http://10.0.0.51:7102/health status=waiting
2026-08-22T22:28:15.3451076Z   node=3 rank=3 role=decoder url=http://10.0.0.51:7103/health status=waiting
2026-08-22T22:28:45.3790960Z [2026-08-22 22:28:45] [INFO] Polling external DP ranks: ready=2/10
2026-08-22T22:28:45.3805712Z   node=0 rank=0 role=prefiller url=http://10.0.0.139:7100/health status=ready
2026-08-22T22:28:45.3843158Z   node=1 rank=0 role=prefiller url=http://10.0.0.111:7100/health status=ready
2026-08-22T22:28:45.3843704Z   node=2 rank=0 role=decoder url=http://10.0.0.164:7100/health status=waiting
2026-08-22T22:28:45.3844244Z   node=2 rank=1 role=decoder url=http://10.0.0.164:7101/health status=waiting
2026-08-22T22:28:45.3854211Z   node=2 rank=2 role=decoder url=http://10.0.0.164:7102/health status=waiting
2026-08-22T22:28:45.3866862Z   node=2 rank=3 role=decoder url=http://10.0.0.164:7103/health status=waiting
2026-08-22T22:28:45.3879245Z   node=3 rank=0 role=decoder url=http://10.0.0.51:7100/health status=waiting
2026-08-22T22:28:45.3890735Z   node=3 rank=1 role=decoder url=http://10.0.0.51:7101/health status=waiting
2026-08-22T22:28:45.3902013Z   node=3 rank=2 role=decoder url=http://10.0.0.51:7102/health status=waiting
2026-08-22T22:28:45.3913523Z   node=3 rank=3 role=decoder url=http://10.0.0.51:7103/health status=waiting
2026-08-22T22:29:15.4266438Z [2026-08-22 22:29:15] [INFO] Polling external DP ranks: ready=2/10
2026-08-22T22:29:15.4279899Z   node=0 rank=0 role=prefiller url=http://10.0.0.139:7100/health status=ready
2026-08-22T22:29:15.4292774Z   node=1 rank=0 role=prefiller url=http://10.0.0.111:7100/health status=ready
2026-08-22T22:29:15.4305205Z   node=2 rank=0 role=decoder url=http://10.0.0.164:7100/health status=waiting
2026-08-22T22:29:15.4317656Z   node=2 rank=1 role=decoder url=http://10.0.0.164:7101/health status=waiting
2026-08-22T22:29:15.4329435Z   node=2 rank=2 role=decoder url=http://10.0.0.164:7102/health status=waiting
2026-08-22T22:29:15.4341256Z   node=2 rank=3 role=decoder url=http://10.0.0.164:7103/health status=waiting
2026-08-22T22:29:15.4353255Z   node=3 rank=0 role=decoder url=http://10.0.0.51:7100/health status=waiting
2026-08-22T22:29:15.4366299Z   node=3 rank=1 role=decoder url=http://10.0.0.51:7101/health status=waiting
2026-08-22T22:29:15.4377953Z   node=3 rank=2 role=decoder url=http://10.0.0.51:7102/health status=waiting
2026-08-22T22:29:15.4390153Z   node=3 rank=3 role=decoder url=http://10.0.0.51:7103/health status=waiting
2026-08-22T22:29:45.4804334Z [2026-08-22 22:29:45] [INFO] Polling external DP ranks: ready=2/10
2026-08-22T22:29:45.4804950Z   node=0 rank=0 role=prefiller url=http://10.0.0.139:7100/health status=ready
2026-08-22T22:29:45.4815129Z   node=1 rank=0 role=prefiller url=http://10.0.0.111:7100/health status=ready
2026-08-22T22:29:45.4827249Z   node=2 rank=0 role=decoder url=http://10.0.0.164:7100/health status=waiting
2026-08-22T22:29:45.4838873Z   node=2 rank=1 role=decoder url=http://10.0.0.164:7101/health status=waiting
2026-08-22T22:29:45.4850419Z   node=2 rank=2 role=decoder url=http://10.0.0.164:7102/health status=waiting
2026-08-22T22:29:45.4861530Z   node=2 rank=3 role=decoder url=http://10.0.0.164:7103/health status=waiting
2026-08-22T22:29:45.4874084Z   node=3 rank=0 role=decoder url=http://10.0.0.51:7100/health status=waiting
2026-08-22T22:29:45.4885294Z   node=3 rank=1 role=decoder url=http://10.0.0.51:7101/health status=waiting
2026-08-22T22:29:45.4897584Z   node=3 rank=2 role=decoder url=http://10.0.0.51:7102/health status=waiting
2026-08-22T22:29:45.4908320Z   node=3 rank=3 role=decoder url=http://10.0.0.51:7103/health status=waiting
2026-08-22T22:30:15.5272404Z [2026-08-22 22:30:15] [INFO] Polling external DP ranks: ready=2/10
2026-08-22T22:30:15.5314888Z   node=0 rank=0 role=prefiller url=http://10.0.0.139:7100/health status=ready
2026-08-22T22:30:15.5327946Z   node=1 rank=0 role=prefiller url=http://10.0.0.111:7100/health status=ready
2026-08-22T22:30:15.5339420Z   node=2 rank=0 role=decoder url=http://10.0.0.164:7100/health status=waiting
2026-08-22T22:30:15.5351193Z   node=2 rank=1 role=decoder url=http://10.0.0.164:7101/health status=waiting
2026-08-22T22:30:15.5362696Z   node=2 rank=2 role=decoder url=http://10.0.0.164:7102/health status=waiting
2026-08-22T22:30:15.5373421Z   node=2 rank=3 role=decoder url=http://10.0.0.164:7103/health status=waiting
2026-08-22T22:30:15.5384770Z   node=3 rank=0 role=decoder url=http://10.0.0.51:7100/health status=waiting
2026-08-22T22:30:15.5396977Z   node=3 rank=1 role=decoder url=http://10.0.0.51:7101/health status=waiting
2026-08-22T22:30:15.5407991Z   node=3 rank=2 role=decoder url=http://10.0.0.51:7102/health status=waiting
2026-08-22T22:30:15.5418467Z   node=3 rank=3 role=decoder url=http://10.0.0.51:7103/health status=waiting
2026-08-22T22:30:45.5734922Z [2026-08-22 22:30:45] [INFO] Polling external DP ranks: ready=2/10
2026-08-22T22:30:45.5749071Z   node=0 rank=0 role=prefiller url=http://10.0.0.139:7100/health status=ready
2026-08-22T22:30:45.5762767Z   node=1 rank=0 role=prefiller url=http://10.0.0.111:7100/health status=ready
2026-08-22T22:30:45.5774550Z   node=2 rank=0 role=decoder url=http://10.0.0.164:7100/health status=waiting
2026-08-22T22:30:45.5787106Z   node=2 rank=1 role=decoder url=http://10.0.0.164:7101/health status=waiting
2026-08-22T22:30:45.5799389Z   node=2 rank=2 role=decoder url=http://10.0.0.164:7102/health status=waiting
2026-08-22T22:30:45.5811431Z   node=2 rank=3 role=decoder url=http://10.0.0.164:7103/health status=waiting
2026-08-22T22:30:45.5823705Z   node=3 rank=0 role=decoder url=http://10.0.0.51:7100/health status=waiting
2026-08-22T22:30:45.5835022Z   node=3 rank=1 role=decoder url=http://10.0.0.51:7101/health status=waiting
2026-08-22T22:30:45.5846777Z   node=3 rank=2 role=decoder url=http://10.0.0.51:7102/health status=waiting
2026-08-22T22:30:45.5858949Z   node=3 rank=3 role=decoder url=http://10.0.0.51:7103/health status=waiting
2026-08-22T22:31:15.6207912Z [2026-08-22 22:31:15] [INFO] Polling external DP ranks: ready=2/10
2026-08-22T22:31:15.6240292Z   node=0 rank=0 role=prefiller url=http://10.0.0.139:7100/health status=ready
2026-08-22T22:31:15.6252729Z   node=1 rank=0 role=prefiller url=http://10.0.0.111:7100/health status=ready
2026-08-22T22:31:15.6265276Z   node=2 rank=0 role=decoder url=http://10.0.0.164:7100/health status=waiting
2026-08-22T22:31:15.6276946Z   node=2 rank=1 role=decoder url=http://10.0.0.164:7101/health status=waiting
2026-08-22T22:31:15.6287670Z   node=2 rank=2 role=decoder url=http://10.0.0.164:7102/health status=waiting
2026-08-22T22:31:15.6299762Z   node=2 rank=3 role=decoder url=http://10.0.0.164:7103/health status=waiting
2026-08-22T22:31:15.6311798Z   node=3 rank=0 role=decoder url=http://10.0.0.51:7100/health status=waiting
2026-08-22T22:31:15.6323508Z   node=3 rank=1 role=decoder url=http://10.0.0.51:7101/health status=waiting
2026-08-22T22:31:15.6334964Z   node=3 rank=2 role=decoder url=http://10.0.0.51:7102/health status=waiting
2026-08-22T22:31:15.6346906Z   node=3 rank=3 role=decoder url=http://10.0.0.51:7103/health status=waiting
2026-08-22T22:31:45.6704431Z [2026-08-22 22:31:45] [INFO] Polling external DP ranks: ready=2/10
2026-08-22T22:31:45.6717868Z   node=0 rank=0 role=prefiller url=http://10.0.0.139:7100/health status=ready
2026-08-22T22:31:45.6731146Z   node=1 rank=0 role=prefiller url=http://10.0.0.111:7100/health status=ready
2026-08-22T22:31:45.6743712Z   node=2 rank=0 role=decoder url=http://10.0.0.164:7100/health status=waiting
2026-08-22T22:31:45.6755994Z   node=2 rank=1 role=decoder url=http://10.0.0.164:7101/health status=waiting
2026-08-22T22:31:45.6767677Z   node=2 rank=2 role=decoder url=http://10.0.0.164:7102/health status=waiting
2026-08-22T22:31:45.6780082Z   node=2 rank=3 role=decoder url=http://10.0.0.164:7103/health status=waiting
2026-08-22T22:31:45.6791983Z   node=3 rank=0 role=decoder url=http://10.0.0.51:7100/health status=waiting
2026-08-22T22:31:45.6803603Z   node=3 rank=1 role=decoder url=http://10.0.0.51:7101/health status=waiting
2026-08-22T22:31:45.6816535Z   node=3 rank=2 role=decoder url=http://10.0.0.51:7102/health status=waiting
2026-08-22T22:31:45.6827997Z   node=3 rank=3 role=decoder url=http://10.0.0.51:7103/health status=waiting
2026-08-22T22:32:15.7170949Z [2026-08-22 22:32:15] [INFO] Polling external DP ranks: ready=2/10
2026-08-22T22:32:15.7181993Z   node=0 rank=0 role=prefiller url=http://10.0.0.139:7100/health status=ready
2026-08-22T22:32:15.7193305Z   node=1 rank=0 role=prefiller url=http://10.0.0.111:7100/health status=ready
2026-08-22T22:32:15.7205588Z   node=2 rank=0 role=decoder url=http://10.0.0.164:7100/health status=waiting
2026-08-22T22:32:15.7218986Z   node=2 rank=1 role=decoder url=http://10.0.0.164:7101/health status=waiting
2026-08-22T22:32:15.7231440Z   node=2 rank=2 role=decoder url=http://10.0.0.164:7102/health status=waiting
2026-08-22T22:32:15.7242987Z   node=2 rank=3 role=decoder url=http://10.0.0.164:7103/health status=waiting
2026-08-22T22:32:15.7253985Z   node=3 rank=0 role=decoder url=http://10.0.0.51:7100/health status=waiting
2026-08-22T22:32:15.7264424Z   node=3 rank=1 role=decoder url=http://10.0.0.51:7101/health status=waiting
2026-08-22T22:32:15.7275868Z   node=3 rank=2 role=decoder url=http://10.0.0.51:7102/health status=waiting
2026-08-22T22:32:15.7286801Z   node=3 rank=3 role=decoder url=http://10.0.0.51:7103/health status=waiting
2026-08-22T22:32:45.7654267Z [2026-08-22 22:32:45] [INFO] Polling external DP ranks: ready=2/10
2026-08-22T22:32:45.7687591Z   node=0 rank=0 role=prefiller url=http://10.0.0.139:7100/health status=ready
2026-08-22T22:32:45.7688159Z   node=1 rank=0 role=prefiller url=http://10.0.0.111:7100/health status=ready
2026-08-22T22:32:45.7692956Z   node=2 rank=0 role=decoder url=http://10.0.0.164:7100/health status=waiting
2026-08-22T22:32:45.7705886Z   node=2 rank=1 role=decoder url=http://10.0.0.164:7101/health status=waiting
2026-08-22T22:32:45.7717586Z   node=2 rank=2 role=decoder url=http://10.0.0.164:7102/health status=waiting
2026-08-22T22:32:45.7728559Z   node=2 rank=3 role=decoder url=http://10.0.0.164:7103/health status=waiting
2026-08-22T22:32:45.7740535Z   node=3 rank=0 role=decoder url=http://10.0.0.51:7100/health status=waiting
2026-08-22T22:32:45.7751607Z   node=3 rank=1 role=decoder url=http://10.0.0.51:7101/health status=waiting
2026-08-22T22:32:45.7808031Z   node=3 rank=2 role=decoder url=http://10.0.0.51:7102/health status=waiting
2026-08-22T22:32:45.7808574Z   node=3 rank=3 role=decoder url=http://10.0.0.51:7103/health status=waiting
2026-08-22T22:33:15.8101967Z [2026-08-22 22:33:15] [INFO] Polling external DP ranks: ready=2/10
2026-08-22T22:33:15.8115190Z   node=0 rank=0 role=prefiller url=http://10.0.0.139:7100/health status=ready
2026-08-22T22:33:15.8127377Z   node=1 rank=0 role=prefiller url=http://10.0.0.111:7100/health status=ready
2026-08-22T22:33:15.8139221Z   node=2 rank=0 role=decoder url=http://10.0.0.164:7100/health status=waiting
2026-08-22T22:33:15.8151403Z   node=2 rank=1 role=decoder url=http://10.0.0.164:7101/health status=waiting
2026-08-22T22:33:15.8162300Z   node=2 rank=2 role=decoder url=http://10.0.0.164:7102/health status=waiting
2026-08-22T22:33:15.8173498Z   node=2 rank=3 role=decoder url=http://10.0.0.164:7103/health status=waiting
2026-08-22T22:33:15.8185059Z   node=3 rank=0 role=decoder url=http://10.0.0.51:7100/health status=waiting
2026-08-22T22:33:15.8196567Z   node=3 rank=1 role=decoder url=http://10.0.0.51:7101/health status=waiting
2026-08-22T22:33:15.8207643Z   node=3 rank=2 role=decoder url=http://10.0.0.51:7102/health status=waiting
2026-08-22T22:33:15.8222015Z   node=3 rank=3 role=decoder url=http://10.0.0.51:7103/health status=waiting
2026-08-22T22:33:45.8588902Z [2026-08-22 22:33:45] [INFO] Polling external DP ranks: ready=2/10
2026-08-22T22:33:45.8601711Z   node=0 rank=0 role=prefiller url=http://10.0.0.139:7100/health status=ready
2026-08-22T22:33:45.8613893Z   node=1 rank=0 role=prefiller url=http://10.0.0.111:7100/health status=ready
2026-08-22T22:33:45.8624862Z   node=2 rank=0 role=decoder url=http://10.0.0.164:7100/health status=waiting
2026-08-22T22:33:45.8637508Z   node=2 rank=1 role=decoder url=http://10.0.0.164:7101/health status=waiting
2026-08-22T22:33:45.8647979Z   node=2 rank=2 role=decoder url=http://10.0.0.164:7102/health status=waiting
2026-08-22T22:33:45.8660012Z   node=2 rank=3 role=decoder url=http://10.0.0.164:7103/health status=waiting
2026-08-22T22:33:45.8671803Z   node=3 rank=0 role=decoder url=http://10.0.0.51:7100/health status=waiting
2026-08-22T22:33:45.8685846Z   node=3 rank=1 role=decoder url=http://10.0.0.51:7101/health status=waiting
2026-08-22T22:33:45.8697800Z   node=3 rank=2 role=decoder url=http://10.0.0.51:7102/health status=waiting
2026-08-22T22:33:45.8709293Z   node=3 rank=3 role=decoder url=http://10.0.0.51:7103/health status=waiting
2026-08-22T22:34:15.9054935Z [2026-08-22 22:34:15] [INFO] Polling external DP ranks: ready=2/10
2026-08-22T22:34:15.9068281Z   node=0 rank=0 role=prefiller url=http://10.0.0.139:7100/health status=ready
2026-08-22T22:34:15.9080887Z   node=1 rank=0 role=prefiller url=http://10.0.0.111:7100/health status=ready
2026-08-22T22:34:15.9092763Z   node=2 rank=0 role=decoder url=http://10.0.0.164:7100/health status=waiting
2026-08-22T22:34:15.9104465Z   node=2 rank=1 role=decoder url=http://10.0.0.164:7101/health status=waiting
2026-08-22T22:34:15.9115858Z   node=2 rank=2 role=decoder url=http://10.0.0.164:7102/health status=waiting
2026-08-22T22:34:15.9127392Z   node=2 rank=3 role=decoder url=http://10.0.0.164:7103/health status=waiting
2026-08-22T22:34:15.9138074Z   node=3 rank=0 role=decoder url=http://10.0.0.51:7100/health status=waiting
2026-08-22T22:34:15.9149160Z   node=3 rank=1 role=decoder url=http://10.0.0.51:7101/health status=waiting
2026-08-22T22:34:15.9159931Z   node=3 rank=2 role=decoder url=http://10.0.0.51:7102/health status=waiting
2026-08-22T22:34:15.9172640Z   node=3 rank=3 role=decoder url=http://10.0.0.51:7103/health status=waiting
2026-08-22T22:34:45.9536555Z [2026-08-22 22:34:45] [INFO] Polling external DP ranks: ready=2/10
2026-08-22T22:34:45.9548788Z   node=0 rank=0 role=prefiller url=http://10.0.0.139:7100/health status=ready
2026-08-22T22:34:45.9560946Z   node=1 rank=0 role=prefiller url=http://10.0.0.111:7100/health status=ready
2026-08-22T22:34:45.9573338Z   node=2 rank=0 role=decoder url=http://10.0.0.164:7100/health status=waiting
2026-08-22T22:34:45.9583399Z   node=2 rank=1 role=decoder url=http://10.0.0.164:7101/health status=waiting
2026-08-22T22:34:45.9594483Z   node=2 rank=2 role=decoder url=http://10.0.0.164:7102/health status=waiting
2026-08-22T22:34:45.9605074Z   node=2 rank=3 role=decoder url=http://10.0.0.164:7103/health status=waiting
2026-08-22T22:34:45.9616839Z   node=3 rank=0 role=decoder url=http://10.0.0.51:7100/health status=waiting
2026-08-22T22:34:45.9627858Z   node=3 rank=1 role=decoder url=http://10.0.0.51:7101/health status=waiting
2026-08-22T22:34:45.9639413Z   node=3 rank=2 role=decoder url=http://10.0.0.51:7102/health status=waiting
2026-08-22T22:34:45.9649861Z   node=3 rank=3 role=decoder url=http://10.0.0.51:7103/health status=waiting
2026-08-22T22:35:15.9972349Z [2026-08-22 22:35:15] [INFO] Polling external DP ranks: ready=2/10
2026-08-22T22:35:16.0015901Z   node=0 rank=0 role=prefiller url=http://10.0.0.139:7100/health status=ready
2026-08-22T22:35:16.0085069Z   node=1 rank=0 role=prefiller url=http://10.0.0.111:7100/health status=ready
2026-08-22T22:35:16.0085630Z   node=2 rank=0 role=decoder url=http://10.0.0.164:7100/health status=waiting
2026-08-22T22:35:16.0086286Z   node=2 rank=1 role=decoder url=http://10.0.0.164:7101/health status=waiting
2026-08-22T22:35:16.0086799Z   node=2 rank=2 role=decoder url=http://10.0.0.164:7102/health status=waiting
2026-08-22T22:35:16.0087304Z   node=2 rank=3 role=decoder url=http://10.0.0.164:7103/health status=waiting
2026-08-22T22:35:16.0087977Z   node=3 rank=0 role=decoder url=http://10.0.0.51:7100/health status=waiting
2026-08-22T22:35:16.0100164Z   node=3 rank=1 role=decoder url=http://10.0.0.51:7101/health status=waiting
2026-08-22T22:35:16.0111470Z   node=3 rank=2 role=decoder url=http://10.0.0.51:7102/health status=waiting
2026-08-22T22:35:16.0122881Z   node=3 rank=3 role=decoder url=http://10.0.0.51:7103/health status=waiting
2026-08-22T22:35:46.0427704Z [2026-08-22 22:35:46] [INFO] Polling external DP ranks: ready=2/10
2026-08-22T22:35:46.0439366Z   node=0 rank=0 role=prefiller url=http://10.0.0.139:7100/health status=ready
2026-08-22T22:35:46.0452597Z   node=1 rank=0 role=prefiller url=http://10.0.0.111:7100/health status=ready
2026-08-22T22:35:46.0470530Z   node=2 rank=0 role=decoder url=http://10.0.0.164:7100/health status=waiting
2026-08-22T22:35:46.0481832Z   node=2 rank=1 role=decoder url=http://10.0.0.164:7101/health status=waiting
2026-08-22T22:35:46.0493364Z   node=2 rank=2 role=decoder url=http://10.0.0.164:7102/health status=waiting
2026-08-22T22:35:46.0505683Z   node=2 rank=3 role=decoder url=http://10.0.0.164:7103/health status=waiting
2026-08-22T22:35:46.0517425Z   node=3 rank=0 role=decoder url=http://10.0.0.51:7100/health status=waiting
2026-08-22T22:35:46.0529046Z   node=3 rank=1 role=decoder url=http://10.0.0.51:7101/health status=waiting
2026-08-22T22:35:46.0540484Z   node=3 rank=2 role=decoder url=http://10.0.0.51:7102/health status=waiting
2026-08-22T22:35:46.0552635Z   node=3 rank=3 role=decoder url=http://10.0.0.51:7103/health status=waiting
2026-08-22T22:36:16.0882925Z [2026-08-22 22:36:16] [INFO] Polling external DP ranks: ready=2/10
2026-08-22T22:36:16.0909119Z   node=0 rank=0 role=prefiller url=http://10.0.0.139:7100/health status=ready
2026-08-22T22:36:16.0922080Z   node=1 rank=0 role=prefiller url=http://10.0.0.111:7100/health status=ready
2026-08-22T22:36:16.0933697Z   node=2 rank=0 role=decoder url=http://10.0.0.164:7100/health status=waiting
2026-08-22T22:36:16.0945335Z   node=2 rank=1 role=decoder url=http://10.0.0.164:7101/health status=waiting
2026-08-22T22:36:16.0957109Z   node=2 rank=2 role=decoder url=http://10.0.0.164:7102/health status=waiting
2026-08-22T22:36:16.0968174Z   node=2 rank=3 role=decoder url=http://10.0.0.164:7103/health status=waiting
2026-08-22T22:36:16.0978825Z   node=3 rank=0 role=decoder url=http://10.0.0.51:7100/health status=waiting
2026-08-22T22:36:16.0991302Z   node=3 rank=1 role=decoder url=http://10.0.0.51:7101/health status=waiting
2026-08-22T22:36:16.1002551Z   node=3 rank=2 role=decoder url=http://10.0.0.51:7102/health status=waiting
2026-08-22T22:36:16.1013480Z   node=3 rank=3 role=decoder url=http://10.0.0.51:7103/health status=waiting
2026-08-22T22:36:46.1332881Z [2026-08-22 22:36:46] [INFO] Polling external DP ranks: ready=2/10
2026-08-22T22:36:46.1347705Z   node=0 rank=0 role=prefiller url=http://10.0.0.139:7100/health status=ready
2026-08-22T22:36:46.1360855Z   node=1 rank=0 role=prefiller url=http://10.0.0.111:7100/health status=ready
2026-08-22T22:36:46.1372947Z   node=2 rank=0 role=decoder url=http://10.0.0.164:7100/health status=waiting
2026-08-22T22:36:46.1384363Z   node=2 rank=1 role=decoder url=http://10.0.0.164:7101/health status=waiting
2026-08-22T22:36:46.1397050Z   node=2 rank=2 role=decoder url=http://10.0.0.164:7102/health status=waiting
2026-08-22T22:36:46.1408878Z   node=2 rank=3 role=decoder url=http://10.0.0.164:7103/health status=waiting
2026-08-22T22:36:46.1420235Z   node=3 rank=0 role=decoder url=http://10.0.0.51:7100/health status=waiting
2026-08-22T22:36:46.1431881Z   node=3 rank=1 role=decoder url=http://10.0.0.51:7101/health status=waiting
2026-08-22T22:36:46.1442893Z   node=3 rank=2 role=decoder url=http://10.0.0.51:7102/health status=waiting
2026-08-22T22:36:46.1454269Z   node=3 rank=3 role=decoder url=http://10.0.0.51:7103/health status=waiting
2026-08-22T22:37:16.1811646Z [2026-08-22 22:37:16] [INFO] Polling external DP ranks: ready=2/10
2026-08-22T22:37:16.1825603Z   node=0 rank=0 role=prefiller url=http://10.0.0.139:7100/health status=ready
2026-08-22T22:37:16.1839233Z   node=1 rank=0 role=prefiller url=http://10.0.0.111:7100/health status=ready
2026-08-22T22:37:16.1851359Z   node=2 rank=0 role=decoder url=http://10.0.0.164:7100/health status=waiting
2026-08-22T22:37:16.1862508Z   node=2 rank=1 role=decoder url=http://10.0.0.164:7101/health status=waiting
2026-08-22T22:37:16.1874330Z   node=2 rank=2 role=decoder url=http://10.0.0.164:7102/health status=waiting
2026-08-22T22:37:16.1886326Z   node=2 rank=3 role=decoder url=http://10.0.0.164:7103/health status=waiting
2026-08-22T22:37:16.1900150Z   node=3 rank=0 role=decoder url=http://10.0.0.51:7100/health status=waiting
2026-08-22T22:37:16.1911484Z   node=3 rank=1 role=decoder url=http://10.0.0.51:7101/health status=waiting
2026-08-22T22:37:16.1923325Z   node=3 rank=2 role=decoder url=http://10.0.0.51:7102/health status=waiting
2026-08-22T22:37:16.1935466Z   node=3 rank=3 role=decoder url=http://10.0.0.51:7103/health status=waiting
2026-08-22T22:37:46.2250434Z [2026-08-22 22:37:46] [INFO] Polling external DP ranks: ready=2/10
2026-08-22T22:37:46.2267315Z   node=0 rank=0 role=prefiller url=http://10.0.0.139:7100/health status=ready
2026-08-22T22:37:46.2279739Z   node=1 rank=0 role=prefiller url=http://10.0.0.111:7100/health status=ready
2026-08-22T22:37:46.2292313Z   node=2 rank=0 role=decoder url=http://10.0.0.164:7100/health status=waiting
2026-08-22T22:37:46.2304419Z   node=2 rank=1 role=decoder url=http://10.0.0.164:7101/health status=waiting
2026-08-22T22:37:46.2317292Z   node=2 rank=2 role=decoder url=http://10.0.0.164:7102/health status=waiting
2026-08-22T22:37:46.2329675Z   node=2 rank=3 role=decoder url=http://10.0.0.164:7103/health status=waiting
2026-08-22T22:37:46.2341960Z   node=3 rank=0 role=decoder url=http://10.0.0.51:7100/health status=waiting
2026-08-22T22:37:46.2354567Z   node=3 rank=1 role=decoder url=http://10.0.0.51:7101/health status=waiting
2026-08-22T22:37:46.2366939Z   node=3 rank=2 role=decoder url=http://10.0.0.51:7102/health status=waiting
2026-08-22T22:37:46.2378884Z   node=3 rank=3 role=decoder url=http://10.0.0.51:7103/health status=waiting
2026-08-22T22:38:16.2702973Z [2026-08-22 22:38:16] [INFO] Polling external DP ranks: ready=2/10
2026-08-22T22:38:16.2732253Z   node=0 rank=0 role=prefiller url=http://10.0.0.139:7100/health status=ready
2026-08-22T22:38:16.2753581Z   node=1 rank=0 role=prefiller url=http://10.0.0.111:7100/health status=ready
2026-08-22T22:38:16.2771193Z   node=2 rank=0 role=decoder url=http://10.0.0.164:7100/health status=waiting
2026-08-22T22:38:16.2790429Z   node=2 rank=1 role=decoder url=http://10.0.0.164:7101/health status=waiting
2026-08-22T22:38:16.2808074Z   node=2 rank=2 role=decoder url=http://10.0.0.164:7102/health status=waiting
2026-08-22T22:38:16.2827838Z   node=2 rank=3 role=decoder url=http://10.0.0.164:7103/health status=waiting
2026-08-22T22:38:16.2852783Z   node=3 rank=0 role=decoder url=http://10.0.0.51:7100/health status=waiting
2026-08-22T22:38:16.2872869Z   node=3 rank=1 role=decoder url=http://10.0.0.51:7101/health status=waiting
2026-08-22T22:38:16.2892184Z   node=3 rank=2 role=decoder url=http://10.0.0.51:7102/health status=waiting
2026-08-22T22:38:16.2912354Z   node=3 rank=3 role=decoder url=http://10.0.0.51:7103/health status=waiting
2026-08-22T22:38:46.3147723Z [2026-08-22 22:38:46] [INFO] Polling external DP ranks: ready=2/10
2026-08-22T22:38:46.3164808Z   node=0 rank=0 role=prefiller url=http://10.0.0.139:7100/health status=ready
2026-08-22T22:38:46.3176831Z   node=1 rank=0 role=prefiller url=http://10.0.0.111:7100/health status=ready
2026-08-22T22:38:46.3188523Z   node=2 rank=0 role=decoder url=http://10.0.0.164:7100/health status=waiting
2026-08-22T22:38:46.3200675Z   node=2 rank=1 role=decoder url=http://10.0.0.164:7101/health status=waiting
2026-08-22T22:38:46.3213278Z   node=2 rank=2 role=decoder url=http://10.0.0.164:7102/health status=waiting
2026-08-22T22:38:46.3224592Z   node=2 rank=3 role=decoder url=http://10.0.0.164:7103/health status=waiting
2026-08-22T22:38:46.3236856Z   node=3 rank=0 role=decoder url=http://10.0.0.51:7100/health status=waiting
2026-08-22T22:38:46.3248054Z   node=3 rank=1 role=decoder url=http://10.0.0.51:7101/health status=waiting
2026-08-22T22:38:46.3259624Z   node=3 rank=2 role=decoder url=http://10.0.0.51:7102/health status=waiting
2026-08-22T22:38:46.3271975Z   node=3 rank=3 role=decoder url=http://10.0.0.51:7103/health status=waiting
2026-08-22T22:39:16.3590901Z [2026-08-22 22:39:16] [INFO] Polling external DP ranks: ready=2/10
2026-08-22T22:39:16.3604396Z   node=0 rank=0 role=prefiller url=http://10.0.0.139:7100/health status=ready
2026-08-22T22:39:16.3615621Z   node=1 rank=0 role=prefiller url=http://10.0.0.111:7100/health status=ready
2026-08-22T22:39:16.3626787Z   node=2 rank=0 role=decoder url=http://10.0.0.164:7100/health status=waiting
2026-08-22T22:39:16.3637719Z   node=2 rank=1 role=decoder url=http://10.0.0.164:7101/health status=waiting
2026-08-22T22:39:16.3648830Z   node=2 rank=2 role=decoder url=http://10.0.0.164:7102/health status=waiting
2026-08-22T22:39:16.3659415Z   node=2 rank=3 role=decoder url=http://10.0.0.164:7103/health status=waiting
2026-08-22T22:39:16.3671164Z   node=3 rank=0 role=decoder url=http://10.0.0.51:7100/health status=waiting
2026-08-22T22:39:16.3684198Z   node=3 rank=1 role=decoder url=http://10.0.0.51:7101/health status=waiting
2026-08-22T22:39:16.3697078Z   node=3 rank=2 role=decoder url=http://10.0.0.51:7102/health status=waiting
2026-08-22T22:39:16.3709082Z   node=3 rank=3 role=decoder url=http://10.0.0.51:7103/health status=waiting
2026-08-22T22:39:46.4058949Z [2026-08-22 22:39:46] [INFO] Polling external DP ranks: ready=2/10
2026-08-22T22:39:46.4075190Z   node=0 rank=0 role=prefiller url=http://10.0.0.139:7100/health status=ready
2026-08-22T22:39:46.4086869Z   node=1 rank=0 role=prefiller url=http://10.0.0.111:7100/health status=ready
2026-08-22T22:39:46.4099885Z   node=2 rank=0 role=decoder url=http://10.0.0.164:7100/health status=waiting
2026-08-22T22:39:46.4111707Z   node=2 rank=1 role=decoder url=http://10.0.0.164:7101/health status=waiting
2026-08-22T22:39:46.4121665Z   node=2 rank=2 role=decoder url=http://10.0.0.164:7102/health status=waiting
2026-08-22T22:39:46.4133262Z   node=2 rank=3 role=decoder url=http://10.0.0.164:7103/health status=waiting
2026-08-22T22:39:46.4144530Z   node=3 rank=0 role=decoder url=http://10.0.0.51:7100/health status=waiting
2026-08-22T22:39:46.4156903Z   node=3 rank=1 role=decoder url=http://10.0.0.51:7101/health status=waiting
2026-08-22T22:39:46.4168252Z   node=3 rank=2 role=decoder url=http://10.0.0.51:7102/health status=waiting
2026-08-22T22:39:46.4179893Z   node=3 rank=3 role=decoder url=http://10.0.0.51:7103/health status=waiting
2026-08-22T22:40:16.4524696Z [2026-08-22 22:40:16] [INFO] Polling external DP ranks: ready=2/10
2026-08-22T22:40:16.4585571Z   node=0 rank=0 role=prefiller url=http://10.0.0.139:7100/health status=ready
2026-08-22T22:40:16.4586252Z   node=1 rank=0 role=prefiller url=http://10.0.0.111:7100/health status=ready
2026-08-22T22:40:16.4592763Z   node=2 rank=0 role=decoder url=http://10.0.0.164:7100/health status=waiting
2026-08-22T22:40:16.4604663Z   node=2 rank=1 role=decoder url=http://10.0.0.164:7101/health status=waiting
2026-08-22T22:40:16.4617071Z   node=2 rank=2 role=decoder url=http://10.0.0.164:7102/health status=waiting
2026-08-22T22:40:16.4629457Z   node=2 rank=3 role=decoder url=http://10.0.0.164:7103/health status=waiting
2026-08-22T22:40:16.4644240Z   node=3 rank=0 role=decoder url=http://10.0.0.51:7100/health status=waiting
2026-08-22T22:40:16.4653527Z   node=3 rank=1 role=decoder url=http://10.0.0.51:7101/health status=waiting
2026-08-22T22:40:16.4665894Z   node=3 rank=2 role=decoder url=http://10.0.0.51:7102/health status=waiting
2026-08-22T22:40:16.4678268Z   node=3 rank=3 role=decoder url=http://10.0.0.51:7103/health status=waiting
2026-08-22T22:40:46.5059369Z [2026-08-22 22:40:46] [INFO] Polling external DP ranks: ready=2/10
2026-08-22T22:40:46.5077088Z   node=0 rank=0 role=prefiller url=http://10.0.0.139:7100/health status=ready
2026-08-22T22:40:46.5089186Z   node=1 rank=0 role=prefiller url=http://10.0.0.111:7100/health status=ready
2026-08-22T22:40:46.5102084Z   node=2 rank=0 role=decoder url=http://10.0.0.164:7100/health status=waiting
2026-08-22T22:40:46.5115169Z   node=2 rank=1 role=decoder url=http://10.0.0.164:7101/health status=waiting
2026-08-22T22:40:46.5127205Z   node=2 rank=2 role=decoder url=http://10.0.0.164:7102/health status=waiting
2026-08-22T22:40:46.5139215Z   node=2 rank=3 role=decoder url=http://10.0.0.164:7103/health status=waiting
2026-08-22T22:40:46.5151365Z   node=3 rank=0 role=decoder url=http://10.0.0.51:7100/health status=waiting
2026-08-22T22:40:46.5164419Z   node=3 rank=1 role=decoder url=http://10.0.0.51:7101/health status=waiting
2026-08-22T22:40:46.5177004Z   node=3 rank=2 role=decoder url=http://10.0.0.51:7102/health status=waiting
2026-08-22T22:40:46.5188779Z   node=3 rank=3 role=decoder url=http://10.0.0.51:7103/health status=waiting
2026-08-22T22:41:16.5513813Z [2026-08-22 22:41:16] [INFO] Polling external DP ranks: ready=2/10
2026-08-22T22:41:16.5550916Z   node=0 rank=0 role=prefiller url=http://10.0.0.139:7100/health status=ready
2026-08-22T22:41:16.5563312Z   node=1 rank=0 role=prefiller url=http://10.0.0.111:7100/health status=ready
2026-08-22T22:41:16.5575775Z   node=2 rank=0 role=decoder url=http://10.0.0.164:7100/health status=waiting
2026-08-22T22:41:16.5587424Z   node=2 rank=1 role=decoder url=http://10.0.0.164:7101/health status=waiting
2026-08-22T22:41:16.5599812Z   node=2 rank=2 role=decoder url=http://10.0.0.164:7102/health status=waiting
2026-08-22T22:41:16.5611956Z   node=2 rank=3 role=decoder url=http://10.0.0.164:7103/health status=waiting
2026-08-22T22:41:16.5623565Z   node=3 rank=0 role=decoder url=http://10.0.0.51:7100/health status=waiting
2026-08-22T22:41:16.5636313Z   node=3 rank=1 role=decoder url=http://10.0.0.51:7101/health status=waiting
2026-08-22T22:41:16.5647595Z   node=3 rank=2 role=decoder url=http://10.0.0.51:7102/health status=waiting
2026-08-22T22:41:16.5659564Z   node=3 rank=3 role=decoder url=http://10.0.0.51:7103/health status=waiting
2026-08-22T22:41:46.6000667Z [2026-08-22 22:41:46] [INFO] Polling external DP ranks: ready=2/10
2026-08-22T22:41:46.6015353Z   node=0 rank=0 role=prefiller url=http://10.0.0.139:7100/health status=ready
2026-08-22T22:41:46.6026972Z   node=1 rank=0 role=prefiller url=http://10.0.0.111:7100/health status=ready
2026-08-22T22:41:46.6039650Z   node=2 rank=0 role=decoder url=http://10.0.0.164:7100/health status=waiting
2026-08-22T22:41:46.6054527Z   node=2 rank=1 role=decoder url=http://10.0.0.164:7101/health status=waiting
2026-08-22T22:41:46.6068236Z   node=2 rank=2 role=decoder url=http://10.0.0.164:7102/health status=waiting
2026-08-22T22:41:46.6080779Z   node=2 rank=3 role=decoder url=http://10.0.0.164:7103/health status=waiting
2026-08-22T22:41:46.6092458Z   node=3 rank=0 role=decoder url=http://10.0.0.51:7100/health status=waiting
2026-08-22T22:41:46.6104144Z   node=3 rank=1 role=decoder url=http://10.0.0.51:7101/health status=waiting
2026-08-22T22:41:46.6116632Z   node=3 rank=2 role=decoder url=http://10.0.0.51:7102/health status=waiting
2026-08-22T22:41:46.6130552Z   node=3 rank=3 role=decoder url=http://10.0.0.51:7103/health status=waiting
2026-08-22T22:42:16.6464589Z [2026-08-22 22:42:16] [INFO] Polling external DP ranks: ready=2/10
2026-08-22T22:42:16.6478110Z   node=0 rank=0 role=prefiller url=http://10.0.0.139:7100/health status=ready
2026-08-22T22:42:16.6491448Z   node=1 rank=0 role=prefiller url=http://10.0.0.111:7100/health status=ready
2026-08-22T22:42:16.6511956Z   node=2 rank=0 role=decoder url=http://10.0.0.164:7100/health status=waiting
2026-08-22T22:42:16.6524164Z   node=2 rank=1 role=decoder url=http://10.0.0.164:7101/health status=waiting
2026-08-22T22:42:16.6536166Z   node=2 rank=2 role=decoder url=http://10.0.0.164:7102/health status=waiting
2026-08-22T22:42:16.6548631Z   node=2 rank=3 role=decoder url=http://10.0.0.164:7103/health status=waiting
2026-08-22T22:42:16.6561024Z   node=3 rank=0 role=decoder url=http://10.0.0.51:7100/health status=waiting
2026-08-22T22:42:16.6572845Z   node=3 rank=1 role=decoder url=http://10.0.0.51:7101/health status=waiting
2026-08-22T22:42:16.6584530Z   node=3 rank=2 role=decoder url=http://10.0.0.51:7102/health status=waiting
2026-08-22T22:42:16.6596538Z   node=3 rank=3 role=decoder url=http://10.0.0.51:7103/health status=waiting
2026-08-22T22:42:46.6965889Z [2026-08-22 22:42:46] [INFO] Polling external DP ranks: ready=2/10
2026-08-22T22:42:46.6979856Z   node=0 rank=0 role=prefiller url=http://10.0.0.139:7100/health status=ready
2026-08-22T22:42:46.6992208Z   node=1 rank=0 role=prefiller url=http://10.0.0.111:7100/health status=ready
2026-08-22T22:42:46.7003248Z   node=2 rank=0 role=decoder url=http://10.0.0.164:7100/health status=waiting
2026-08-22T22:42:46.7015191Z   node=2 rank=1 role=decoder url=http://10.0.0.164:7101/health status=waiting
2026-08-22T22:42:46.7026452Z   node=2 rank=2 role=decoder url=http://10.0.0.164:7102/health status=waiting
2026-08-22T22:42:46.7038484Z   node=2 rank=3 role=decoder url=http://10.0.0.164:7103/health status=waiting
2026-08-22T22:42:46.7048973Z   node=3 rank=0 role=decoder url=http://10.0.0.51:7100/health status=waiting
2026-08-22T22:42:46.7059538Z   node=3 rank=1 role=decoder url=http://10.0.0.51:7101/health status=waiting
2026-08-22T22:42:46.7070807Z   node=3 rank=2 role=decoder url=http://10.0.0.51:7102/health status=waiting
2026-08-22T22:42:46.7081853Z   node=3 rank=3 role=decoder url=http://10.0.0.51:7103/health status=waiting
2026-08-22T22:43:16.7434339Z [2026-08-22 22:43:16] [INFO] Polling external DP ranks: ready=2/10
2026-08-22T22:43:16.7448638Z   node=0 rank=0 role=prefiller url=http://10.0.0.139:7100/health status=ready
2026-08-22T22:43:16.7463702Z   node=1 rank=0 role=prefiller url=http://10.0.0.111:7100/health status=ready
2026-08-22T22:43:16.7476423Z   node=2 rank=0 role=decoder url=http://10.0.0.164:7100/health status=waiting
2026-08-22T22:43:16.7488570Z   node=2 rank=1 role=decoder url=http://10.0.0.164:7101/health status=waiting
2026-08-22T22:43:16.7501347Z   node=2 rank=2 role=decoder url=http://10.0.0.164:7102/health status=waiting
2026-08-22T22:43:16.7514447Z   node=2 rank=3 role=decoder url=http://10.0.0.164:7103/health status=waiting
2026-08-22T22:43:16.7526724Z   node=3 rank=0 role=decoder url=http://10.0.0.51:7100/health status=waiting
2026-08-22T22:43:16.7538667Z   node=3 rank=1 role=decoder url=http://10.0.0.51:7101/health status=waiting
2026-08-22T22:43:16.7551224Z   node=3 rank=2 role=decoder url=http://10.0.0.51:7102/health status=waiting
2026-08-22T22:43:16.7563244Z   node=3 rank=3 role=decoder url=http://10.0.0.51:7103/health status=waiting
2026-08-22T22:43:46.7876178Z [2026-08-22 22:43:46] [INFO] Polling external DP ranks: ready=2/10
2026-08-22T22:43:46.7892599Z   node=0 rank=0 role=prefiller url=http://10.0.0.139:7100/health status=ready
2026-08-22T22:43:46.7907037Z   node=1 rank=0 role=prefiller url=http://10.0.0.111:7100/health status=ready
2026-08-22T22:43:46.7922583Z   node=2 rank=0 role=decoder url=http://10.0.0.164:7100/health status=waiting
2026-08-22T22:43:46.7936482Z   node=2 rank=1 role=decoder url=http://10.0.0.164:7101/health status=waiting
2026-08-22T22:43:46.7950754Z   node=2 rank=2 role=decoder url=http://10.0.0.164:7102/health status=waiting
2026-08-22T22:43:46.7965267Z   node=2 rank=3 role=decoder url=http://10.0.0.164:7103/health status=waiting
2026-08-22T22:43:46.7977980Z   node=3 rank=0 role=decoder url=http://10.0.0.51:7100/health status=waiting
2026-08-22T22:43:46.7993232Z   node=3 rank=1 role=decoder url=http://10.0.0.51:7101/health status=waiting
2026-08-22T22:43:46.8006903Z   node=3 rank=2 role=decoder url=http://10.0.0.51:7102/health status=waiting
2026-08-22T22:43:46.8021240Z   node=3 rank=3 role=decoder url=http://10.0.0.51:7103/health status=waiting
2026-08-22T22:44:16.8379928Z [2026-08-22 22:44:16] [INFO] Polling external DP ranks: ready=2/10
2026-08-22T22:44:16.8392103Z   node=0 rank=0 role=prefiller url=http://10.0.0.139:7100/health status=ready
2026-08-22T22:44:16.8402341Z   node=1 rank=0 role=prefiller url=http://10.0.0.111:7100/health status=ready
2026-08-22T22:44:16.8413918Z   node=2 rank=0 role=decoder url=http://10.0.0.164:7100/health status=waiting
2026-08-22T22:44:16.8425379Z   node=2 rank=1 role=decoder url=http://10.0.0.164:7101/health status=waiting
2026-08-22T22:44:16.8437605Z   node=2 rank=2 role=decoder url=http://10.0.0.164:7102/health status=waiting
2026-08-22T22:44:16.8448900Z   node=2 rank=3 role=decoder url=http://10.0.0.164:7103/health status=waiting
2026-08-22T22:44:16.8460553Z   node=3 rank=0 role=decoder url=http://10.0.0.51:7100/health status=waiting
2026-08-22T22:44:16.8472050Z   node=3 rank=1 role=decoder url=http://10.0.0.51:7101/health status=waiting
2026-08-22T22:44:16.8483800Z   node=3 rank=2 role=decoder url=http://10.0.0.51:7102/health status=waiting
2026-08-22T22:44:16.8496565Z   node=3 rank=3 role=decoder url=http://10.0.0.51:7103/health status=waiting
2026-08-22T22:44:46.8960630Z [2026-08-22 22:44:46] [INFO] Polling external DP ranks: ready=2/10
2026-08-22T22:44:46.8974730Z   node=0 rank=0 role=prefiller url=http://10.0.0.139:7100/health status=ready
2026-08-22T22:44:46.9045106Z   node=1 rank=0 role=prefiller url=http://10.0.0.111:7100/health status=ready
2026-08-22T22:44:46.9045688Z   node=2 rank=0 role=decoder url=http://10.0.0.164:7100/health status=waiting
2026-08-22T22:44:46.9046378Z   node=2 rank=1 role=decoder url=http://10.0.0.164:7101/health status=waiting
2026-08-22T22:44:46.9050238Z   node=2 rank=2 role=decoder url=http://10.0.0.164:7102/health status=waiting
2026-08-22T22:44:46.9050766Z   node=2 rank=3 role=decoder url=http://10.0.0.164:7103/health status=waiting
2026-08-22T22:44:46.9051286Z   node=3 rank=0 role=decoder url=http://10.0.0.51:7100/health status=waiting
2026-08-22T22:44:46.9064065Z   node=3 rank=1 role=decoder url=http://10.0.0.51:7101/health status=waiting
2026-08-22T22:44:46.9075607Z   node=3 rank=2 role=decoder url=http://10.0.0.51:7102/health status=waiting
2026-08-22T22:44:46.9093543Z   node=3 rank=3 role=decoder url=http://10.0.0.51:7103/health status=waiting
2026-08-22T22:45:16.9408155Z [2026-08-22 22:45:16] [INFO] Polling external DP ranks: ready=2/10
2026-08-22T22:45:16.9452853Z   node=0 rank=0 role=prefiller url=http://10.0.0.139:7100/health status=ready
2026-08-22T22:45:16.9463852Z   node=1 rank=0 role=prefiller url=http://10.0.0.111:7100/health status=ready
2026-08-22T22:45:16.9476153Z   node=2 rank=0 role=decoder url=http://10.0.0.164:7100/health status=waiting
2026-08-22T22:45:16.9487928Z   node=2 rank=1 role=decoder url=http://10.0.0.164:7101/health status=waiting
2026-08-22T22:45:16.9499319Z   node=2 rank=2 role=decoder url=http://10.0.0.164:7102/health status=waiting
2026-08-22T22:45:16.9511094Z   node=2 rank=3 role=decoder url=http://10.0.0.164:7103/health status=waiting
2026-08-22T22:45:16.9522296Z   node=3 rank=0 role=decoder url=http://10.0.0.51:7100/health status=waiting
2026-08-22T22:45:16.9533564Z   node=3 rank=1 role=decoder url=http://10.0.0.51:7101/health status=waiting
2026-08-22T22:45:16.9544314Z   node=3 rank=2 role=decoder url=http://10.0.0.51:7102/health status=waiting
2026-08-22T22:45:16.9555929Z   node=3 rank=3 role=decoder url=http://10.0.0.51:7103/health status=waiting
2026-08-22T22:45:46.9886410Z [2026-08-22 22:45:46] [INFO] Polling external DP ranks: ready=2/10
2026-08-22T22:45:46.9920471Z   node=0 rank=0 role=prefiller url=http://10.0.0.139:7100/health status=ready
2026-08-22T22:45:46.9932083Z   node=1 rank=0 role=prefiller url=http://10.0.0.111:7100/health status=ready
2026-08-22T22:45:46.9943730Z   node=2 rank=0 role=decoder url=http://10.0.0.164:7100/health status=waiting
2026-08-22T22:45:46.9954990Z   node=2 rank=1 role=decoder url=http://10.0.0.164:7101/health status=waiting
2026-08-22T22:45:46.9965590Z   node=2 rank=2 role=decoder url=http://10.0.0.164:7102/health status=waiting
2026-08-22T22:45:46.9976685Z   node=2 rank=3 role=decoder url=http://10.0.0.164:7103/health status=waiting
2026-08-22T22:45:46.9987988Z   node=3 rank=0 role=decoder url=http://10.0.0.51:7100/health status=waiting
2026-08-22T22:45:47.0001727Z   node=3 rank=1 role=decoder url=http://10.0.0.51:7101/health status=waiting
2026-08-22T22:45:47.0013914Z   node=3 rank=2 role=decoder url=http://10.0.0.51:7102/health status=waiting
2026-08-22T22:45:47.0071692Z   node=3 rank=3 role=decoder url=http://10.0.0.51:7103/health status=waiting
2026-08-22T22:46:17.0340363Z [2026-08-22 22:46:17] [INFO] Polling external DP ranks: ready=2/10
2026-08-22T22:46:17.0356499Z   node=0 rank=0 role=prefiller url=http://10.0.0.139:7100/health status=ready
2026-08-22T22:46:17.0370667Z   node=1 rank=0 role=prefiller url=http://10.0.0.111:7100/health status=ready
2026-08-22T22:46:17.0381226Z   node=2 rank=0 role=decoder url=http://10.0.0.164:7100/health status=waiting
2026-08-22T22:46:17.0392897Z   node=2 rank=1 role=decoder url=http://10.0.0.164:7101/health status=waiting
2026-08-22T22:46:17.0403996Z   node=2 rank=2 role=decoder url=http://10.0.0.164:7102/health status=waiting
2026-08-22T22:46:17.0415211Z   node=2 rank=3 role=decoder url=http://10.0.0.164:7103/health status=waiting
2026-08-22T22:46:17.0426906Z   node=3 rank=0 role=decoder url=http://10.0.0.51:7100/health status=waiting
2026-08-22T22:46:17.0437938Z   node=3 rank=1 role=decoder url=http://10.0.0.51:7101/health status=waiting
2026-08-22T22:46:17.0448553Z   node=3 rank=2 role=decoder url=http://10.0.0.51:7102/health status=waiting
2026-08-22T22:46:17.0459875Z   node=3 rank=3 role=decoder url=http://10.0.0.51:7103/health status=waiting
2026-08-22T22:46:47.0819224Z [2026-08-22 22:46:47] [INFO] Polling external DP ranks: ready=2/10
2026-08-22T22:46:47.0822428Z   node=0 rank=0 role=prefiller url=http://10.0.0.139:7100/health status=ready
2026-08-22T22:46:47.0842752Z   node=1 rank=0 role=prefiller url=http://10.0.0.111:7100/health status=ready
2026-08-22T22:46:47.0848122Z   node=2 rank=0 role=decoder url=http://10.0.0.164:7100/health status=waiting
2026-08-22T22:46:47.0857506Z   node=2 rank=1 role=decoder url=http://10.0.0.164:7101/health status=waiting
2026-08-22T22:46:47.0869539Z   node=2 rank=2 role=decoder url=http://10.0.0.164:7102/health status=waiting
2026-08-22T22:46:47.0881535Z   node=2 rank=3 role=decoder url=http://10.0.0.164:7103/health status=waiting
2026-08-22T22:46:47.0892818Z   node=3 rank=0 role=decoder url=http://10.0.0.51:7100/health status=waiting
2026-08-22T22:46:47.0905014Z   node=3 rank=1 role=decoder url=http://10.0.0.51:7101/health status=waiting
2026-08-22T22:46:47.0917269Z   node=3 rank=2 role=decoder url=http://10.0.0.51:7102/health status=waiting
2026-08-22T22:46:47.0927841Z   node=3 rank=3 role=decoder url=http://10.0.0.51:7103/health status=waiting
2026-08-22T22:47:12.1193940Z [2026-08-22 22:47:12] [INFO] Stopping external DP proxy pid=34950
2026-08-22T22:47:12.3070832Z [2026-08-22 22:47:12] [INFO] Stopping external DP rank node=0 rank=0 pid=189
2026-08-22T22:47:14.8279678Z [2026-08-22 22:47:14] [INFO] get env LOG_PREFIX = /root/.cache/ascend-logs/main/vllm-deepseek-v3-2t-mtp2-pd-89246a
2026-08-22T22:47:18.4305229Z FAILED[INFO] Model cache cleared
2026-08-22T22:47:18.4319433Z 
2026-08-22T22:47:18.4330012Z 
2026-08-22T22:47:18.4342473Z =================================== FAILURES ===================================
2026-08-22T22:47:18.4355344Z _______________________________ test_external_dp _______________________________
2026-08-22T22:47:18.4365756Z 
2026-08-22T22:47:18.4377154Z     def test_external_dp() -> None:
2026-08-22T22:47:18.4389301Z         config = ExternalDPConfigLoader.from_yaml()
2026-08-22T22:47:18.4400691Z         _install_special_dependencies(config)
2026-08-22T22:47:18.4412254Z         ranks = RankResolver(config).resolve()
2026-08-22T22:47:18.4423900Z         current_node_index = resolve_current_node_index(config)
2026-08-22T22:47:18.4435372Z         log_root = Path(os.environ.get("EXTERNAL_DP_LOG_DIR", str(DEFAULT_LOG_ROOT)))
2026-08-22T22:47:18.4446289Z         max_wait_seconds = int(os.environ.get("EXTERNAL_DP_MAX_WAIT_SECONDS", "3600"))
2026-08-22T22:47:18.4457139Z         is_master = current_node_index == 0
2026-08-22T22:47:18.4468519Z     
2026-08-22T22:47:18.4480038Z         kv_pool_manager = create_kv_pool_manager(
2026-08-22T22:47:18.4491510Z             config=config,
2026-08-22T22:47:18.4503070Z             current_node_index=current_node_index,
2026-08-22T22:47:18.4514597Z             log_root=log_root,
2026-08-22T22:47:18.4528451Z         )
2026-08-22T22:47:18.4537739Z         proxy_launcher = ExternalDPProxyLauncher(
2026-08-22T22:47:18.4548832Z             config=config,
2026-08-22T22:47:18.4560347Z             ranks=ranks,
2026-08-22T22:47:18.4571095Z             current_node_index=current_node_index,
2026-08-22T22:47:18.4581626Z             log_root=log_root,
2026-08-22T22:47:18.4593536Z         )
2026-08-22T22:47:18.4603987Z     
2026-08-22T22:47:18.4615130Z         try:
2026-08-22T22:47:18.4626728Z             with (
2026-08-22T22:47:18.4638642Z                 kv_pool_manager,
2026-08-22T22:47:18.4649554Z                 ExternalDPServerManager(
2026-08-22T22:47:18.4660910Z                     config=config,
2026-08-22T22:47:18.4672462Z                     ranks=ranks,
2026-08-22T22:47:18.4684830Z                     current_node_index=current_node_index,
2026-08-22T22:47:18.4697565Z                     log_root=log_root,
2026-08-22T22:47:18.4708118Z                     extra_envs=kv_pool_manager.server_envs,
2026-08-22T22:47:18.4719893Z                 ),
2026-08-22T22:47:18.4730695Z                 proxy_launcher,
2026-08-22T22:47:18.4741912Z             ):
2026-08-22T22:47:18.4755960Z                 if is_master:
2026-08-22T22:47:18.4768837Z >                   wait_ranks_ready(ranks, timeout=max_wait_seconds)
2026-08-22T22:47:18.4781657Z 
2026-08-22T22:47:18.4793647Z tests/e2e/nightly/multi_node/external_dp/scripts/test_external_dp.py:137: 
2026-08-22T22:47:18.4805601Z _ _ _ _ _ _ _ _ _ _ _ _ _ _ _ _ _ _ _ _ _ _ _ _ _ _ _ _ _ _ _ _ _ _ _ _ _ _ _ _ 
2026-08-22T22:47:18.4816699Z 
2026-08-22T22:47:18.4829566Z ranks = [RankInfo(node_index=0, role='prefiller', local_rank=0, dp_rank=0, host='10.0.0.139', port=7100, visible_devices='0,1,...local=4, tp_size=4, cp_size=1, sp_size=1, pp_size=1, dp_address='10.0.0.164', dp_rpc_port=12321, port_start=7100), ...]
2026-08-22T22:47:18.4840215Z timeout = 3600, rank_processes = None
2026-08-22T22:47:18.4851907Z 
2026-08-22T22:47:18.4862630Z     def wait_ranks_ready(
2026-08-22T22:47:18.4874033Z         ranks: Iterable[RankInfo],
2026-08-22T22:47:18.4884940Z         timeout: int,
2026-08-22T22:47:18.4896665Z         rank_processes: list[RankProcess] | None = None,
2026-08-22T22:47:18.4907412Z     ) -> None:
2026-08-22T22:47:18.4919137Z         ranks = list(ranks)
2026-08-22T22:47:18.4930077Z         rank_ready = {rank: False for rank in ranks}
2026-08-22T22:47:18.4941425Z         deadline = time.monotonic() + timeout
2026-08-22T22:47:18.4951932Z         last_log_time = 0.0
2026-08-22T22:47:18.4962889Z     
2026-08-22T22:47:18.4972994Z         while True:
2026-08-22T22:47:18.4984309Z             _raise_if_rank_process_exited(rank_processes)
2026-08-22T22:47:18.4995395Z     
2026-08-22T22:47:18.5006341Z             all_ready = True
2026-08-22T22:47:18.5017015Z             unhealthy_after_ready = []
2026-08-22T22:47:18.5027967Z     
2026-08-22T22:47:18.5040605Z             for rank in ranks:
2026-08-22T22:47:18.5051424Z                 is_ready = is_http_ready(rank_health_url(rank), timeout=1.0)
2026-08-22T22:47:18.5062211Z                 if is_ready:
2026-08-22T22:47:18.5074120Z                     if not rank_ready[rank]:
2026-08-22T22:47:18.5084567Z                         logger.info("[READY] External DP rank %s", rank_label(rank))
2026-08-22T22:47:18.5095498Z                     rank_ready[rank] = True
2026-08-22T22:47:18.5105563Z                     continue
2026-08-22T22:47:18.5117004Z     
2026-08-22T22:47:18.5127726Z                 all_ready = False
2026-08-22T22:47:18.5138508Z                 if rank_ready[rank]:
2026-08-22T22:47:18.5150118Z                     unhealthy_after_ready.append(rank)
2026-08-22T22:47:18.5161070Z     
2026-08-22T22:47:18.5172136Z             if unhealthy_after_ready:
2026-08-22T22:47:18.5183324Z                 failed = "; ".join(rank_label(rank) for rank in unhealthy_after_ready)
2026-08-22T22:47:18.5195172Z >               raise RuntimeError(f"External DP rank became unhealthy after ready: {failed}")
2026-08-22T22:47:18.5206936Z E               RuntimeError: External DP rank became unhealthy after ready: node=1 rank=0 role=prefiller url=http://10.0.0.111:7100/health
2026-08-22T22:47:18.5217158Z 
2026-08-22T22:47:18.5228159Z tests/e2e/nightly/multi_node/external_dp/scripts/runtime.py:676: RuntimeError
2026-08-22T22:47:18.5240223Z =============================== warnings summary ===============================
2026-08-22T22:47:18.5251000Z ../../usr/local/python3.12.13/lib/python3.12/site-packages/torch/jit/_script.py:362: 14 warnings
2026-08-22T22:47:18.5262906Z   /usr/local/python3.12.13/lib/python3.12/site-packages/torch/jit/_script.py:362: DeprecationWarning: `torch.jit.script_method` is deprecated. Please switch to `torch.compile` or `torch.export`.
2026-08-22T22:47:18.5273575Z     warnings.warn(
2026-08-22T22:47:18.5283956Z 
2026-08-22T22:47:18.5294868Z -- Docs: https://docs.pytest.org/en/stable/how-to/capture-warnings.html
2026-08-22T22:47:18.5305108Z =========================== short test summary info ============================
2026-08-22T22:47:18.5317412Z FAILED tests/e2e/nightly/multi_node/external_dp/scripts/test_external_dp.py::test_external_dp
2026-08-22T22:47:18.5328224Z ================= 1 failed, 14 warnings in 4377.06s (1:12:57) ==================
2026-08-22T22:47:20.7453669Z pytest exit code: ret=1
2026-08-22T22:47:20.7466974Z Leader: waiting 10s for worker logs...
2026-08-22T22:47:30.7594319Z Leader: notifying workers (/root/.cache/ascend-logs/main/vllm-deepseek-v3-2t-mtp2-pd-89246a/aop_done)
2026-08-22T22:47:30.7607032Z [0;31mFAIL_TAG_DeepSeek_V3.2T_MTP2_PD.yaml ✗ ERROR: Some tests failed[0m
2026-08-22T22:47:31.5968285Z Cleaning up background log streams...
2026-08-22T22:47:31.7205660Z ##[error]Error: failed to run script step: Error: command terminated with non-zero exit code: command terminated with exit code 1
2026-08-22T22:47:31.7239610Z ##[error]Process completed with exit code 1.
2026-08-22T22:47:31.7392939Z ##[error]Executing the custom container implementation failed. Please contact your self hosted runner administrator.
2026-08-22T22:47:31.7959518Z ##[group]Run set -euo pipefail
2026-08-22T22:47:31.7959891Z [36;1mset -euo pipefail[0m
2026-08-22T22:47:31.7960198Z [36;1mmkdir -p /tmp/benchmark_results[0m
2026-08-22T22:47:31.7960806Z [36;1mecho "Fetching benchmark results from PVC at /root/.cache/benchmark_results/main-DeepSeek_V3.2T_MTP2_PD..."[0m
2026-08-22T22:47:31.7961488Z [36;1m# Copy from PVC mounted directory (persists after pod termination)[0m
2026-08-22T22:47:31.7962016Z [36;1mSRC="/root/.cache/benchmark_results/main-DeepSeek_V3.2T_MTP2_PD"[0m
2026-08-22T22:47:31.7962498Z [36;1mif [ -d "$SRC" ] && [ "$(ls -A "$SRC" 2>/dev/null)" ]; then[0m
2026-08-22T22:47:31.7962901Z [36;1m  cp -r "$SRC"/. /tmp/benchmark_results/[0m
2026-08-22T22:47:31.7963393Z [36;1m  echo "Benchmark results fetched successfully from PVC:"[0m
2026-08-22T22:47:31.7963791Z [36;1m  ls -la /tmp/benchmark_results/[0m
2026-08-22T22:47:31.7964137Z [36;1m  # Clean up PVC contents after copying[0m
2026-08-22T22:47:31.7964579Z [36;1m  echo "Cleaning up PVC contents at $SRC..."[0m
2026-08-22T22:47:31.7964919Z [36;1m  rm -rf "${SRC:?}"/*[0m
2026-08-22T22:47:31.7965248Z [36;1m  echo "PVC contents cleaned up successfully"[0m
2026-08-22T22:47:31.7965575Z [36;1melse[0m
2026-08-22T22:47:31.7965890Z [36;1m  echo "Warning: No benchmark results found in PVC at $SRC"[0m
2026-08-22T22:47:31.7966503Z [36;1m  echo "Directory contents (if exists):"[0m
2026-08-22T22:47:31.7966909Z [36;1m  ls -la "$SRC" 2>/dev/null || echo "Directory does not exist"[0m
2026-08-22T22:47:31.7967286Z [36;1mfi[0m
2026-08-22T22:47:31.7967600Z shell: bash -el {0}
2026-08-22T22:47:31.7967834Z env:
2026-08-22T22:47:31.7968114Z   LWS_NAME: vllm-deepseek-v3-2t-mtp2-pd-89246a
2026-08-22T22:47:31.7968498Z   LEADER_POD: vllm-deepseek-v3-2t-mtp2-pd-89246a-0
2026-08-22T22:47:31.7968976Z   LOG_PREFIX: /root/.cache/ascend-logs/main/vllm-deepseek-v3-2t-mtp2-pd-89246a
2026-08-22T22:47:31.7969450Z   FAIL_TAG: FAIL_TAG_DeepSeek_V3.2T_MTP2_PD.yaml
2026-08-22T22:47:31.7969984Z ##[endgroup]
2026-08-22T22:47:31.8067609Z ##[group]Run '/home/runner/k8s/index.js'
2026-08-22T22:47:31.8068542Z shell: /home/runner/externals/node20/bin/node {0}
2026-08-22T22:47:31.8068875Z ##[endgroup]
2026-08-22T22:47:32.2379683Z (node:1323) [DEP0005] DeprecationWarning: Buffer() is deprecated due to security and usability issues. Please use the Buffer.alloc(), Buffer.allocUnsafe(), or Buffer.from() methods instead.
2026-08-22T22:47:32.2380713Z (Use `node --trace-deprecation ...` to show where the warning was created)
2026-08-22T22:47:32.9758115Z Fetching benchmark results from PVC at /root/.cache/benchmark_results/main-DeepSeek_V3.2T_MTP2_PD...
2026-08-22T22:47:32.9777827Z Warning: No benchmark results found in PVC at /root/.cache/benchmark_results/main-DeepSeek_V3.2T_MTP2_PD
2026-08-22T22:47:32.9778371Z Directory contents (if exists):
2026-08-22T22:47:32.9804336Z Directory does not exist
2026-08-22T22:47:33.5429705Z ##[group]Run echo "Current pod status:"
2026-08-22T22:47:33.5430128Z [36;1mecho "Current pod status:"[0m
2026-08-22T22:47:33.5430524Z [36;1mkubectl get pods -n "$NAMESPACE" --ignore-not-found=true[0m
2026-08-22T22:47:33.5430908Z [36;1m[0m
2026-08-22T22:47:33.5431175Z [36;1mecho "Deleting resources for [$LWS_NAME]..."[0m
2026-08-22T22:47:33.5431631Z [36;1mkubectl delete -f ./lws.yaml --ignore-not-found=true || true[0m
2026-08-22T22:47:33.5432024Z [36;1m[0m
2026-08-22T22:47:33.5432335Z [36;1mecho "Waiting for pods of [$LWS_NAME] to fully terminate..."[0m
2026-08-22T22:47:33.5432727Z [36;1mTIMEOUT=300[0m
2026-08-22T22:47:33.5432982Z [36;1mSLEEP_INTERVAL=5[0m
2026-08-22T22:47:33.5433256Z [36;1mSTART_TIME=$(date +%s)[0m
2026-08-22T22:47:33.5433630Z [36;1mwhile true; do[0m
2026-08-22T22:47:33.5433932Z [36;1m  ELAPSED=$(( $(date +%s) - START_TIME ))[0m
2026-08-22T22:47:33.5434302Z [36;1m  if [[ $ELAPSED -ge $TIMEOUT ]]; then[0m
2026-08-22T22:47:33.5434864Z [36;1m    echo "Timeout reached ($TIMEOUT seconds) waiting for termination, continuing anyway."[0m
2026-08-22T22:47:33.5435457Z [36;1m    kubectl get pods -n "$NAMESPACE" | grep "^${LWS_NAME}-" || true[0m
2026-08-22T22:47:33.5435858Z [36;1m    break[0m
2026-08-22T22:47:33.5436223Z [36;1m  fi[0m
2026-08-22T22:47:33.5436707Z [36;1m  PODS_EXIST=$(kubectl get pods -n "$NAMESPACE" -o jsonpath='{.items[*].metadata.name}' 2>/dev/null \[0m
2026-08-22T22:47:33.5437288Z [36;1m    | tr ' ' '\n' | grep "^${LWS_NAME}-" || true)[0m
2026-08-22T22:47:33.5437655Z [36;1m  if [[ -z "$PODS_EXIST" ]]; then[0m
2026-08-22T22:47:33.5438045Z [36;1m    echo "All pods for [$LWS_NAME] have terminated."[0m
2026-08-22T22:47:33.5438404Z [36;1m    break[0m
2026-08-22T22:47:33.5438641Z [36;1m  fi[0m
2026-08-22T22:47:33.5438957Z [36;1m  echo "Waiting for pods to terminate: $PODS_EXIST"[0m
2026-08-22T22:47:33.5439326Z [36;1m  sleep $SLEEP_INTERVAL[0m
2026-08-22T22:47:33.5439603Z [36;1mdone[0m
2026-08-22T22:47:33.5439929Z shell: bash -el {0}
2026-08-22T22:47:33.5440162Z env:
2026-08-22T22:47:33.5440429Z   LWS_NAME: vllm-deepseek-v3-2t-mtp2-pd-89246a
2026-08-22T22:47:33.5440855Z   LEADER_POD: vllm-deepseek-v3-2t-mtp2-pd-89246a-0
2026-08-22T22:47:33.5441352Z   LOG_PREFIX: /root/.cache/ascend-logs/main/vllm-deepseek-v3-2t-mtp2-pd-89246a
2026-08-22T22:47:33.5441821Z   FAIL_TAG: FAIL_TAG_DeepSeek_V3.2T_MTP2_PD.yaml
2026-08-22T22:47:33.5442140Z ##[endgroup]
2026-08-22T22:47:33.5546683Z ##[group]Run '/home/runner/k8s/index.js'
2026-08-22T22:47:33.5547659Z shell: /home/runner/externals/node20/bin/node {0}
2026-08-22T22:47:33.5548001Z ##[endgroup]
2026-08-22T22:47:33.9860273Z (node:1486) [DEP0005] DeprecationWarning: Buffer() is deprecated due to security and usability issues. Please use the Buffer.alloc(), Buffer.allocUnsafe(), or Buffer.from() methods instead.
2026-08-22T22:47:33.9861296Z (Use `node --trace-deprecation ...` to show where the warning was created)
2026-08-22T22:47:34.7131266Z Current pod status:
2026-08-22T22:47:34.8260914Z NAME                                                 READY   STATUS      RESTARTS      AGE
2026-08-22T22:47:34.8261753Z ascend-plog-cleaner-29789520-x68x6                   0/1     Completed   0             18h
2026-08-22T22:47:34.8262393Z linux-aarch64-a3-0-dnlzn-runner-4ms9t                1/1     Running     0             4m27s
2026-08-22T22:47:34.8263064Z linux-aarch64-a3-0-dnlzn-runner-4ms9t-workflow       1/1     Running     0             3m56s
2026-08-22T22:47:34.8263795Z linux-aarch64-a3-0-dnlzn-runner-gjpvq                1/1     Running     0             75m
2026-08-22T22:47:34.8264461Z linux-aarch64-a3-0-dnlzn-runner-gjpvq-workflow       1/1     Running     0             75m
2026-08-22T22:47:34.8265097Z linux-aarch64-a3-2-djtkl-runner-47plr                1/1     Running     0             43m
2026-08-22T22:47:34.8265747Z linux-aarch64-a3-2-djtkl-runner-47plr-workflow       1/1     Running     0             4m56s
2026-08-22T22:47:34.8266758Z linux-aarch64-a3-2-djtkl-runner-94c8m                1/1     Running     0             4h16m
2026-08-22T22:47:34.8267401Z linux-aarch64-a3-2-djtkl-runner-94c8m-workflow       1/1     Running     0             41m
2026-08-22T22:47:34.8268056Z linux-aarch64-a3-2-djtkl-runner-fd5s4                1/1     Running     0             43m
2026-08-22T22:47:34.8268697Z linux-aarch64-a3-2-djtkl-runner-fd5s4-workflow       1/1     Running     0             26m
2026-08-22T22:47:34.8269341Z linux-aarch64-a3-2-djtkl-runner-hnrk8                1/1     Running     0             4h16m
2026-08-22T22:47:34.8269999Z linux-aarch64-a3-2-djtkl-runner-hnrk8-workflow       1/1     Running     0             46m
2026-08-22T22:47:34.8270648Z linux-aarch64-a3-2-djtkl-runner-lvk8k                1/1     Running     0             4h16m
2026-08-22T22:47:34.8271305Z linux-aarch64-a3-2-djtkl-runner-lvk8k-workflow       1/1     Running     0             40m
2026-08-22T22:47:34.8271943Z linux-aarch64-a3-2-djtkl-runner-m9295                1/1     Running     0             4h16m
2026-08-22T22:47:34.8272611Z linux-aarch64-a3-2-djtkl-runner-m9295-workflow       1/1     Running     0             40m
2026-08-22T22:47:34.8273251Z linux-aarch64-a3-2-djtkl-runner-pc589                1/1     Running     0             4h16m
2026-08-22T22:47:34.8273965Z linux-aarch64-a3-2-djtkl-runner-pc589-workflow       1/1     Running     0             41m
2026-08-22T22:47:34.8274609Z linux-aarch64-a3-2-djtkl-runner-vspn4                1/1     Running     0             109m
2026-08-22T22:47:34.8275254Z linux-aarch64-a3-2-djtkl-runner-vspn4-workflow       1/1     Running     0             26m
2026-08-22T22:47:34.8275904Z linux-aarch64-a3-2-djtkl-runner-wwrct                1/1     Running     0             4h16m
2026-08-22T22:47:34.8276704Z linux-aarch64-a3-2-djtkl-runner-wwrct-workflow       1/1     Running     0             42m
2026-08-22T22:47:34.8277348Z linux-aarch64-a3-4-w7r7x-runner-2p68b                1/1     Running     0             4h16m
2026-08-22T22:47:34.8277986Z linux-aarch64-a3-4-w7r7x-runner-2p68b-workflow       1/1     Running     0             26m
2026-08-22T22:47:34.8278615Z linux-aarch64-a3-4-w7r7x-runner-45mvf                1/1     Running     0             4h16m
2026-08-22T22:47:34.8279259Z linux-aarch64-a3-4-w7r7x-runner-45mvf-workflow       1/1     Running     0             26m
2026-08-22T22:47:34.8279881Z linux-aarch64-a3-4-w7r7x-runner-b897x                1/1     Running     0             43m
2026-08-22T22:47:34.8280509Z linux-aarch64-a3-4-w7r7x-runner-b897x-workflow       1/1     Running     0             23m
2026-08-22T22:47:34.8281136Z linux-aarch64-a3-4-w7r7x-runner-bwz6j                1/1     Running     0             6h47m
2026-08-22T22:47:34.8281774Z linux-aarch64-a3-4-w7r7x-runner-bwz6j-workflow       1/1     Running     0             52m
2026-08-22T22:47:34.8282402Z linux-aarch64-a3-4-w7r7x-runner-dhw29                1/1     Running     0             4h16m
2026-08-22T22:47:34.8283027Z linux-aarch64-a3-4-w7r7x-runner-dhw29-workflow       1/1     Running     0             26m
2026-08-22T22:47:34.8283730Z linux-aarch64-a3-4-w7r7x-runner-gtpwc                1/1     Running     0             4h16m
2026-08-22T22:47:34.8284487Z linux-aarch64-a3-4-w7r7x-runner-gtpwc-workflow       1/1     Running     0             29m
2026-08-22T22:47:34.8285128Z linux-aarch64-a3-4-w7r7x-runner-mbqdv                1/1     Running     0             43m
2026-08-22T22:47:34.8285766Z linux-aarch64-a3-4-w7r7x-runner-mbqdv-workflow       1/1     Running     0             4m7s
2026-08-22T22:47:34.8286533Z linux-aarch64-a3-4-w7r7x-runner-njdg6                1/1     Running     0             4h16m
2026-08-22T22:47:34.8287179Z linux-aarch64-a3-4-w7r7x-runner-njdg6-workflow       1/1     Running     0             27m
2026-08-22T22:47:34.8287802Z linux-aarch64-a3-4-w7r7x-runner-nrnks                1/1     Running     0             43m
2026-08-22T22:47:34.8288453Z linux-aarch64-a3-4-w7r7x-runner-nrnks-workflow       1/1     Running     0             4m19s
2026-08-22T22:47:34.8289185Z linux-aarch64-a3-8-5hn6t-runner-7fmd5                1/1     Running     0             4h16m
2026-08-22T22:47:34.8289831Z linux-aarch64-a3-8-5hn6t-runner-7fmd5-workflow       1/1     Running     0             29m
2026-08-22T22:47:34.8290475Z linux-aarch64-a3-8-5hn6t-runner-fn8pn                1/1     Running     0             4h16m
2026-08-22T22:47:34.8291107Z linux-aarch64-a3-8-5hn6t-runner-fn8pn-workflow       1/1     Running     0             29m
2026-08-22T22:47:34.8291740Z linux-aarch64-a3-8-5hn6t-runner-nq5fv                1/1     Running     0             43m
2026-08-22T22:47:34.8292378Z linux-aarch64-a3-8-5hn6t-runner-nq5fv-workflow       1/1     Running     0             4m57s
2026-08-22T22:47:34.8292970Z model-downloader                                     1/1     Running     0             16d
2026-08-22T22:47:34.8293629Z vllm-deepseek-v3-2t-mtp2-pd-89246a-0                 1/1     Running     1 (3s ago)    74m
2026-08-22T22:47:34.8294238Z vllm-deepseek-v3-2t-mtp2-pd-89246a-0-1               1/1     Running     1 (14s ago)   74m
2026-08-22T22:47:34.8294854Z vllm-deepseek-v3-2t-mtp2-pd-89246a-0-2               1/1     Running     1 (11m ago)   74m
2026-08-22T22:47:34.8295454Z vllm-deepseek-v3-2t-mtp2-pd-89246a-0-3               1/1     Running     1 (11m ago)   74m
2026-08-22T22:47:34.8296208Z vllm-kimi-k2-6-w4a8-3-5k-1-5k-tpot50-pd-3301a0-0     0/1     Pending     0             3m29s
2026-08-22T22:47:34.8296887Z vllm-kimi-k2-6-w4a8-3-5k-1-5k-tpot50-pd-3301a0-0-1   0/1     Pending     0             3m28s
2026-08-22T22:47:34.8311854Z Deleting resources for [vllm-deepseek-v3-2t-mtp2-pd-89246a]...
2026-08-22T22:47:34.9000084Z leaderworkerset.leaderworkerset.x-k8s.io "vllm-deepseek-v3-2t-mtp2-pd-89246a" deleted from vllm-project namespace
2026-08-22T22:47:34.9274080Z service "vllm-deepseek-v3-2t-mtp2-pd-89246a-leader" deleted from vllm-project namespace
2026-08-22T22:47:34.9389727Z Waiting for pods of [vllm-deepseek-v3-2t-mtp2-pd-89246a] to fully terminate...
2026-08-22T22:47:35.2472611Z Waiting for pods to terminate: vllm-deepseek-v3-2t-mtp2-pd-89246a-0
2026-08-22T22:47:35.2473083Z vllm-deepseek-v3-2t-mtp2-pd-89246a-0-1
2026-08-22T22:47:35.2473507Z vllm-deepseek-v3-2t-mtp2-pd-89246a-0-2
2026-08-22T22:47:35.2473856Z vllm-deepseek-v3-2t-mtp2-pd-89246a-0-3
2026-08-22T22:47:40.4552981Z Waiting for pods to terminate: vllm-deepseek-v3-2t-mtp2-pd-89246a-0
2026-08-22T22:47:40.4553532Z vllm-deepseek-v3-2t-mtp2-pd-89246a-0-1
2026-08-22T22:47:40.4553913Z vllm-deepseek-v3-2t-mtp2-pd-89246a-0-2
2026-08-22T22:47:40.4554263Z vllm-deepseek-v3-2t-mtp2-pd-89246a-0-3
2026-08-22T22:47:45.6436716Z Waiting for pods to terminate: vllm-deepseek-v3-2t-mtp2-pd-89246a-0
2026-08-22T22:47:45.6437227Z vllm-deepseek-v3-2t-mtp2-pd-89246a-0-1
2026-08-22T22:47:45.6437591Z vllm-deepseek-v3-2t-mtp2-pd-89246a-0-2
2026-08-22T22:47:45.6437928Z vllm-deepseek-v3-2t-mtp2-pd-89246a-0-3
2026-08-22T22:47:50.8542974Z Waiting for pods to terminate: vllm-deepseek-v3-2t-mtp2-pd-89246a-0
2026-08-22T22:47:50.8543540Z vllm-deepseek-v3-2t-mtp2-pd-89246a-0-1
2026-08-22T22:47:50.8543917Z vllm-deepseek-v3-2t-mtp2-pd-89246a-0-2
2026-08-22T22:47:50.8544258Z vllm-deepseek-v3-2t-mtp2-pd-89246a-0-3
2026-08-22T22:47:56.0788981Z Waiting for pods to terminate: vllm-deepseek-v3-2t-mtp2-pd-89246a-0
2026-08-22T22:47:56.0789486Z vllm-deepseek-v3-2t-mtp2-pd-89246a-0-1
2026-08-22T22:47:56.0789851Z vllm-deepseek-v3-2t-mtp2-pd-89246a-0-2
2026-08-22T22:47:56.0790176Z vllm-deepseek-v3-2t-mtp2-pd-89246a-0-3
2026-08-22T22:48:01.2750925Z Waiting for pods to terminate: vllm-deepseek-v3-2t-mtp2-pd-89246a-0
2026-08-22T22:48:01.2751431Z vllm-deepseek-v3-2t-mtp2-pd-89246a-0-1
2026-08-22T22:48:01.2751771Z vllm-deepseek-v3-2t-mtp2-pd-89246a-0-2
2026-08-22T22:48:01.2752107Z vllm-deepseek-v3-2t-mtp2-pd-89246a-0-3
2026-08-22T22:48:06.5048994Z Waiting for pods to terminate: vllm-deepseek-v3-2t-mtp2-pd-89246a-0-1
2026-08-22T22:48:06.5049518Z vllm-deepseek-v3-2t-mtp2-pd-89246a-0-2
2026-08-22T22:48:06.5049867Z vllm-deepseek-v3-2t-mtp2-pd-89246a-0-3
2026-08-22T22:48:11.6972403Z Waiting for pods to terminate: vllm-deepseek-v3-2t-mtp2-pd-89246a-0-1
2026-08-22T22:48:11.6972937Z vllm-deepseek-v3-2t-mtp2-pd-89246a-0-2
2026-08-22T22:48:11.6973315Z vllm-deepseek-v3-2t-mtp2-pd-89246a-0-3
2026-08-22T22:48:16.9610437Z Waiting for pods to terminate: vllm-deepseek-v3-2t-mtp2-pd-89246a-0-1
2026-08-22T22:48:16.9610958Z vllm-deepseek-v3-2t-mtp2-pd-89246a-0-2
2026-08-22T22:48:16.9611308Z vllm-deepseek-v3-2t-mtp2-pd-89246a-0-3
2026-08-22T22:48:22.1872218Z Waiting for pods to terminate: vllm-deepseek-v3-2t-mtp2-pd-89246a-0-1
2026-08-22T22:48:22.1872734Z vllm-deepseek-v3-2t-mtp2-pd-89246a-0-2
2026-08-22T22:48:22.1873101Z vllm-deepseek-v3-2t-mtp2-pd-89246a-0-3
2026-08-22T22:48:27.3745373Z Waiting for pods to terminate: vllm-deepseek-v3-2t-mtp2-pd-89246a-0-1
2026-08-22T22:48:27.3745892Z vllm-deepseek-v3-2t-mtp2-pd-89246a-0-2
2026-08-22T22:48:27.3746344Z vllm-deepseek-v3-2t-mtp2-pd-89246a-0-3
2026-08-22T22:48:32.5586550Z Waiting for pods to terminate: vllm-deepseek-v3-2t-mtp2-pd-89246a-0-1
2026-08-22T22:48:32.5587090Z vllm-deepseek-v3-2t-mtp2-pd-89246a-0-2
2026-08-22T22:48:32.5587469Z vllm-deepseek-v3-2t-mtp2-pd-89246a-0-3
2026-08-22T22:48:37.8185628Z Waiting for pods to terminate: vllm-deepseek-v3-2t-mtp2-pd-89246a-0-1
2026-08-22T22:48:37.8186299Z vllm-deepseek-v3-2t-mtp2-pd-89246a-0-2
2026-08-22T22:48:37.8186652Z vllm-deepseek-v3-2t-mtp2-pd-89246a-0-3
2026-08-22T22:48:43.0152621Z All pods for [vllm-deepseek-v3-2t-mtp2-pd-89246a] have terminated.
2026-08-22T22:48:43.6175989Z ##[group]Run set -euo pipefail
2026-08-22T22:48:43.6176588Z [36;1mset -euo pipefail[0m
2026-08-22T22:48:43.6176868Z [36;1msize="4"[0m
2026-08-22T22:48:43.6177139Z [36;1mDEST="/tmp/collected-logs"[0m
2026-08-22T22:48:43.6177451Z [36;1mPLOG_PATH=/root/ascend/log[0m
2026-08-22T22:48:43.6177755Z [36;1mKUBE_LOG_PATH=/var/log[0m
2026-08-22T22:48:43.6178056Z [36;1mEXT_LOG_PATH=/external-dp[0m
2026-08-22T22:48:43.6178370Z [36;1mfor i in $(seq 0 $((size - 1))); do[0m
2026-08-22T22:48:43.6178686Z [36;1m  if [ "${i}" -eq 0 ]; then[0m
2026-08-22T22:48:43.6178986Z [36;1m    POD="${LWS_NAME}-0"[0m
2026-08-22T22:48:43.6179254Z [36;1m  else[0m
2026-08-22T22:48:43.6179500Z [36;1m    POD="${LWS_NAME}-0-${i}"[0m
2026-08-22T22:48:43.6179791Z [36;1m  fi[0m
2026-08-22T22:48:43.6180158Z [36;1m  mkdir -p "${DEST}/node${i}/${PLOG_PATH}" "${DEST}/node${i}/${KUBE_LOG_PATH}"[0m
2026-08-22T22:48:43.6180593Z [36;1m  # pod stdout.[0m
2026-08-22T22:48:43.6181056Z [36;1m  cp "/tmp/${POD}_logs.txt" "${DEST}/node${i}/${KUBE_LOG_PATH}/" 2>/dev/null || true[0m
2026-08-22T22:48:43.6181512Z [36;1m  # Ascend plogs from PVC.[0m
2026-08-22T22:48:43.6181839Z [36;1m  SRC="${LOG_PREFIX}/node_${i}_plogs"[0m
2026-08-22T22:48:43.6182168Z [36;1m  if [ -d "$SRC" ]; then[0m
2026-08-22T22:48:43.6182552Z [36;1m    cp -r "$SRC"/. "${DEST}/node${i}/${PLOG_PATH}/" 2>/dev/null || true[0m
2026-08-22T22:48:43.6182964Z [36;1m  fi[0m
2026-08-22T22:48:43.6183323Z [36;1m  # External DP packs per-rank raw logs into a single archive per node.[0m
2026-08-22T22:48:43.6183905Z [36;1m  EXT_SRC="${LOG_PREFIX}/node_${i}_external_dp_logs.tar.gz"[0m
2026-08-22T22:48:43.6184299Z [36;1m  if [ -f "$EXT_SRC" ]; then[0m
2026-08-22T22:48:43.6184846Z [36;1m    mkdir -p "${DEST}/node${i}/${EXT_LOG_PATH}"[0m
2026-08-22T22:48:43.6185313Z [36;1m    cp "$EXT_SRC" "${DEST}/node${i}/${EXT_LOG_PATH}/" 2>/dev/null || true[0m
2026-08-22T22:48:43.6185696Z [36;1m  fi[0m
2026-08-22T22:48:43.6185927Z [36;1mdone[0m
2026-08-22T22:48:43.6186312Z [36;1m[0m
2026-08-22T22:48:43.6186632Z [36;1mtar -czf /tmp/ascend-logs.tar.gz -C /tmp collected-logs[0m
2026-08-22T22:48:43.6187120Z shell: bash -el {0}
2026-08-22T22:48:43.6187352Z env:
2026-08-22T22:48:43.6187617Z   LWS_NAME: vllm-deepseek-v3-2t-mtp2-pd-89246a
2026-08-22T22:48:43.6188016Z   LEADER_POD: vllm-deepseek-v3-2t-mtp2-pd-89246a-0
2026-08-22T22:48:43.6188501Z   LOG_PREFIX: /root/.cache/ascend-logs/main/vllm-deepseek-v3-2t-mtp2-pd-89246a
2026-08-22T22:48:43.6188979Z   FAIL_TAG: FAIL_TAG_DeepSeek_V3.2T_MTP2_PD.yaml
2026-08-22T22:48:43.6189296Z ##[endgroup]
2026-08-22T22:48:43.6364390Z ##[group]Run '/home/runner/k8s/index.js'
2026-08-22T22:48:43.6365319Z shell: /home/runner/externals/node20/bin/node {0}
2026-08-22T22:48:43.6365664Z ##[endgroup]
2026-08-22T22:48:44.0685991Z (node:1672) [DEP0005] DeprecationWarning: Buffer() is deprecated due to security and usability issues. Please use the Buffer.alloc(), Buffer.allocUnsafe(), or Buffer.from() methods instead.
2026-08-22T22:48:44.0687162Z (Use `node --trace-deprecation ...` to show where the warning was created)
2026-08-22T22:48:46.0518890Z ##[group]Run ascend-gha-runners/artifact/upload@v0.3
2026-08-22T22:48:46.0519261Z with:
2026-08-22T22:48:46.0519588Z   access_key: ***
2026-08-22T22:48:46.0519906Z   secret_key: ***
2026-08-22T22:48:46.0520193Z   name: DeepSeek_V3.2T_MTP2_PD.yaml-ascend-logs
2026-08-22T22:48:46.0520539Z   path: /tmp/ascend-logs.tar.gz
2026-08-22T22:48:46.0520832Z   retention-days: 7
2026-08-22T22:48:46.0521094Z   if-no-files-found: warn
2026-08-22T22:48:46.0521368Z   bucket: ascend-ci-cache-hk
2026-08-22T22:48:46.0521698Z   endpoint: obs.ap-southeast-1.myhuaweicloud.com
2026-08-22T22:48:46.0522024Z env:
2026-08-22T22:48:46.0522294Z   LWS_NAME: vllm-deepseek-v3-2t-mtp2-pd-89246a
2026-08-22T22:48:46.0522683Z   LEADER_POD: vllm-deepseek-v3-2t-mtp2-pd-89246a-0
2026-08-22T22:48:46.0523159Z   LOG_PREFIX: /root/.cache/ascend-logs/main/vllm-deepseek-v3-2t-mtp2-pd-89246a
2026-08-22T22:48:46.0523760Z   FAIL_TAG: FAIL_TAG_DeepSeek_V3.2T_MTP2_PD.yaml
2026-08-22T22:48:46.0524081Z ##[endgroup]
2026-08-22T22:48:46.0581813Z ##[start-action display=Setup obsutil;id=__ascend-gha-runners_artifact.__run]
2026-08-22T22:48:46.1094056Z ##[group]Run if command -v obsutil &>/dev/null; then
2026-08-22T22:48:46.1094504Z [36;1mif command -v obsutil &>/dev/null; then[0m
2026-08-22T22:48:46.1094913Z [36;1m  echo "obsutil already installed, skipping setup"[0m
2026-08-22T22:48:46.1095272Z [36;1m  exit 0[0m
2026-08-22T22:48:46.1095499Z [36;1mfi[0m
2026-08-22T22:48:46.1095721Z [36;1m{[0m
2026-08-22T22:48:46.1095946Z [36;1m  ARCH=$(uname -m)[0m
2026-08-22T22:48:46.1096474Z [36;1m  if [ "${ARCH}" = "aarch64" ] || [ "${ARCH}" = "arm64" ]; then[0m
2026-08-22T22:48:46.1096871Z [36;1m    OBSUTIL_ARCH="arm64"[0m
2026-08-22T22:48:46.1097148Z [36;1m  else[0m
2026-08-22T22:48:46.1097400Z [36;1m    OBSUTIL_ARCH="amd64"[0m
2026-08-22T22:48:46.1097675Z [36;1m  fi[0m
2026-08-22T22:48:46.1098287Z [36;1m  curl -sSL "https://obs-community.obs.cn-north-1.myhuaweicloud.com/obsutil/current/obsutil_linux_${OBSUTIL_ARCH}.tar.gz" \[0m
2026-08-22T22:48:46.1098963Z [36;1m    -o /tmp/obsutil.tar.gz[0m
2026-08-22T22:48:46.1099288Z [36;1m  tar -xzf /tmp/obsutil.tar.gz -C /tmp[0m
2026-08-22T22:48:46.1099830Z [36;1m  OBSUTIL_DIR=$(find /tmp -maxdepth 1 -name "obsutil_linux_${OBSUTIL_ARCH}_*" -type d | head -1)[0m
2026-08-22T22:48:46.1100357Z [36;1m  chmod +x "${OBSUTIL_DIR}/obsutil"[0m
2026-08-22T22:48:46.1100709Z [36;1m  echo "${OBSUTIL_DIR}" >> $GITHUB_PATH[0m
2026-08-22T22:48:46.1101030Z [36;1m} > /dev/null 2>&1[0m
2026-08-22T22:48:46.1101312Z [36;1mecho "obsutil setup complete"[0m
2026-08-22T22:48:46.1102478Z shell: bash --noprofile --norc -e -o pipefail {0}
2026-08-22T22:48:46.1103031Z env:
2026-08-22T22:48:46.1103304Z   LWS_NAME: vllm-deepseek-v3-2t-mtp2-pd-89246a
2026-08-22T22:48:46.1103814Z   LEADER_POD: vllm-deepseek-v3-2t-mtp2-pd-89246a-0
2026-08-22T22:48:46.1104298Z   LOG_PREFIX: /root/.cache/ascend-logs/main/vllm-deepseek-v3-2t-mtp2-pd-89246a
2026-08-22T22:48:46.1104785Z   FAIL_TAG: FAIL_TAG_DeepSeek_V3.2T_MTP2_PD.yaml
2026-08-22T22:48:46.1105107Z ##[endgroup]
2026-08-22T22:48:46.1199216Z ##[group]Run '/home/runner/k8s/index.js'
2026-08-22T22:48:46.1200118Z shell: /home/runner/externals/node20/bin/node {0}
2026-08-22T22:48:46.1200453Z ##[endgroup]
2026-08-22T22:48:46.5480154Z (node:1871) [DEP0005] DeprecationWarning: Buffer() is deprecated due to security and usability issues. Please use the Buffer.alloc(), Buffer.allocUnsafe(), or Buffer.from() methods instead.
2026-08-22T22:48:46.5481180Z (Use `node --trace-deprecation ...` to show where the warning was created)
2026-08-22T22:48:48.0098507Z obsutil setup complete
2026-08-22T22:48:49.9020490Z ##[end-action id=__ascend-gha-runners_artifact.__run;outcome=success;conclusion=success;duration_ms=3843]
2026-08-22T22:48:49.9023566Z ##[start-action display=Configure obsutil;id=__ascend-gha-runners_artifact.__run_2]
2026-08-22T22:48:49.9571659Z ##[group]Run obsutil config \
2026-08-22T22:48:49.9571984Z [36;1mobsutil config \[0m
2026-08-22T22:48:49.9572364Z [36;1m  -i=*** \[0m
2026-08-22T22:48:49.9572899Z [36;1m  -k=*** \[0m
2026-08-22T22:48:49.9573257Z [36;1m  -e=obs.ap-southeast-1.myhuaweicloud.com > /dev/null 2>&1[0m
2026-08-22T22:48:49.9573770Z [36;1mecho "OBS credentials configured"[0m
2026-08-22T22:48:49.9574432Z shell: bash --noprofile --norc -e -o pipefail {0}
2026-08-22T22:48:49.9574770Z env:
2026-08-22T22:48:49.9575036Z   LWS_NAME: vllm-deepseek-v3-2t-mtp2-pd-89246a
2026-08-22T22:48:49.9575430Z   LEADER_POD: vllm-deepseek-v3-2t-mtp2-pd-89246a-0
2026-08-22T22:48:49.9575909Z   LOG_PREFIX: /root/.cache/ascend-logs/main/vllm-deepseek-v3-2t-mtp2-pd-89246a
2026-08-22T22:48:49.9576554Z   FAIL_TAG: FAIL_TAG_DeepSeek_V3.2T_MTP2_PD.yaml
2026-08-22T22:48:49.9576904Z ##[endgroup]
2026-08-22T22:48:49.9671798Z ##[group]Run '/home/runner/k8s/index.js'
2026-08-22T22:48:49.9672718Z shell: /home/runner/externals/node20/bin/node {0}
2026-08-22T22:48:49.9673065Z ##[endgroup]
2026-08-22T22:48:50.3968990Z (node:2202) [DEP0005] DeprecationWarning: Buffer() is deprecated due to security and usability issues. Please use the Buffer.alloc(), Buffer.allocUnsafe(), or Buffer.from() methods instead.
2026-08-22T22:48:50.3970032Z (Use `node --trace-deprecation ...` to show where the warning was created)
2026-08-22T22:48:51.3693296Z OBS credentials configured
2026-08-22T22:48:52.0304557Z ##[end-action id=__ascend-gha-runners_artifact.__run_2;outcome=success;conclusion=success;duration_ms=2128]
2026-08-22T22:48:52.0307811Z ##[start-action display=Upload artifact;id=__ascend-gha-runners_artifact.upload]
2026-08-22T22:48:52.0895470Z ##[group]Run set -euo pipefail
2026-08-22T22:48:52.0896037Z [36;1mset -euo pipefail[0m
2026-08-22T22:48:52.0896519Z [36;1m[0m
2026-08-22T22:48:52.0896766Z [36;1mBUCKET="ascend-ci-cache-hk"[0m
2026-08-22T22:48:52.0897155Z [36;1mENDPOINT="obs.ap-southeast-1.myhuaweicloud.com"[0m
2026-08-22T22:48:52.0897602Z [36;1mNAME="DeepSeek_V3.2T_MTP2_PD.yaml-ascend-logs"[0m
2026-08-22T22:48:52.0897995Z [36;1mFILE_PATH="/tmp/ascend-logs.tar.gz"[0m
2026-08-22T22:48:52.0898361Z [36;1mREPO="vllm-project/vllm-ascend"[0m
2026-08-22T22:48:52.0898670Z [36;1mRUN_ID="32582635108"[0m
2026-08-22T22:48:52.0898927Z [36;1m[0m
2026-08-22T22:48:52.0899236Z [36;1m# Deterministic path: artifacts/{repo}/{run_id}/{name}/[0m
2026-08-22T22:48:52.0899683Z [36;1mOBJECT_PREFIX="artifacts/${REPO}/${RUN_ID}/${NAME}"[0m
2026-08-22T22:48:52.0900123Z [36;1mMETA_KEY="artifacts/${REPO}/${RUN_ID}/_meta/${NAME}.json"[0m
2026-08-22T22:48:52.0900488Z [36;1m[0m
2026-08-22T22:48:52.0900820Z [36;1m# ── Expand multiline path input into include/exclude lists ──[0m
2026-08-22T22:48:52.0901343Z [36;1m# Supports: single path, directory, glob, multiline, ! exclusions[0m
2026-08-22T22:48:52.0901965Z [36;1mINCLUDE_PATTERNS=()[0m
2026-08-22T22:48:52.0902248Z [36;1mEXCLUDE_PATTERNS=()[0m
2026-08-22T22:48:52.0902588Z [36;1mwhile IFS= read -r line; do[0m
2026-08-22T22:48:52.0903023Z [36;1m  line="${line#"${line%%[![:space:]]*}"}"  # trim leading whitespace[0m
2026-08-22T22:48:52.0903609Z [36;1m  line="${line%"${line##*[![:space:]]}"}"  # trim trailing whitespace[0m
2026-08-22T22:48:52.0904010Z [36;1m  [ -z "${line}" ] && continue[0m
2026-08-22T22:48:52.0904324Z [36;1m  if [[ "${line}" == '!'* ]]; then[0m
2026-08-22T22:48:52.0904656Z [36;1m    EXCLUDE_PATTERNS+=("${line:1}")[0m
2026-08-22T22:48:52.0904962Z [36;1m  else[0m
2026-08-22T22:48:52.0905226Z [36;1m    INCLUDE_PATTERNS+=("${line}")[0m
2026-08-22T22:48:52.0905526Z [36;1m  fi[0m
2026-08-22T22:48:52.0905765Z [36;1mdone <<< "${FILE_PATH}"[0m
2026-08-22T22:48:52.0906038Z [36;1m[0m
2026-08-22T22:48:52.0906499Z [36;1m# Collect matching files using find + glob expansion[0m
2026-08-22T22:48:52.0906888Z [36;1mSTAGING_DIR=$(mktemp -d)[0m
2026-08-22T22:48:52.0907175Z [36;1mFILE_COUNT=0[0m
2026-08-22T22:48:52.0907418Z [36;1m[0m
2026-08-22T22:48:52.0907691Z [36;1mfor PATTERN in "${INCLUDE_PATTERNS[@]}"; do[0m
2026-08-22T22:48:52.0908094Z [36;1m  # Use bash glob expansion; fall back to literal path[0m
2026-08-22T22:48:52.0908619Z [36;1m  shopt -s globstar nullglob[0m
2026-08-22T22:48:52.0908947Z [36;1m  for MATCH in ${PATTERN}; do[0m
2026-08-22T22:48:52.0909266Z [36;1m    [ -e "${MATCH}" ] || continue[0m
2026-08-22T22:48:52.0909592Z [36;1m    if [ -d "${MATCH}" ]; then[0m
2026-08-22T22:48:52.0909916Z [36;1m      while IFS= read -r -d '' f; do[0m
2026-08-22T22:48:52.0910273Z [36;1m        REL="${f#./}"[0m
2026-08-22T22:48:52.0910585Z [36;1m        # Check against exclude patterns[0m
2026-08-22T22:48:52.0910910Z [36;1m        EXCLUDED=false[0m
2026-08-22T22:48:52.0911244Z [36;1m        for EXCL in "${EXCLUDE_PATTERNS[@]}"; do[0m
2026-08-22T22:48:52.0911587Z [36;1m          case "${REL}" in[0m
2026-08-22T22:48:52.0911906Z [36;1m            ${EXCL}) EXCLUDED=true; break ;;[0m
2026-08-22T22:48:52.0912228Z [36;1m          esac[0m
2026-08-22T22:48:52.0912473Z [36;1m        done[0m
2026-08-22T22:48:52.0912757Z [36;1m        if [ "${EXCLUDED}" = "false" ]; then[0m
2026-08-22T22:48:52.0913107Z [36;1m          TARGET="${STAGING_DIR}/${REL}"[0m
2026-08-22T22:48:52.0913541Z [36;1m          mkdir -p "$(dirname "${TARGET}")"[0m
2026-08-22T22:48:52.0913877Z [36;1m          cp "${f}" "${TARGET}"[0m
2026-08-22T22:48:52.0914194Z [36;1m          FILE_COUNT=$((FILE_COUNT + 1))[0m
2026-08-22T22:48:52.0914506Z [36;1m        fi[0m
2026-08-22T22:48:52.0914799Z [36;1m      done < <(find "${MATCH}" -type f -print0)[0m
2026-08-22T22:48:52.0915127Z [36;1m    else[0m
2026-08-22T22:48:52.0915376Z [36;1m      REL="${MATCH#./}"[0m
2026-08-22T22:48:52.0915660Z [36;1m      EXCLUDED=false[0m
2026-08-22T22:48:52.0915976Z [36;1m      for EXCL in "${EXCLUDE_PATTERNS[@]}"; do[0m
2026-08-22T22:48:52.0916472Z [36;1m        case "${REL}" in[0m
2026-08-22T22:48:52.0916782Z [36;1m          ${EXCL}) EXCLUDED=true; break ;;[0m
2026-08-22T22:48:52.0917100Z [36;1m        esac[0m
2026-08-22T22:48:52.0917339Z [36;1m      done[0m
2026-08-22T22:48:52.0917601Z [36;1m      if [ "${EXCLUDED}" = "false" ]; then[0m
2026-08-22T22:48:52.0917948Z [36;1m        TARGET="${STAGING_DIR}/${REL}"[0m
2026-08-22T22:48:52.0918291Z [36;1m        mkdir -p "$(dirname "${TARGET}")"[0m
2026-08-22T22:48:52.0918639Z [36;1m        cp "${MATCH}" "${TARGET}"[0m
2026-08-22T22:48:52.0918962Z [36;1m        FILE_COUNT=$((FILE_COUNT + 1))[0m
2026-08-22T22:48:52.0919263Z [36;1m      fi[0m
2026-08-22T22:48:52.0919492Z [36;1m    fi[0m
2026-08-22T22:48:52.0919710Z [36;1m  done[0m
2026-08-22T22:48:52.0919966Z [36;1m  shopt -u globstar nullglob[0m
2026-08-22T22:48:52.0920246Z [36;1mdone[0m
2026-08-22T22:48:52.0920462Z [36;1m[0m
2026-08-22T22:48:52.0920706Z [36;1m# ── Handle no files found ──[0m
2026-08-22T22:48:52.0921176Z [36;1mif [ "${FILE_COUNT}" -eq 0 ]; then[0m
2026-08-22T22:48:52.0921484Z [36;1m  case "warn" in[0m
2026-08-22T22:48:52.0921743Z [36;1m    error)[0m
2026-08-22T22:48:52.0922065Z [36;1m      echo "::error::No files found for path: ${FILE_PATH}"[0m
2026-08-22T22:48:52.0922442Z [36;1m      exit 1[0m
2026-08-22T22:48:52.0922686Z [36;1m      ;;[0m
2026-08-22T22:48:52.0922910Z [36;1m    warn)[0m
2026-08-22T22:48:52.0923284Z [36;1m      echo "::warning::No files found for path: ${FILE_PATH}, skipping upload"[0m
2026-08-22T22:48:52.0923790Z [36;1m      exit 0[0m
2026-08-22T22:48:52.0924024Z [36;1m      ;;[0m
2026-08-22T22:48:52.0924262Z [36;1m    ignore)[0m
2026-08-22T22:48:52.0924506Z [36;1m      exit 0[0m
2026-08-22T22:48:52.0924747Z [36;1m      ;;[0m
2026-08-22T22:48:52.0924973Z [36;1m  esac[0m
2026-08-22T22:48:52.0925195Z [36;1mfi[0m
2026-08-22T22:48:52.0925428Z [36;1m[0m
2026-08-22T22:48:52.0925663Z [36;1m# ── Upload staged files ──[0m
2026-08-22T22:48:52.0926042Z [36;1mTOTAL_SIZE=$(du -sb "${STAGING_DIR}" | awk '{print $1}')[0m
2026-08-22T22:48:52.0926740Z [36;1mecho "Uploading ${FILE_COUNT} file(s), total size: ${TOTAL_SIZE} bytes"[0m
2026-08-22T22:48:52.0927160Z [36;1m[0m
2026-08-22T22:48:52.0927590Z [36;1m# Upload each top-level entry individually to avoid staging dir name leaking into OBS path[0m
2026-08-22T22:48:52.0928230Z [36;1m> /tmp/obsutil_upload.log[0m
2026-08-22T22:48:52.0928546Z [36;1mfor item in "${STAGING_DIR}"/*; do[0m
2026-08-22T22:48:52.0928873Z [36;1m  [ -e "${item}" ] || continue[0m
2026-08-22T22:48:52.0929410Z [36;1m  if ! obsutil cp "${item}" "obs://${BUCKET}/${OBJECT_PREFIX}/" -r -f >> /tmp/obsutil_upload.log 2>&1; then[0m
2026-08-22T22:48:52.0929962Z [36;1m    echo "::error::Upload failed. See log:"[0m
2026-08-22T22:48:52.0930304Z [36;1m    cat /tmp/obsutil_upload.log[0m
2026-08-22T22:48:52.0930605Z [36;1m    exit 1[0m
2026-08-22T22:48:52.0930832Z [36;1m  fi[0m
2026-08-22T22:48:52.0931052Z [36;1mdone[0m
2026-08-22T22:48:52.0931277Z [36;1m[0m
2026-08-22T22:48:52.0931501Z [36;1mrm -rf "${STAGING_DIR}"[0m
2026-08-22T22:48:52.0931904Z [36;1mecho "Uploaded ${FILE_COUNT} file(s), total size: ${TOTAL_SIZE} bytes"[0m
2026-08-22T22:48:52.0932309Z [36;1m[0m
2026-08-22T22:48:52.0932585Z [36;1m# ── Write metadata ──[0m
2026-08-22T22:48:52.0932937Z [36;1mCREATED_AT=$(date -u +%Y-%m-%dT%H:%M:%SZ)[0m
2026-08-22T22:48:52.0933299Z [36;1mcat > /tmp/_artifact_meta.json <<METAEOF[0m
2026-08-22T22:48:52.0933685Z [36;1m{[0m
2026-08-22T22:48:52.0933923Z [36;1m  "name": "${NAME}",[0m
2026-08-22T22:48:52.0934201Z [36;1m  "repository": "${REPO}",[0m
2026-08-22T22:48:52.0934498Z [36;1m  "run_id": "${RUN_ID}",[0m
2026-08-22T22:48:52.0934817Z [36;1m  "object_prefix": "${OBJECT_PREFIX}",[0m
2026-08-22T22:48:52.0935159Z [36;1m  "file_count": ${FILE_COUNT},[0m
2026-08-22T22:48:52.0935478Z [36;1m  "total_size": ${TOTAL_SIZE},[0m
2026-08-22T22:48:52.0935792Z [36;1m  "created_at": "${CREATED_AT}",[0m
2026-08-22T22:48:52.0936244Z [36;1m  "retention_days": 7,[0m
2026-08-22T22:48:52.0936553Z [36;1m  "workflow": "Weekly-A3",[0m
2026-08-22T22:48:52.0936844Z [36;1m  "job": "e2e",[0m
2026-08-22T22:48:52.0937211Z [36;1m  "sha": "182b75ea84ff13ece27b57391331ef8935410aea"[0m
2026-08-22T22:48:52.0937560Z [36;1m}[0m
2026-08-22T22:48:52.0937784Z [36;1mMETAEOF[0m
2026-08-22T22:48:52.0938022Z [36;1m[0m
2026-08-22T22:48:52.0938453Z [36;1mobsutil cp /tmp/_artifact_meta.json "obs://${BUCKET}/${META_KEY}" > /dev/null 2>&1[0m
2026-08-22T22:48:52.0938919Z [36;1mif [ $? -ne 0 ]; then[0m
2026-08-22T22:48:52.0939371Z [36;1m  echo "::warning::Failed to upload metadata, artifact files were uploaded successfully"[0m
2026-08-22T22:48:52.0939841Z [36;1mfi[0m
2026-08-22T22:48:52.0940050Z [36;1m[0m
2026-08-22T22:48:52.0940274Z [36;1m# ── Set outputs ──[0m
2026-08-22T22:48:52.0940648Z [36;1mARTIFACT_URL="https://${BUCKET}.${ENDPOINT}/${OBJECT_PREFIX}"[0m
2026-08-22T22:48:52.0941116Z [36;1mecho "artifact_id=${OBJECT_PREFIX}" >> $GITHUB_OUTPUT[0m
2026-08-22T22:48:52.0941699Z [36;1mecho "artifact_url=${ARTIFACT_URL}" >> $GITHUB_OUTPUT[0m
2026-08-22T22:48:52.0942046Z [36;1m[0m
2026-08-22T22:48:52.0942335Z [36;1mecho "Artifact '${NAME}' uploaded successfully"[0m
2026-08-22T22:48:52.0942693Z [36;1mecho "  URL: ${ARTIFACT_URL}"[0m
2026-08-22T22:48:52.0943154Z shell: bash --noprofile --norc -e -o pipefail {0}
2026-08-22T22:48:52.0943537Z env:
2026-08-22T22:48:52.0943821Z   LWS_NAME: vllm-deepseek-v3-2t-mtp2-pd-89246a
2026-08-22T22:48:52.0944310Z   LEADER_POD: vllm-deepseek-v3-2t-mtp2-pd-89246a-0
2026-08-22T22:48:52.0944789Z   LOG_PREFIX: /root/.cache/ascend-logs/main/vllm-deepseek-v3-2t-mtp2-pd-89246a
2026-08-22T22:48:52.0945255Z   FAIL_TAG: FAIL_TAG_DeepSeek_V3.2T_MTP2_PD.yaml
2026-08-22T22:48:52.0945576Z ##[endgroup]
2026-08-22T22:48:52.1053797Z ##[group]Run '/home/runner/k8s/index.js'
2026-08-22T22:48:52.1054730Z shell: /home/runner/externals/node20/bin/node {0}
2026-08-22T22:48:52.1055065Z ##[endgroup]
2026-08-22T22:48:52.5449521Z (node:2442) [DEP0005] DeprecationWarning: Buffer() is deprecated due to security and usability issues. Please use the Buffer.alloc(), Buffer.allocUnsafe(), or Buffer.from() methods instead.
2026-08-22T22:48:52.5450564Z (Use `node --trace-deprecation ...` to show where the warning was created)
2026-08-22T22:48:53.4300035Z Uploading 1 file(s), total size: 850309 bytes
2026-08-22T22:48:54.6410009Z ##[error]Upload failed. See log:
2026-08-22T22:48:54.6432482Z Start at 2026-08-22 22:48:53.496301863 +0000 UTC
2026-08-22T22:48:54.6432728Z 
2026-08-22T22:48:54.6432740Z 
2026-08-22T22:48:54.6432918Z Parallel:      5                   Jobs:          5                   
2026-08-22T22:48:54.6433408Z Threshold:     50.00MB             PartSize:      auto                
2026-08-22T22:48:54.6433966Z VerifyLength:  false               VerifyMd5:     false               
2026-08-22T22:48:54.6434392Z CheckpointDir: /root/.obsutil_checkpoint     
2026-08-22T22:48:54.6434631Z 
2026-08-22T22:48:54.6434791Z Task id: 047fca39-f44f-4988-ae20-40c19dc77346
2026-08-22T22:48:54.6435138Z OutputDir: /root/.obsutil_output         
2026-08-22T22:48:54.6435351Z 
2026-08-22T22:48:54.6435596Z [--------->________________________________________] 19.46% tps:0.00 ?/s 2/2 160.00KB/822.38KB 108ms
2026-08-22T22:48:54.6436201Z Succeed count:      0         Failed count:       2         
2026-08-22T22:48:54.6436601Z Succeed bytes:      0B        
2026-08-22T22:48:54.6437084Z Metrics [max cost:107 ms, min cost:105 ms, average cost:106.00 ms, average tps:18.02, transferred size:0B]
2026-08-22T22:48:54.6437471Z 
2026-08-22T22:48:54.6437600Z Task id: 047fca39-f44f-4988-ae20-40c19dc77346
2026-08-22T22:48:54.7350198Z ##[error]Error: failed to run script step: Error: command terminated with non-zero exit code: command terminated with exit code 1
2026-08-22T22:48:54.7410886Z ##[error]Process completed with exit code 1.
2026-08-22T22:48:54.7517153Z ##[error]Executing the custom container implementation failed. Please contact your self hosted runner administrator.
2026-08-22T22:48:54.7524162Z ##[end-action id=__ascend-gha-runners_artifact.upload;outcome=failure;conclusion=failure;duration_ms=2721]
2026-08-22T22:48:54.9553822Z ##[group]Run actions/upload-artifact@v7
2026-08-22T22:48:54.9554150Z with:
2026-08-22T22:48:54.9554422Z   name: main-DeepSeek_V3.2T_MTP2_PD-ascend-logs
2026-08-22T22:48:54.9554779Z   path: /tmp/ascend-logs.tar.gz
2026-08-22T22:48:54.9555067Z   retention-days: 7
2026-08-22T22:48:54.9555325Z   if-no-files-found: warn
2026-08-22T22:48:54.9555593Z   compression-level: 6
2026-08-22T22:48:54.9555843Z   overwrite: false
2026-08-22T22:48:54.9556268Z   include-hidden-files: false
2026-08-22T22:48:54.9556571Z   archive: true
2026-08-22T22:48:54.9556804Z env:
2026-08-22T22:48:54.9557085Z   LWS_NAME: vllm-deepseek-v3-2t-mtp2-pd-89246a
2026-08-22T22:48:54.9557474Z   LEADER_POD: vllm-deepseek-v3-2t-mtp2-pd-89246a-0
2026-08-22T22:48:54.9557976Z   LOG_PREFIX: /root/.cache/ascend-logs/main/vllm-deepseek-v3-2t-mtp2-pd-89246a
2026-08-22T22:48:54.9558622Z   FAIL_TAG: FAIL_TAG_DeepSeek_V3.2T_MTP2_PD.yaml
2026-08-22T22:48:54.9558945Z ##[endgroup]
2026-08-22T22:48:54.9592068Z ##[group]Run '/home/runner/k8s/index.js'
2026-08-22T22:48:54.9592996Z shell: /home/runner/externals/node20/bin/node {0}
2026-08-22T22:48:54.9593334Z ##[endgroup]
2026-08-22T22:48:55.3933243Z (node:2578) [DEP0005] DeprecationWarning: Buffer() is deprecated due to security and usability issues. Please use the Buffer.alloc(), Buffer.allocUnsafe(), or Buffer.from() methods instead.
2026-08-22T22:48:55.3934262Z (Use `node --trace-deprecation ...` to show where the warning was created)
2026-08-22T22:48:56.7406466Z With the provided path, there will be 1 file uploaded
2026-08-22T22:48:56.7410966Z Artifact name is valid!
2026-08-22T22:48:56.7411472Z Root directory input is valid!
2026-08-22T22:48:57.6678678Z Uploading artifact: main-DeepSeek_V3.2T_MTP2_PD-ascend-logs.zip
2026-08-22T22:48:57.7364271Z Beginning upload of artifact content to blob storage
2026-08-22T22:49:00.0147582Z Uploaded bytes 835025
2026-08-22T22:49:00.2438790Z Finished uploading artifact content to blob storage!
2026-08-22T22:49:00.2439466Z SHA256 digest of uploaded artifact is be7bf0e4c63e02d9a8430258a3b0bd63147f1b27c8c3b38bb6faa5020fcaf9e2
2026-08-22T22:49:00.2440060Z Finalizing artifact upload
2026-08-22T22:49:01.1141082Z Artifact main-DeepSeek_V3.2T_MTP2_PD-ascend-logs successfully finalized. Artifact ID 9483521391
2026-08-22T22:49:01.1141996Z Artifact main-DeepSeek_V3.2T_MTP2_PD-ascend-logs has been successfully uploaded! Final size is 835025 bytes. Artifact ID is 9483521391
2026-08-22T22:49:01.1145769Z Artifact download URL: https://github.com/vllm-project/vllm-ascend/actions/runs/32582635108/artifacts/9483521391
2026-08-22T22:49:02.2638094Z ##[group]Run echo "artifact_ts=$(date -u +%Y%m%dT%H%M%SZ)" >> $GITHUB_OUTPUT
2026-08-22T22:49:02.2638687Z [36;1mecho "artifact_ts=$(date -u +%Y%m%dT%H%M%SZ)" >> $GITHUB_OUTPUT[0m
2026-08-22T22:49:02.2639186Z shell: bash -el {0}
2026-08-22T22:49:02.2639425Z env:
2026-08-22T22:49:02.2639723Z   LWS_NAME: vllm-deepseek-v3-2t-mtp2-pd-89246a
2026-08-22T22:49:02.2640123Z   LEADER_POD: vllm-deepseek-v3-2t-mtp2-pd-89246a-0
2026-08-22T22:49:02.2640629Z   LOG_PREFIX: /root/.cache/ascend-logs/main/vllm-deepseek-v3-2t-mtp2-pd-89246a
2026-08-22T22:49:02.2641110Z   FAIL_TAG: FAIL_TAG_DeepSeek_V3.2T_MTP2_PD.yaml
2026-08-22T22:49:02.2641442Z ##[endgroup]
2026-08-22T22:49:02.2834598Z ##[group]Run '/home/runner/k8s/index.js'
2026-08-22T22:49:02.2835552Z shell: /home/runner/externals/node20/bin/node {0}
2026-08-22T22:49:02.2835891Z ##[endgroup]
2026-08-22T22:49:02.7381344Z (node:2849) [DEP0005] DeprecationWarning: Buffer() is deprecated due to security and usability issues. Please use the Buffer.alloc(), Buffer.allocUnsafe(), or Buffer.from() methods instead.
2026-08-22T22:49:02.7382382Z (Use `node --trace-deprecation ...` to show where the warning was created)
2026-08-22T22:49:05.7595677Z ##[group]Run ascend-gha-runners/artifact/upload@v0.3
2026-08-22T22:49:05.7596046Z with:
2026-08-22T22:49:05.7596594Z   access_key: ***
2026-08-22T22:49:05.7596928Z   secret_key: ***
2026-08-22T22:49:05.7597332Z   name: nightly-test-benchmark-results-DeepSeek_V3.2T_MTP2_PD-20260822T224903Z
2026-08-22T22:49:05.7597833Z   path: /tmp/benchmark_results/
2026-08-22T22:49:05.7598133Z   if-no-files-found: warn
2026-08-22T22:49:05.7598419Z   retention-days: 90
2026-08-22T22:49:05.7598683Z   bucket: ascend-ci-cache-hk
2026-08-22T22:49:05.7599016Z   endpoint: obs.ap-southeast-1.myhuaweicloud.com
2026-08-22T22:49:05.7599346Z env:
2026-08-22T22:49:05.7599618Z   LWS_NAME: vllm-deepseek-v3-2t-mtp2-pd-89246a
2026-08-22T22:49:05.7600009Z   LEADER_POD: vllm-deepseek-v3-2t-mtp2-pd-89246a-0
2026-08-22T22:49:05.7600503Z   LOG_PREFIX: /root/.cache/ascend-logs/main/vllm-deepseek-v3-2t-mtp2-pd-89246a
2026-08-22T22:49:05.7600974Z   FAIL_TAG: FAIL_TAG_DeepSeek_V3.2T_MTP2_PD.yaml
2026-08-22T22:49:05.7601345Z ##[endgroup]
2026-08-22T22:49:05.7606559Z ##[start-action display=Setup obsutil;id=__ascend-gha-runners_artifact_2.__run]
2026-08-22T22:49:05.8544254Z ##[group]Run if command -v obsutil &>/dev/null; then
2026-08-22T22:49:05.8544679Z [36;1mif command -v obsutil &>/dev/null; then[0m
2026-08-22T22:49:05.8545092Z [36;1m  echo "obsutil already installed, skipping setup"[0m
2026-08-22T22:49:05.8545469Z [36;1m  exit 0[0m
2026-08-22T22:49:05.8545705Z [36;1mfi[0m
2026-08-22T22:49:05.8545936Z [36;1m{[0m
2026-08-22T22:49:05.8546353Z [36;1m  ARCH=$(uname -m)[0m
2026-08-22T22:49:05.8546732Z [36;1m  if [ "${ARCH}" = "aarch64" ] || [ "${ARCH}" = "arm64" ]; then[0m
2026-08-22T22:49:05.8547132Z [36;1m    OBSUTIL_ARCH="arm64"[0m
2026-08-22T22:49:05.8547436Z [36;1m  else[0m
2026-08-22T22:49:05.8547701Z [36;1m    OBSUTIL_ARCH="amd64"[0m
2026-08-22T22:49:05.8547984Z [36;1m  fi[0m
2026-08-22T22:49:05.8548617Z [36;1m  curl -sSL "https://obs-community.obs.cn-north-1.myhuaweicloud.com/obsutil/current/obsutil_linux_${OBSUTIL_ARCH}.tar.gz" \[0m
2026-08-22T22:49:05.8549286Z [36;1m    -o /tmp/obsutil.tar.gz[0m
2026-08-22T22:49:05.8549628Z [36;1m  tar -xzf /tmp/obsutil.tar.gz -C /tmp[0m
2026-08-22T22:49:05.8550178Z [36;1m  OBSUTIL_DIR=$(find /tmp -maxdepth 1 -name "obsutil_linux_${OBSUTIL_ARCH}_*" -type d | head -1)[0m
2026-08-22T22:49:05.8550722Z [36;1m  chmod +x "${OBSUTIL_DIR}/obsutil"[0m
2026-08-22T22:49:05.8551078Z [36;1m  echo "${OBSUTIL_DIR}" >> $GITHUB_PATH[0m
2026-08-22T22:49:05.8551414Z [36;1m} > /dev/null 2>&1[0m
2026-08-22T22:49:05.8551708Z [36;1mecho "obsutil setup complete"[0m
2026-08-22T22:49:05.8552144Z shell: bash --noprofile --norc -e -o pipefail {0}
2026-08-22T22:49:05.8552473Z env:
2026-08-22T22:49:05.8552748Z   LWS_NAME: vllm-deepseek-v3-2t-mtp2-pd-89246a
2026-08-22T22:49:05.8553150Z   LEADER_POD: vllm-deepseek-v3-2t-mtp2-pd-89246a-0
2026-08-22T22:49:05.8553703Z   LOG_PREFIX: /root/.cache/ascend-logs/main/vllm-deepseek-v3-2t-mtp2-pd-89246a
2026-08-22T22:49:05.8554296Z   FAIL_TAG: FAIL_TAG_DeepSeek_V3.2T_MTP2_PD.yaml
2026-08-22T22:49:05.8554644Z ##[endgroup]
2026-08-22T22:49:05.8635243Z ##[group]Run '/home/runner/k8s/index.js'
2026-08-22T22:49:05.8636372Z shell: /home/runner/externals/node20/bin/node {0}
2026-08-22T22:49:05.8636716Z ##[endgroup]
2026-08-22T22:49:06.3034653Z (node:3272) [DEP0005] DeprecationWarning: Buffer() is deprecated due to security and usability issues. Please use the Buffer.alloc(), Buffer.allocUnsafe(), or Buffer.from() methods instead.
2026-08-22T22:49:06.3035694Z (Use `node --trace-deprecation ...` to show where the warning was created)
2026-08-22T22:49:07.2632113Z obsutil already installed, skipping setup
2026-08-22T22:49:08.0051365Z ##[end-action id=__ascend-gha-runners_artifact_2.__run;outcome=success;conclusion=success;duration_ms=2244]
2026-08-22T22:49:08.0054237Z ##[start-action display=Configure obsutil;id=__ascend-gha-runners_artifact_2.__run_2]
2026-08-22T22:49:08.0507708Z ##[group]Run obsutil config \
2026-08-22T22:49:08.0508225Z [36;1mobsutil config \[0m
2026-08-22T22:49:08.0508622Z [36;1m  -i=*** \[0m
2026-08-22T22:49:08.0508994Z [36;1m  -k=*** \[0m
2026-08-22T22:49:08.0509370Z [36;1m  -e=obs.ap-southeast-1.myhuaweicloud.com > /dev/null 2>&1[0m
2026-08-22T22:49:08.0509810Z [36;1mecho "OBS credentials configured"[0m
2026-08-22T22:49:08.0510236Z shell: bash --noprofile --norc -e -o pipefail {0}
2026-08-22T22:49:08.0510572Z env:
2026-08-22T22:49:08.0510847Z   LWS_NAME: vllm-deepseek-v3-2t-mtp2-pd-89246a
2026-08-22T22:49:08.0511238Z   LEADER_POD: vllm-deepseek-v3-2t-mtp2-pd-89246a-0
2026-08-22T22:49:08.0511738Z   LOG_PREFIX: /root/.cache/ascend-logs/main/vllm-deepseek-v3-2t-mtp2-pd-89246a
2026-08-22T22:49:08.0512220Z   FAIL_TAG: FAIL_TAG_DeepSeek_V3.2T_MTP2_PD.yaml
2026-08-22T22:49:08.0512565Z ##[endgroup]
2026-08-22T22:49:08.0598998Z ##[group]Run '/home/runner/k8s/index.js'
2026-08-22T22:49:08.0599928Z shell: /home/runner/externals/node20/bin/node {0}
2026-08-22T22:49:08.0600266Z ##[endgroup]
2026-08-22T22:49:08.4873217Z (node:3588) [DEP0005] DeprecationWarning: Buffer() is deprecated due to security and usability issues. Please use the Buffer.alloc(), Buffer.allocUnsafe(), or Buffer.from() methods instead.
2026-08-22T22:49:08.4874611Z (Use `node --trace-deprecation ...` to show where the warning was created)
2026-08-22T22:49:09.5478816Z OBS credentials configured
2026-08-22T22:49:10.2578322Z ##[end-action id=__ascend-gha-runners_artifact_2.__run_2;outcome=success;conclusion=success;duration_ms=2252]
2026-08-22T22:49:10.2580922Z ##[start-action display=Upload artifact;id=__ascend-gha-runners_artifact_2.upload]
2026-08-22T22:49:10.3051101Z ##[group]Run set -euo pipefail
2026-08-22T22:49:10.3051624Z [36;1mset -euo pipefail[0m
2026-08-22T22:49:10.3051902Z [36;1m[0m
2026-08-22T22:49:10.3052169Z [36;1mBUCKET="ascend-ci-cache-hk"[0m
2026-08-22T22:49:10.3052565Z [36;1mENDPOINT="obs.ap-southeast-1.myhuaweicloud.com"[0m
2026-08-22T22:49:10.3053140Z [36;1mNAME="nightly-test-benchmark-results-DeepSeek_V3.2T_MTP2_PD-20260822T224903Z"[0m
2026-08-22T22:49:10.3053768Z [36;1mFILE_PATH="/tmp/benchmark_results/"[0m
2026-08-22T22:49:10.3054133Z [36;1mREPO="vllm-project/vllm-ascend"[0m
2026-08-22T22:49:10.3054469Z [36;1mRUN_ID="32582635108"[0m
2026-08-22T22:49:10.3054748Z [36;1m[0m
2026-08-22T22:49:10.3055074Z [36;1m# Deterministic path: artifacts/{repo}/{run_id}/{name}/[0m
2026-08-22T22:49:10.3055535Z [36;1mOBJECT_PREFIX="artifacts/${REPO}/${RUN_ID}/${NAME}"[0m
2026-08-22T22:49:10.3055995Z [36;1mMETA_KEY="artifacts/${REPO}/${RUN_ID}/_meta/${NAME}.json"[0m
2026-08-22T22:49:10.3056552Z [36;1m[0m
2026-08-22T22:49:10.3056908Z [36;1m# ── Expand multiline path input into include/exclude lists ──[0m
2026-08-22T22:49:10.3057432Z [36;1m# Supports: single path, directory, glob, multiline, ! exclusions[0m
2026-08-22T22:49:10.3057866Z [36;1mINCLUDE_PATTERNS=()[0m
2026-08-22T22:49:10.3058156Z [36;1mEXCLUDE_PATTERNS=()[0m
2026-08-22T22:49:10.3058457Z [36;1mwhile IFS= read -r line; do[0m
2026-08-22T22:49:10.3058880Z [36;1m  line="${line#"${line%%[![:space:]]*}"}"  # trim leading whitespace[0m
2026-08-22T22:49:10.3059390Z [36;1m  line="${line%"${line##*[![:space:]]}"}"  # trim trailing whitespace[0m
2026-08-22T22:49:10.3059808Z [36;1m  [ -z "${line}" ] && continue[0m
2026-08-22T22:49:10.3060136Z [36;1m  if [[ "${line}" == '!'* ]]; then[0m
2026-08-22T22:49:10.3060481Z [36;1m    EXCLUDE_PATTERNS+=("${line:1}")[0m
2026-08-22T22:49:10.3060793Z [36;1m  else[0m
2026-08-22T22:49:10.3061058Z [36;1m    INCLUDE_PATTERNS+=("${line}")[0m
2026-08-22T22:49:10.3061359Z [36;1m  fi[0m
2026-08-22T22:49:10.3061612Z [36;1mdone <<< "${FILE_PATH}"[0m
2026-08-22T22:49:10.3061888Z [36;1m[0m
2026-08-22T22:49:10.3062192Z [36;1m# Collect matching files using find + glob expansion[0m
2026-08-22T22:49:10.3062573Z [36;1mSTAGING_DIR=$(mktemp -d)[0m
2026-08-22T22:49:10.3062876Z [36;1mFILE_COUNT=0[0m
2026-08-22T22:49:10.3063123Z [36;1m[0m
2026-08-22T22:49:10.3063395Z [36;1mfor PATTERN in "${INCLUDE_PATTERNS[@]}"; do[0m
2026-08-22T22:49:10.3064087Z [36;1m  # Use bash glob expansion; fall back to literal path[0m
2026-08-22T22:49:10.3064490Z [36;1m  shopt -s globstar nullglob[0m
2026-08-22T22:49:10.3064811Z [36;1m  for MATCH in ${PATTERN}; do[0m
2026-08-22T22:49:10.3065143Z [36;1m    [ -e "${MATCH}" ] || continue[0m
2026-08-22T22:49:10.3065465Z [36;1m    if [ -d "${MATCH}" ]; then[0m
2026-08-22T22:49:10.3065798Z [36;1m      while IFS= read -r -d '' f; do[0m
2026-08-22T22:49:10.3066266Z [36;1m        REL="${f#./}"[0m
2026-08-22T22:49:10.3066582Z [36;1m        # Check against exclude patterns[0m
2026-08-22T22:49:10.3066927Z [36;1m        EXCLUDED=false[0m
2026-08-22T22:49:10.3067259Z [36;1m        for EXCL in "${EXCLUDE_PATTERNS[@]}"; do[0m
2026-08-22T22:49:10.3067617Z [36;1m          case "${REL}" in[0m
2026-08-22T22:49:10.3067946Z [36;1m            ${EXCL}) EXCLUDED=true; break ;;[0m
2026-08-22T22:49:10.3068283Z [36;1m          esac[0m
2026-08-22T22:49:10.3068541Z [36;1m        done[0m
2026-08-22T22:49:10.3068841Z [36;1m        if [ "${EXCLUDED}" = "false" ]; then[0m
2026-08-22T22:49:10.3069196Z [36;1m          TARGET="${STAGING_DIR}/${REL}"[0m
2026-08-22T22:49:10.3069691Z [36;1m          mkdir -p "$(dirname "${TARGET}")"[0m
2026-08-22T22:49:10.3070031Z [36;1m          cp "${f}" "${TARGET}"[0m
2026-08-22T22:49:10.3070362Z [36;1m          FILE_COUNT=$((FILE_COUNT + 1))[0m
2026-08-22T22:49:10.3070677Z [36;1m        fi[0m
2026-08-22T22:49:10.3071009Z [36;1m      done < <(find "${MATCH}" -type f -print0)[0m
2026-08-22T22:49:10.3071348Z [36;1m    else[0m
2026-08-22T22:49:10.3071602Z [36;1m      REL="${MATCH#./}"[0m
2026-08-22T22:49:10.3071899Z [36;1m      EXCLUDED=false[0m
2026-08-22T22:49:10.3072220Z [36;1m      for EXCL in "${EXCLUDE_PATTERNS[@]}"; do[0m
2026-08-22T22:49:10.3072566Z [36;1m        case "${REL}" in[0m
2026-08-22T22:49:10.3072884Z [36;1m          ${EXCL}) EXCLUDED=true; break ;;[0m
2026-08-22T22:49:10.3073204Z [36;1m        esac[0m
2026-08-22T22:49:10.3073444Z [36;1m      done[0m
2026-08-22T22:49:10.3073793Z [36;1m      if [ "${EXCLUDED}" = "false" ]; then[0m
2026-08-22T22:49:10.3074139Z [36;1m        TARGET="${STAGING_DIR}/${REL}"[0m
2026-08-22T22:49:10.3074501Z [36;1m        mkdir -p "$(dirname "${TARGET}")"[0m
2026-08-22T22:49:10.3074842Z [36;1m        cp "${MATCH}" "${TARGET}"[0m
2026-08-22T22:49:10.3075178Z [36;1m        FILE_COUNT=$((FILE_COUNT + 1))[0m
2026-08-22T22:49:10.3075482Z [36;1m      fi[0m
2026-08-22T22:49:10.3075722Z [36;1m    fi[0m
2026-08-22T22:49:10.3075948Z [36;1m  done[0m
2026-08-22T22:49:10.3076368Z [36;1m  shopt -u globstar nullglob[0m
2026-08-22T22:49:10.3076660Z [36;1mdone[0m
2026-08-22T22:49:10.3076898Z [36;1m[0m
2026-08-22T22:49:10.3077140Z [36;1m# ── Handle no files found ──[0m
2026-08-22T22:49:10.3077468Z [36;1mif [ "${FILE_COUNT}" -eq 0 ]; then[0m
2026-08-22T22:49:10.3077783Z [36;1m  case "warn" in[0m
2026-08-22T22:49:10.3078052Z [36;1m    error)[0m
2026-08-22T22:49:10.3078384Z [36;1m      echo "::error::No files found for path: ${FILE_PATH}"[0m
2026-08-22T22:49:10.3078767Z [36;1m      exit 1[0m
2026-08-22T22:49:10.3079017Z [36;1m      ;;[0m
2026-08-22T22:49:10.3079248Z [36;1m    warn)[0m
2026-08-22T22:49:10.3079640Z [36;1m      echo "::warning::No files found for path: ${FILE_PATH}, skipping upload"[0m
2026-08-22T22:49:10.3080066Z [36;1m      exit 0[0m
2026-08-22T22:49:10.3080316Z [36;1m      ;;[0m
2026-08-22T22:49:10.3080549Z [36;1m    ignore)[0m
2026-08-22T22:49:10.3080799Z [36;1m      exit 0[0m
2026-08-22T22:49:10.3081039Z [36;1m      ;;[0m
2026-08-22T22:49:10.3081269Z [36;1m  esac[0m
2026-08-22T22:49:10.3081495Z [36;1mfi[0m
2026-08-22T22:49:10.3081730Z [36;1m[0m
2026-08-22T22:49:10.3081965Z [36;1m# ── Upload staged files ──[0m
2026-08-22T22:49:10.3082357Z [36;1mTOTAL_SIZE=$(du -sb "${STAGING_DIR}" | awk '{print $1}')[0m
2026-08-22T22:49:10.3082873Z [36;1mecho "Uploading ${FILE_COUNT} file(s), total size: ${TOTAL_SIZE} bytes"[0m
2026-08-22T22:49:10.3083292Z [36;1m[0m
2026-08-22T22:49:10.3083904Z [36;1m# Upload each top-level entry individually to avoid staging dir name leaking into OBS path[0m
2026-08-22T22:49:10.3084437Z [36;1m> /tmp/obsutil_upload.log[0m
2026-08-22T22:49:10.3084771Z [36;1mfor item in "${STAGING_DIR}"/*; do[0m
2026-08-22T22:49:10.3085100Z [36;1m  [ -e "${item}" ] || continue[0m
2026-08-22T22:49:10.3085647Z [36;1m  if ! obsutil cp "${item}" "obs://${BUCKET}/${OBJECT_PREFIX}/" -r -f >> /tmp/obsutil_upload.log 2>&1; then[0m
2026-08-22T22:49:10.3086366Z [36;1m    echo "::error::Upload failed. See log:"[0m
2026-08-22T22:49:10.3086731Z [36;1m    cat /tmp/obsutil_upload.log[0m
2026-08-22T22:49:10.3087033Z [36;1m    exit 1[0m
2026-08-22T22:49:10.3087285Z [36;1m  fi[0m
2026-08-22T22:49:10.3087514Z [36;1mdone[0m
2026-08-22T22:49:10.3087745Z [36;1m[0m
2026-08-22T22:49:10.3087981Z [36;1mrm -rf "${STAGING_DIR}"[0m
2026-08-22T22:49:10.3088401Z [36;1mecho "Uploaded ${FILE_COUNT} file(s), total size: ${TOTAL_SIZE} bytes"[0m
2026-08-22T22:49:10.3088819Z [36;1m[0m
2026-08-22T22:49:10.3089068Z [36;1m# ── Write metadata ──[0m
2026-08-22T22:49:10.3089398Z [36;1mCREATED_AT=$(date -u +%Y-%m-%dT%H:%M:%SZ)[0m
2026-08-22T22:49:10.3089873Z [36;1mcat > /tmp/_artifact_meta.json <<METAEOF[0m
2026-08-22T22:49:10.3090195Z [36;1m{[0m
2026-08-22T22:49:10.3090441Z [36;1m  "name": "${NAME}",[0m
2026-08-22T22:49:10.3090734Z [36;1m  "repository": "${REPO}",[0m
2026-08-22T22:49:10.3091037Z [36;1m  "run_id": "${RUN_ID}",[0m
2026-08-22T22:49:10.3091371Z [36;1m  "object_prefix": "${OBJECT_PREFIX}",[0m
2026-08-22T22:49:10.3091709Z [36;1m  "file_count": ${FILE_COUNT},[0m
2026-08-22T22:49:10.3092037Z [36;1m  "total_size": ${TOTAL_SIZE},[0m
2026-08-22T22:49:10.3092356Z [36;1m  "created_at": "${CREATED_AT}",[0m
2026-08-22T22:49:10.3092687Z [36;1m  "retention_days": 90,[0m
2026-08-22T22:49:10.3092991Z [36;1m  "workflow": "Weekly-A3",[0m
2026-08-22T22:49:10.3093291Z [36;1m  "job": "e2e",[0m
2026-08-22T22:49:10.3093687Z [36;1m  "sha": "182b75ea84ff13ece27b57391331ef8935410aea"[0m
2026-08-22T22:49:10.3094054Z [36;1m}[0m
2026-08-22T22:49:10.3094277Z [36;1mMETAEOF[0m
2026-08-22T22:49:10.3094514Z [36;1m[0m
2026-08-22T22:49:10.3094919Z [36;1mobsutil cp /tmp/_artifact_meta.json "obs://${BUCKET}/${META_KEY}" > /dev/null 2>&1[0m
2026-08-22T22:49:10.3095411Z [36;1mif [ $? -ne 0 ]; then[0m
2026-08-22T22:49:10.3095891Z [36;1m  echo "::warning::Failed to upload metadata, artifact files were uploaded successfully"[0m
2026-08-22T22:49:10.3096547Z [36;1mfi[0m
2026-08-22T22:49:10.3096787Z [36;1m[0m
2026-08-22T22:49:10.3097017Z [36;1m# ── Set outputs ──[0m
2026-08-22T22:49:10.3097408Z [36;1mARTIFACT_URL="https://${BUCKET}.${ENDPOINT}/${OBJECT_PREFIX}"[0m
2026-08-22T22:49:10.3097891Z [36;1mecho "artifact_id=${OBJECT_PREFIX}" >> $GITHUB_OUTPUT[0m
2026-08-22T22:49:10.3098334Z [36;1mecho "artifact_url=${ARTIFACT_URL}" >> $GITHUB_OUTPUT[0m
2026-08-22T22:49:10.3098693Z [36;1m[0m
2026-08-22T22:49:10.3098978Z [36;1mecho "Artifact '${NAME}' uploaded successfully"[0m
2026-08-22T22:49:10.3099350Z [36;1mecho "  URL: ${ARTIFACT_URL}"[0m
2026-08-22T22:49:10.3099775Z shell: bash --noprofile --norc -e -o pipefail {0}
2026-08-22T22:49:10.3100117Z env:
2026-08-22T22:49:10.3100399Z   LWS_NAME: vllm-deepseek-v3-2t-mtp2-pd-89246a
2026-08-22T22:49:10.3100790Z   LEADER_POD: vllm-deepseek-v3-2t-mtp2-pd-89246a-0
2026-08-22T22:49:10.3101287Z   LOG_PREFIX: /root/.cache/ascend-logs/main/vllm-deepseek-v3-2t-mtp2-pd-89246a
2026-08-22T22:49:10.3101763Z   FAIL_TAG: FAIL_TAG_DeepSeek_V3.2T_MTP2_PD.yaml
2026-08-22T22:49:10.3102105Z ##[endgroup]
2026-08-22T22:49:10.3214983Z ##[group]Run '/home/runner/k8s/index.js'
2026-08-22T22:49:10.3215903Z shell: /home/runner/externals/node20/bin/node {0}
2026-08-22T22:49:10.3216430Z ##[endgroup]
2026-08-22T22:49:10.7531308Z (node:3920) [DEP0005] DeprecationWarning: Buffer() is deprecated due to security and usability issues. Please use the Buffer.alloc(), Buffer.allocUnsafe(), or Buffer.from() methods instead.
2026-08-22T22:49:10.7532563Z (Use `node --trace-deprecation ...` to show where the warning was created)
2026-08-22T22:49:11.7937865Z ##[warning]No files found for path: /tmp/benchmark_results/, skipping upload
2026-08-22T22:49:12.4982855Z ##[end-action id=__ascend-gha-runners_artifact_2.upload;outcome=success;conclusion=success;duration_ms=2240]
2026-08-22T22:49:12.5611494Z ##[group]Run actions/upload-artifact@v7
2026-08-22T22:49:12.5611831Z with:
2026-08-22T22:49:12.5612253Z   name: nightly-test-benchmark-results-main-DeepSeek_V3.2T_MTP2_PD-20260822T224903Z
2026-08-22T22:49:12.5612763Z   path: /tmp/benchmark_results/
2026-08-22T22:49:12.5613063Z   if-no-files-found: warn
2026-08-22T22:49:12.5613347Z   retention-days: 90
2026-08-22T22:49:12.5613685Z   compression-level: 0
2026-08-22T22:49:12.5613958Z   overwrite: false
2026-08-22T22:49:12.5614221Z   include-hidden-files: false
2026-08-22T22:49:12.5614512Z   archive: true
2026-08-22T22:49:12.5614752Z env:
2026-08-22T22:49:12.5615034Z   LWS_NAME: vllm-deepseek-v3-2t-mtp2-pd-89246a
2026-08-22T22:49:12.5615437Z   LEADER_POD: vllm-deepseek-v3-2t-mtp2-pd-89246a-0
2026-08-22T22:49:12.5615942Z   LOG_PREFIX: /root/.cache/ascend-logs/main/vllm-deepseek-v3-2t-mtp2-pd-89246a
2026-08-22T22:49:12.5616802Z   FAIL_TAG: FAIL_TAG_DeepSeek_V3.2T_MTP2_PD.yaml
2026-08-22T22:49:12.5617146Z ##[endgroup]
2026-08-22T22:49:12.5638991Z ##[group]Run '/home/runner/k8s/index.js'
2026-08-22T22:49:12.5639944Z shell: /home/runner/externals/node20/bin/node {0}
2026-08-22T22:49:12.5640279Z ##[endgroup]
2026-08-22T22:49:12.9999858Z (node:4268) [DEP0005] DeprecationWarning: Buffer() is deprecated due to security and usability issues. Please use the Buffer.alloc(), Buffer.allocUnsafe(), or Buffer.from() methods instead.
2026-08-22T22:49:13.0000882Z (Use `node --trace-deprecation ...` to show where the warning was created)
2026-08-22T22:49:14.1281502Z ##[warning]No files were found with the provided path: /tmp/benchmark_results/. No artifacts will be uploaded.
2026-08-22T22:49:14.9173090Z Post job cleanup.
2026-08-22T22:49:14.9205710Z ##[group]Run '/home/runner/k8s/index.js'
2026-08-22T22:49:14.9206854Z shell: /home/runner/externals/node20/bin/node {0}
2026-08-22T22:49:14.9207208Z ##[endgroup]
2026-08-22T22:49:15.3534939Z (node:4630) [DEP0005] DeprecationWarning: Buffer() is deprecated due to security and usability issues. Please use the Buffer.alloc(), Buffer.allocUnsafe(), or Buffer.from() methods instead.
2026-08-22T22:49:15.3535969Z (Use `node --trace-deprecation ...` to show where the warning was created)
2026-08-22T22:49:16.3987561Z [command]/usr/bin/git version
2026-08-22T22:49:16.4148556Z git version 2.34.1
2026-08-22T22:49:16.4176612Z Copying '/root/.gitconfig' to '/__w/_temp/15911fc4-9594-4a04-b0f1-cfdbe1206b83/.gitconfig'
2026-08-22T22:49:16.4183891Z Temporarily overriding HOME='/__w/_temp/15911fc4-9594-4a04-b0f1-cfdbe1206b83' before making global git config changes
2026-08-22T22:49:16.4184704Z Adding repository directory to the temporary git global config as a safe directory
2026-08-22T22:49:16.4188946Z [command]/usr/bin/git config --global --add safe.directory /__w/vllm-ascend/vllm-ascend
2026-08-22T22:49:16.4224503Z Removing SSH command configuration
2026-08-22T22:49:16.4230509Z [command]/usr/bin/git config --local --name-only --get-regexp core\.sshCommand
2026-08-22T22:49:16.4287976Z [command]/usr/bin/git submodule foreach --recursive sh -c "git config --local --name-only --get-regexp 'core\.sshCommand' && git config --local --unset-all 'core.sshCommand' || :"
2026-08-22T22:49:16.4755844Z Removing HTTP extra header
2026-08-22T22:49:16.4760058Z [command]/usr/bin/git config --local --name-only --get-regexp http\.https\:\/\/github\.com\/\.extraheader
2026-08-22T22:49:16.4790691Z [command]/usr/bin/git submodule foreach --recursive sh -c "git config --local --name-only --get-regexp 'http\.https\:\/\/github\.com\/\.extraheader' && git config --local --unset-all 'http.https://github.com/.extraheader' || :"
2026-08-22T22:49:16.4988660Z Removing includeIf entries pointing to credentials config files
2026-08-22T22:49:16.4994714Z [command]/usr/bin/git config --local --name-only --get-regexp ^includeIf\.gitdir:
2026-08-22T22:49:16.5015820Z includeif.gitdir:/__w/vllm-ascend/vllm-ascend/.git.path
2026-08-22T22:49:16.5016458Z includeif.gitdir:/__w/vllm-ascend/vllm-ascend/.git/worktrees/*.path
2026-08-22T22:49:16.5016938Z includeif.gitdir:/github/workspace/.git.path
2026-08-22T22:49:16.5017345Z includeif.gitdir:/github/workspace/.git/worktrees/*.path
2026-08-22T22:49:16.5023585Z [command]/usr/bin/git config --local --get-all includeif.gitdir:/__w/vllm-ascend/vllm-ascend/.git.path
2026-08-22T22:49:16.5043735Z /__w/_temp/git-credentials-2681f84f-4404-4597-a594-8af44fcd5265.config
2026-08-22T22:49:16.5052134Z [command]/usr/bin/git config --local --unset includeif.gitdir:/__w/vllm-ascend/vllm-ascend/.git.path \/__w\/_temp\/git\-credentials\-2681f84f\-4404\-4597\-a594\-8af44fcd5265\.config
2026-08-22T22:49:16.5086693Z [command]/usr/bin/git config --local --get-all includeif.gitdir:/__w/vllm-ascend/vllm-ascend/.git/worktrees/*.path
2026-08-22T22:49:16.5106994Z /__w/_temp/git-credentials-2681f84f-4404-4597-a594-8af44fcd5265.config
2026-08-22T22:49:16.5115378Z [command]/usr/bin/git config --local --unset includeif.gitdir:/__w/vllm-ascend/vllm-ascend/.git/worktrees/*.path \/__w\/_temp\/git\-credentials\-2681f84f\-4404\-4597\-a594\-8af44fcd5265\.config
2026-08-22T22:49:16.5144095Z [command]/usr/bin/git config --local --get-all includeif.gitdir:/github/workspace/.git.path
2026-08-22T22:49:16.5170222Z /github/runner_temp/git-credentials-2681f84f-4404-4597-a594-8af44fcd5265.config
2026-08-22T22:49:16.5177164Z [command]/usr/bin/git config --local --unset includeif.gitdir:/github/workspace/.git.path \/github\/runner_temp\/git\-credentials\-2681f84f\-4404\-4597\-a594\-8af44fcd5265\.config
2026-08-22T22:49:16.5205804Z [command]/usr/bin/git config --local --get-all includeif.gitdir:/github/workspace/.git/worktrees/*.path
2026-08-22T22:49:16.5226513Z /github/runner_temp/git-credentials-2681f84f-4404-4597-a594-8af44fcd5265.config
2026-08-22T22:49:16.5233633Z [command]/usr/bin/git config --local --unset includeif.gitdir:/github/workspace/.git/worktrees/*.path \/github\/runner_temp\/git\-credentials\-2681f84f\-4404\-4597\-a594\-8af44fcd5265\.config
2026-08-22T22:49:16.5264720Z [command]/usr/bin/git submodule foreach --recursive git config --local --show-origin --name-only --get-regexp remote.origin.url
2026-08-22T22:49:16.5459121Z Removing credentials config '/__w/_temp/git-credentials-2681f84f-4404-4597-a594-8af44fcd5265.config'
2026-08-22T22:49:38.3140542Z ##[group]Run '/home/runner/k8s/index.js'
2026-08-22T22:49:38.3141537Z shell: /home/runner/externals/node20/bin/node {0}
2026-08-22T22:49:38.3141887Z ##[endgroup]
2026-08-22T22:49:38.7925196Z Cleaning up orphan processes
